policyholder_id,policy_id,first_name,last_name,email,state,age,product_line,acquisition_channel,issue_date,annual_premium,renewal_premium,coverage_amount,autopay_enrolled,policies_held,policy_status,churned
PH0100001,POL0500001,Christopher,Brown,christopher.brown1@example.com,CA,75,Home,Agent,2019-01-31,1096.52,1406.78,65791.0,True,3,in_force,0
PH0100002,POL0500002,Linda,Anderson,linda.anderson2@example.com,MI,45,Umbrella,Agent,2016-01-27,2884.05,2906.47,173043.0,False,2,in_force,0
PH0100003,POL0500003,David,Anderson,david.anderson3@example.com,NJ,51,Auto,Direct,2017-10-28,1320.42,1382.26,79225.0,True,3,in_force,0
PH0100004,POL0500004,Anthony,Johnson,anthony.johnson4@example.com,WA,48,Auto,Agent,2020-07-01,1325.15,1383.22,79509.0,True,3,in_force,0
PH0100005,POL0500005,Christopher,Anderson,christopher.anderson5@example.com,FL,44,Home,Direct,2017-07-25,2374.73,2425.6,142484.0,True,2,in_force,0
PH0100006,POL0500006,Karen,Miller,karen.miller6@example.com,FL,51,Home,Direct,2024-07-20,3701.2,3871.18,222072.0,True,2,in_force,1
PH0100007,POL0500007,Richard,Perez,richard.perez7@example.com,NJ,51,Life,Broker,2020-11-29,1037.21,1054.74,155582.0,True,1,in_force,0
PH0100008,POL0500008,Linda,Williams,linda.williams8@example.com,MA,30,Auto,Direct,2019-09-15,1411.61,1426.73,84697.0,True,3,in_force,0
PH0100009,POL0500009,Joseph,Jones,joseph.jones9@example.com,OH,39,Home,Agent,2019-02-14,3448.36,4475.16,206902.0,False,1,in_force,0
PH0100010,POL0500010,Charles,White,charles.white10@example.com,NC,31,Auto,Agent,2024-05-21,810.46,847.72,48628.0,True,1,in_force,0
PH0100011,POL0500011,Karen,Johnson,karen.johnson11@example.com,MI,33,Auto,Direct,2020-09-13,2458.73,2490.79,147524.0,False,2,in_force,1
PH0100012,POL0500012,Mark,Davis,mark.davis12@example.com,IL,46,Home,Direct,2017-10-08,2901.33,3044.54,174080.0,False,1,in_force,0
PH0100013,POL0500013,Mark,Jones,mark.jones13@example.com,PA,35,Auto,Direct,2017-03-14,1147.43,1159.51,68846.0,True,3,in_force,0
PH0100014,POL0500014,Patricia,Williams,patricia.williams14@example.com,MA,72,Life,Agent,2017-09-02,3320.7,3345.29,498105.0,True,2,in_force,0
PH0100015,POL0500015,Jennifer,White,jennifer.white15@example.com,MA,49,Umbrella,Agent,2020-08-13,1503.78,1511.91,90227.0,False,2,in_force,0
PH0100016,POL0500016,David,Garcia,david.garcia16@example.com,MI,44,Auto,Direct,2016-06-05,2040.6,2072.6,122436.0,True,3,in_force,0
PH0100017,POL0500017,Karen,Jackson,karen.jackson17@example.com,PA,53,Umbrella,Agent,2022-02-22,1622.4,1686.14,97344.0,True,2,in_force,0
PH0100018,POL0500018,Thomas,Perez,thomas.perez18@example.com,NJ,67,Auto,Agent,2019-10-04,2802.95,2830.86,168177.0,True,1,in_force,0
PH0100019,POL0500019,Joseph,Wilson,joseph.wilson19@example.com,MA,68,Home,Broker,2022-06-15,2232.01,2305.23,133921.0,True,1,in_force,1
PH0100020,POL0500020,Christopher,Davis,christopher.davis20@example.com,PA,56,Auto,Direct,2016-11-13,1400.38,1462.91,84023.0,True,1,in_force,0
PH0100021,POL0500021,Jessica,Davis,jessica.davis21@example.com,PA,55,Auto,Broker,2021-06-12,1725.61,1760.49,103537.0,True,2,in_force,0
PH0100022,POL0500022,Sarah,Smith,sarah.smith22@example.com,MA,53,Life,Agent,2022-08-21,918.63,958.45,137794.0,True,2,in_force,1
PH0100023,POL0500023,Patricia,Jackson,patricia.jackson23@example.com,CA,47,Auto,Broker,2022-06-16,1919.29,1926.58,115157.0,False,3,in_force,1
PH0100024,POL0500024,Christopher,Rodriguez,christopher.rodriguez24@example.com,MI,62,Home,Broker,2024-09-07,2043.84,2071.27,122630.0,False,1,in_force,0
PH0100025,POL0500025,John,Davis,john.davis25@example.com,VA,54,Life,Agent,2021-06-24,2859.95,2930.14,428992.0,False,1,in_force,0
PH0100026,POL0500026,Patricia,Ramirez,patricia.ramirez26@example.com,CA,64,Home,Broker,2019-03-10,2059.5,2064.79,123570.0,False,2,in_force,1
PH0100027,POL0500027,David,Perez,david.perez27@example.com,TX,38,Home,Direct,2018-09-09,890.21,1085.26,53413.0,True,2,in_force,0
PH0100028,POL0500028,Karen,White,karen.white28@example.com,AZ,64,Home,Agent,2019-03-28,2149.83,2193.1,128990.0,True,3,in_force,0
PH0100029,POL0500029,Mark,Wilson,mark.wilson29@example.com,VA,48,Auto,Agent,2022-10-08,942.25,981.63,56535.0,True,1,in_force,0
PH0100030,POL0500030,Susan,Hernandez,susan.hernandez30@example.com,IL,70,Umbrella,Agent,2017-03-04,1705.37,1729.95,102322.0,False,3,in_force,0
PH0100031,POL0500031,Patricia,Lee,patricia.lee31@example.com,AZ,37,Auto,Direct,2021-08-03,2278.39,2373.48,136703.0,False,1,in_force,0
PH0100032,POL0500032,Matthew,Sanchez,matthew.sanchez32@example.com,AZ,54,Umbrella,Direct,2019-10-24,1504.95,1925.93,90297.0,False,3,in_force,1
PH0100033,POL0500033,Joseph,Robinson,joseph.robinson33@example.com,IL,40,Home,Direct,2023-10-27,1875.51,1914.03,112531.0,True,2,in_force,0
PH0100034,POL0500034,Richard,Perez,richard.perez34@example.com,WA,69,Home,Agent,2017-09-15,1053.99,1071.49,63239.0,True,2,in_force,0
PH0100035,POL0500035,Jessica,Ramirez,jessica.ramirez35@example.com,NC,30,Auto,Agent,2022-12-04,2669.72,2802.86,160183.0,False,2,in_force,0
PH0100036,POL0500036,Daniel,Ramirez,daniel.ramirez36@example.com,TX,56,Auto,Direct,2017-11-12,3540.96,4586.08,212458.0,True,2,in_force,0
PH0100037,POL0500037,John,Anderson,john.anderson37@example.com,IL,65,Auto,Broker,2019-05-10,2859.0,2902.19,171540.0,False,2,in_force,1
PH0100038,POL0500038,Matthew,Sanchez,matthew.sanchez38@example.com,NY,66,Home,Agent,2019-12-14,2636.85,2731.9,158211.0,False,1,in_force,1
PH0100039,POL0500039,Christopher,Johnson,christopher.johnson39@example.com,PA,56,Life,Direct,2016-05-16,2993.55,3547.13,449032.0,False,1,in_force,0
PH0100040,POL0500040,James,Rodriguez,james.rodriguez40@example.com,NC,35,Auto,Direct,2021-02-05,2520.59,2639.09,151235.0,True,1,in_force,0
PH0100041,POL0500041,Karen,Wilson,karen.wilson41@example.com,PA,30,Auto,Agent,2023-09-28,2068.83,2157.32,124130.0,True,3,in_force,0
PH0100042,POL0500042,Robert,Jones,robert.jones42@example.com,NC,44,Auto,Agent,2017-12-15,1071.77,1114.02,64306.0,True,1,in_force,0
PH0100043,POL0500043,Joseph,Lee,joseph.lee43@example.com,CA,31,Umbrella,Broker,2021-05-15,2014.08,2571.43,120845.0,True,1,in_force,1
PH0100044,POL0500044,Anthony,Williams,anthony.williams44@example.com,TX,55,Auto,Direct,2017-01-30,3247.66,3342.89,194860.0,True,2,in_force,1
PH0100045,POL0500045,Margaret,Moore,margaret.moore45@example.com,WA,67,Auto,Direct,2022-11-18,734.01,764.45,44041.0,True,1,in_force,1
PH0100046,POL0500046,Michael,Martinez,michael.martinez46@example.com,NY,77,Umbrella,Direct,2017-07-16,1576.23,1937.86,94574.0,True,1,in_force,0
PH0100047,POL0500047,Linda,Wilson,linda.wilson47@example.com,MI,53,Auto,Broker,2021-11-16,3435.68,3473.74,206141.0,False,1,in_force,1
PH0100048,POL0500048,Joseph,Williams,joseph.williams48@example.com,GA,56,Auto,Direct,2023-01-30,2542.54,2551.97,152552.0,True,1,in_force,0
PH0100049,POL0500049,Christopher,Garcia,christopher.garcia49@example.com,CA,43,Home,Broker,2023-12-08,2327.02,2369.36,139621.0,False,2,in_force,0
PH0100050,POL0500050,Nancy,Thompson,nancy.thompson50@example.com,AZ,75,Life,Agent,2023-09-08,2717.28,2766.44,407592.0,True,1,in_force,0
PH0100051,POL0500051,Jennifer,Garcia,jennifer.garcia51@example.com,AZ,72,Life,Agent,2024-08-24,2957.79,3549.78,443668.0,False,2,in_force,1
PH0100052,POL0500052,Betty,Anderson,betty.anderson52@example.com,NY,62,Auto,Broker,2018-09-06,3542.72,3662.87,212563.0,True,2,in_force,0
PH0100053,POL0500053,Mark,Taylor,mark.taylor53@example.com,FL,55,Home,Broker,2017-01-10,3480.82,3553.03,208849.0,True,2,in_force,1
PH0100054,POL0500054,Lisa,Martin,lisa.martin54@example.com,NC,55,Umbrella,Direct,2017-03-31,1410.45,1653.69,84627.0,True,3,in_force,1
PH0100055,POL0500055,Betty,Taylor,betty.taylor55@example.com,NC,29,Umbrella,Broker,2020-05-18,789.31,804.04,47359.0,False,2,in_force,0
PH0100056,POL0500056,Matthew,Jackson,matthew.jackson56@example.com,VA,76,Home,Agent,2019-09-23,1777.36,1834.48,106642.0,False,3,in_force,0
PH0100057,POL0500057,Michael,Johnson,michael.johnson57@example.com,WA,40,Auto,Direct,2016-06-20,2299.23,2361.66,137954.0,True,3,in_force,0
PH0100058,POL0500058,David,Sanchez,david.sanchez58@example.com,TX,74,Auto,Broker,2020-10-04,2577.85,2648.16,154671.0,True,1,in_force,0
PH0100059,POL0500059,Richard,Jackson,richard.jackson59@example.com,CA,66,Auto,Broker,2017-09-20,3686.24,3826.89,221174.0,True,3,in_force,0
PH0100060,POL0500060,Joseph,Garcia,joseph.garcia60@example.com,MA,73,Auto,Direct,2020-12-28,2787.09,2863.73,167225.0,True,2,in_force,0
PH0100061,POL0500061,Sandra,Thompson,sandra.thompson61@example.com,NJ,39,Life,Agent,2020-01-20,1038.36,1045.57,155754.0,False,1,in_force,0
PH0100062,POL0500062,Elizabeth,Garcia,elizabeth.garcia62@example.com,FL,48,Home,Direct,2023-12-15,3681.95,3734.24,220917.0,True,1,in_force,1
PH0100063,POL0500063,Charles,Jones,charles.jones63@example.com,FL,70,Auto,Direct,2023-01-01,1730.38,1733.94,103823.0,False,1,in_force,0
PH0100064,POL0500064,Patricia,Johnson,patricia.johnson64@example.com,PA,52,Home,Agent,2022-11-25,3730.59,3882.33,223835.0,False,3,in_force,1
PH0100065,POL0500065,Michael,Jackson,michael.jackson65@example.com,IL,31,Auto,Broker,2016-07-26,2562.06,2648.21,153724.0,True,1,in_force,0
PH0100066,POL0500066,Thomas,Anderson,thomas.anderson66@example.com,WA,63,Umbrella,Direct,2019-02-19,2827.28,3773.06,169637.0,True,2,in_force,0
PH0100067,POL0500067,Betty,Thomas,betty.thomas67@example.com,NC,57,Life,Direct,2017-09-02,1097.3,1114.78,164595.0,True,3,in_force,0
PH0100068,POL0500068,Charles,Martinez,charles.martinez68@example.com,WA,74,Auto,Agent,2023-09-19,2560.11,2644.03,153607.0,False,3,in_force,1
PH0100069,POL0500069,Charles,Thomas,charles.thomas69@example.com,FL,61,Auto,Direct,2023-01-20,3128.74,3257.28,187724.0,True,3,in_force,0
PH0100070,POL0500070,Joseph,Hernandez,joseph.hernandez70@example.com,OH,37,Auto,Agent,2020-08-18,1963.21,2053.57,117793.0,False,3,in_force,0
PH0100071,POL0500071,Thomas,Miller,thomas.miller71@example.com,NC,48,Home,Direct,2023-06-05,1855.84,1898.49,111350.0,True,3,in_force,0
PH0100072,POL0500072,John,Lopez,john.lopez72@example.com,MA,56,Auto,Broker,2023-05-10,1334.76,1352.85,80086.0,True,2,in_force,0
PH0100073,POL0500073,Mark,Clark,mark.clark73@example.com,FL,30,Umbrella,Broker,2020-06-14,1246.2,1300.55,74772.0,True,1,in_force,0
PH0100074,POL0500074,Anthony,Wilson,anthony.wilson74@example.com,NC,48,Home,Agent,2016-12-21,1241.3,1478.63,74478.0,True,2,in_force,0
PH0100075,POL0500075,Christopher,Robinson,christopher.robinson75@example.com,PA,51,Home,Agent,2022-11-22,3713.55,3798.03,222813.0,False,2,in_force,1
PH0100076,POL0500076,Mary,Martinez,mary.martinez76@example.com,OH,39,Home,Broker,2024-08-15,1848.27,1889.72,110896.0,False,2,in_force,0
PH0100077,POL0500077,Linda,Clark,linda.clark77@example.com,MA,74,Auto,Direct,2022-06-17,2563.34,2604.44,153800.0,True,1,in_force,1
PH0100078,POL0500078,Linda,Ramirez,linda.ramirez78@example.com,NY,47,Home,Broker,2023-12-08,3577.17,3750.27,214630.0,True,1,in_force,0
PH0100079,POL0500079,Sandra,Davis,sandra.davis79@example.com,NC,48,Auto,Broker,2024-09-11,2142.0,2175.03,128520.0,True,2,in_force,1
PH0100080,POL0500080,Lisa,Thomas,lisa.thomas80@example.com,WA,48,Auto,Direct,2018-04-12,1974.58,1996.43,118475.0,True,2,in_force,0
PH0100081,POL0500081,Jennifer,Robinson,jennifer.robinson81@example.com,MA,62,Auto,Direct,2023-03-13,758.24,794.07,45494.0,False,1,in_force,1
PH0100082,POL0500082,Anthony,Lopez,anthony.lopez82@example.com,PA,53,Auto,Broker,2016-11-19,2118.79,2192.65,127127.0,True,1,in_force,0
PH0100083,POL0500083,Matthew,Johnson,matthew.johnson83@example.com,TX,53,Home,Direct,2020-04-02,2173.22,2249.59,130393.0,True,2,in_force,0
PH0100084,POL0500084,Mark,Taylor,mark.taylor84@example.com,MA,30,Home,Direct,2018-07-30,2171.6,2467.71,130296.0,False,3,in_force,1
PH0100085,POL0500085,Richard,Harris,richard.harris85@example.com,VA,36,Auto,Agent,2023-09-24,2252.54,2258.59,135152.0,True,1,in_force,0
PH0100086,POL0500086,Robert,White,robert.white86@example.com,OH,48,Auto,Agent,2020-01-17,666.62,678.62,39997.0,True,1,in_force,0
PH0100087,POL0500087,David,Thomas,david.thomas87@example.com,FL,32,Home,Direct,2017-11-15,1997.53,2005.21,119852.0,True,1,in_force,0
PH0100088,POL0500088,Betty,Davis,betty.davis88@example.com,IL,52,Umbrella,Broker,2019-02-22,1818.05,1836.21,109083.0,False,1,in_force,1
PH0100089,POL0500089,Richard,Moore,richard.moore89@example.com,NC,72,Life,Agent,2020-09-09,3180.31,3322.71,477046.0,True,3,in_force,0
PH0100090,POL0500090,Betty,Wilson,betty.wilson90@example.com,TX,28,Auto,Agent,2017-02-07,2284.16,2350.46,137050.0,True,2,in_force,0
PH0100091,POL0500091,Joseph,Hernandez,joseph.hernandez91@example.com,TX,47,Umbrella,Agent,2016-07-02,722.27,726.22,43336.0,False,3,in_force,0
PH0100092,POL0500092,Patricia,Rodriguez,patricia.rodriguez92@example.com,NJ,59,Auto,Direct,2021-12-01,2560.31,2635.46,153619.0,True,2,in_force,0
PH0100093,POL0500093,Daniel,Sanchez,daniel.sanchez93@example.com,PA,67,Auto,Agent,2022-08-14,1652.19,1661.85,99131.0,True,1,in_force,0
PH0100094,POL0500094,Jennifer,Thomas,jennifer.thomas94@example.com,PA,36,Auto,Broker,2018-02-05,2632.11,2757.38,157927.0,True,1,in_force,0
PH0100095,POL0500095,Thomas,Lee,thomas.lee95@example.com,GA,54,Home,Broker,2023-09-05,2922.46,2946.9,175348.0,True,1,in_force,1
PH0100096,POL0500096,Patricia,White,patricia.white96@example.com,AZ,69,Home,Direct,2024-06-04,3449.39,4062.76,206963.0,False,1,in_force,0
PH0100097,POL0500097,Matthew,Sanchez,matthew.sanchez97@example.com,NY,41,Life,Direct,2024-04-09,3405.36,3478.26,510804.0,True,1,in_force,0
PH0100098,POL0500098,Charles,Lopez,charles.lopez98@example.com,NC,45,Life,Agent,2022-09-10,1685.69,1710.08,252854.0,True,3,in_force,0
PH0100099,POL0500099,Robert,Harris,robert.harris99@example.com,WA,54,Auto,Agent,2016-08-30,2894.56,3335.04,173674.0,True,1,in_force,1
PH0100100,POL0500100,Margaret,Williams,margaret.williams100@example.com,WA,62,Home,Broker,2020-06-17,3289.51,3342.61,197371.0,True,3,in_force,0
PH0100101,POL0500101,Jennifer,Ramirez,jennifer.ramirez101@example.com,MA,45,Auto,Direct,2017-01-17,1451.25,1516.83,87075.0,True,2,in_force,1
PH0100102,POL0500102,Matthew,Davis,matthew.davis102@example.com,OH,69,Auto,Agent,2017-01-08,653.48,657.82,39209.0,True,3,in_force,0
PH0100103,POL0500103,Robert,Gonzalez,robert.gonzalez103@example.com,WA,76,Auto,Agent,2017-06-29,868.92,895.44,52135.0,True,2,in_force,0
PH0100104,POL0500104,Mark,Brown,mark.brown104@example.com,FL,76,Life,Broker,2017-05-19,1774.91,1845.11,266236.0,True,3,in_force,0
PH0100105,POL0500105,Thomas,Robinson,thomas.robinson105@example.com,NY,37,Auto,Broker,2022-01-06,2526.6,2608.69,151596.0,True,2,in_force,0
PH0100106,POL0500106,Margaret,Davis,margaret.davis106@example.com,CA,43,Home,Agent,2016-12-19,2100.79,2133.28,126047.0,False,3,in_force,0
PH0100107,POL0500107,Mary,Thomas,mary.thomas107@example.com,AZ,64,Auto,Agent,2017-11-14,1466.37,1827.48,87982.0,False,1,in_force,0
PH0100108,POL0500108,Linda,Johnson,linda.johnson108@example.com,GA,51,Home,Agent,2020-04-17,3629.71,3730.05,217783.0,False,3,in_force,0
PH0100109,POL0500109,Thomas,Perez,thomas.perez109@example.com,MA,31,Home,Direct,2018-01-04,3790.52,3803.58,227431.0,True,2,in_force,0
PH0100110,POL0500110,Sarah,Anderson,sarah.anderson110@example.com,CA,51,Auto,Direct,2018-04-01,3160.42,3198.75,189625.0,True,2,in_force,0
PH0100111,POL0500111,Lisa,Lewis,lisa.lewis111@example.com,NC,76,Home,Agent,2018-10-01,3633.67,4502.63,218020.0,True,3,in_force,0
PH0100112,POL0500112,James,Harris,james.harris112@example.com,NJ,52,Auto,Direct,2024-04-11,982.64,994.34,58958.0,True,1,in_force,0
PH0100113,POL0500113,Christopher,Clark,christopher.clark113@example.com,OH,32,Life,Agent,2022-08-21,2041.95,2066.12,306292.0,True,2,in_force,0
PH0100114,POL0500114,Sarah,Lopez,sarah.lopez114@example.com,WA,41,Auto,Broker,2021-01-25,1498.03,1729.74,89882.0,False,3,in_force,1
PH0100115,POL0500115,Lisa,Moore,lisa.moore115@example.com,NY,34,Auto,Agent,2021-03-07,1038.65,1341.74,62319.0,True,1,in_force,0
PH0100116,POL0500116,Charles,Jackson,charles.jackson116@example.com,PA,32,Auto,Agent,2016-03-30,3537.99,3560.77,212279.0,False,2,in_force,1
PH0100117,POL0500117,Richard,Sanchez,richard.sanchez117@example.com,VA,50,Life,Broker,2021-05-18,1750.91,1779.07,262636.0,True,1,in_force,0
PH0100118,POL0500118,Sarah,Clark,sarah.clark118@example.com,WA,75,Umbrella,Agent,2016-08-17,2492.21,2540.61,149533.0,False,1,in_force,0
PH0100119,POL0500119,Daniel,Robinson,daniel.robinson119@example.com,FL,77,Umbrella,Direct,2017-03-30,3404.14,3467.73,204248.0,False,2,in_force,0
PH0100120,POL0500120,Elizabeth,White,elizabeth.white120@example.com,VA,46,Home,Agent,2017-06-05,3686.12,3758.29,221167.0,False,3,in_force,1
PH0100121,POL0500121,Patricia,Williams,patricia.williams121@example.com,IL,38,Home,Agent,2020-03-17,2400.55,2411.73,144033.0,True,3,in_force,0
PH0100122,POL0500122,Susan,Lee,susan.lee122@example.com,FL,66,Home,Agent,2020-11-13,974.02,983.27,58441.0,False,3,in_force,0
PH0100123,POL0500123,Patricia,Smith,patricia.smith123@example.com,NY,38,Auto,Agent,2023-02-27,2165.43,2799.19,129926.0,True,3,in_force,1
PH0100124,POL0500124,Mary,Wilson,mary.wilson124@example.com,TX,71,Home,Agent,2020-11-18,3319.15,3470.3,199149.0,False,1,in_force,1
PH0100125,POL0500125,Anthony,Thomas,anthony.thomas125@example.com,AZ,72,Auto,Agent,2023-09-06,1080.03,1103.96,64802.0,False,2,in_force,0
PH0100126,POL0500126,Michael,Anderson,michael.anderson126@example.com,NY,54,Home,Direct,2024-04-22,3425.0,3513.24,205500.0,True,2,in_force,1
PH0100127,POL0500127,Sarah,Lopez,sarah.lopez127@example.com,IL,38,Auto,Agent,2018-11-25,1562.22,1574.94,93733.0,True,1,in_force,0
PH0100128,POL0500128,Sandra,Jones,sandra.jones128@example.com,NJ,39,Umbrella,Agent,2022-09-28,1366.06,1430.47,81964.0,False,3,in_force,1
PH0100129,POL0500129,Karen,Martinez,karen.martinez129@example.com,PA,71,Home,Agent,2017-03-18,1726.11,1754.17,103567.0,True,3,in_force,0
PH0100130,POL0500130,Elizabeth,Miller,elizabeth.miller130@example.com,FL,61,Home,Agent,2024-08-01,3227.38,3324.21,193643.0,False,3,in_force,1
PH0100131,POL0500131,William,White,william.white131@example.com,VA,42,Life,Broker,2023-09-12,3550.88,3640.95,532632.0,False,3,in_force,0
PH0100132,POL0500132,Jessica,Jones,jessica.jones132@example.com,VA,44,Umbrella,Direct,2024-02-18,3091.34,3196.4,185480.0,True,1,in_force,0
PH0100133,POL0500133,Charles,Jackson,charles.jackson133@example.com,MI,32,Home,Direct,2021-04-18,1033.41,1060.79,62005.0,True,1,in_force,0
PH0100134,POL0500134,Matthew,Garcia,matthew.garcia134@example.com,GA,76,Auto,Agent,2024-09-28,2616.34,2669.11,156980.0,False,2,in_force,0
PH0100135,POL0500135,Linda,White,linda.white135@example.com,FL,41,Auto,Direct,2024-03-25,2264.83,2890.93,135890.0,False,2,in_force,1
PH0100136,POL0500136,Anthony,Lewis,anthony.lewis136@example.com,TX,60,Life,Agent,2024-01-23,1554.66,1593.35,233199.0,True,2,in_force,0
PH0100137,POL0500137,Barbara,Thompson,barbara.thompson137@example.com,OH,46,Auto,Direct,2017-10-18,2238.34,2342.77,134300.0,True,1,in_force,0
PH0100138,POL0500138,Mark,Rodriguez,mark.rodriguez138@example.com,NJ,42,Auto,Direct,2021-02-13,2135.69,2474.06,128141.0,True,2,in_force,1
PH0100139,POL0500139,Susan,Robinson,susan.robinson139@example.com,MI,58,Auto,Broker,2022-05-19,1230.03,1252.08,73802.0,True,3,in_force,0
PH0100140,POL0500140,Mark,Jones,mark.jones140@example.com,GA,59,Home,Broker,2017-04-07,797.11,809.63,47827.0,False,3,in_force,0
PH0100141,POL0500141,Lisa,Jackson,lisa.jackson141@example.com,NY,70,Life,Direct,2019-10-17,2852.37,2914.1,427856.0,False,2,in_force,0
PH0100142,POL0500142,Sarah,Miller,sarah.miller142@example.com,NJ,70,Auto,Direct,2021-02-11,3291.0,3429.93,197460.0,True,3,in_force,0
PH0100143,POL0500143,Barbara,Thompson,barbara.thompson143@example.com,GA,35,Umbrella,Agent,2017-02-03,657.03,677.85,39422.0,False,3,in_force,0
PH0100144,POL0500144,Mary,Lewis,mary.lewis144@example.com,FL,59,Umbrella,Broker,2017-07-29,992.28,1001.58,59537.0,False,2,in_force,0
PH0100145,POL0500145,Karen,Robinson,karen.robinson145@example.com,VA,76,Auto,Broker,2018-10-13,3733.5,3818.03,224010.0,True,2,in_force,0
PH0100146,POL0500146,Thomas,Martinez,thomas.martinez146@example.com,AZ,72,Umbrella,Direct,2022-02-21,2928.0,3020.61,175680.0,True,3,in_force,0
PH0100147,POL0500147,Daniel,Lee,daniel.lee147@example.com,IL,73,Umbrella,Direct,2017-04-17,2449.3,2564.74,146958.0,False,3,in_force,0
PH0100148,POL0500148,Elizabeth,Lewis,elizabeth.lewis148@example.com,AZ,55,Life,Agent,2016-02-22,730.87,926.35,109630.0,True,1,in_force,0
PH0100149,POL0500149,Mary,Lopez,mary.lopez149@example.com,AZ,56,Life,Direct,2017-02-23,3417.49,3513.4,512623.0,True,3,in_force,0
PH0100150,POL0500150,Jennifer,Garcia,jennifer.garcia150@example.com,VA,60,Home,Agent,2017-05-03,2021.23,2034.37,121274.0,True,2,in_force,0
PH0100151,POL0500151,Betty,Taylor,betty.taylor151@example.com,FL,54,Life,Broker,2022-02-02,944.23,954.3,141634.0,True,2,in_force,0
PH0100152,POL0500152,Lisa,Perez,lisa.perez152@example.com,FL,29,Auto,Direct,2021-02-23,771.24,893.99,46274.0,True,1,in_force,0
PH0100153,POL0500153,Barbara,Robinson,barbara.robinson153@example.com,NC,34,Umbrella,Direct,2019-04-02,2591.01,2711.06,155461.0,True,3,in_force,1
PH0100154,POL0500154,Betty,Ramirez,betty.ramirez154@example.com,VA,69,Auto,Direct,2020-03-08,3449.25,3894.86,206955.0,True,2,in_force,0
PH0100155,POL0500155,Elizabeth,Miller,elizabeth.miller155@example.com,VA,75,Auto,Agent,2024-02-21,1970.49,2020.99,118229.0,True,1,in_force,0
PH0100156,POL0500156,Jennifer,Perez,jennifer.perez156@example.com,WA,64,Umbrella,Direct,2016-08-10,2126.05,2156.95,127563.0,True,1,in_force,0
PH0100157,POL0500157,Lisa,Lewis,lisa.lewis157@example.com,NJ,32,Auto,Agent,2024-02-27,3368.68,3505.56,202121.0,True,3,in_force,0
PH0100158,POL0500158,Charles,White,charles.white158@example.com,AZ,46,Home,Direct,2017-07-02,2283.32,2340.65,136999.0,False,3,in_force,0
PH0100159,POL0500159,Robert,Anderson,robert.anderson159@example.com,FL,39,Life,Agent,2022-05-08,3004.94,3058.85,450741.0,True,2,in_force,0
PH0100160,POL0500160,Christopher,Clark,christopher.clark160@example.com,PA,75,Life,Direct,2018-12-14,2474.51,2521.34,371177.0,True,1,in_force,0
PH0100161,POL0500161,James,Taylor,james.taylor161@example.com,MA,36,Home,Agent,2020-12-06,896.68,906.16,53801.0,True,2,in_force,0
PH0100162,POL0500162,Nancy,Davis,nancy.davis162@example.com,OH,49,Auto,Broker,2024-01-29,2810.73,2893.76,168644.0,True,2,in_force,1
PH0100163,POL0500163,Michael,Anderson,michael.anderson163@example.com,MI,58,Home,Agent,2021-05-26,3307.16,3438.56,198430.0,False,1,in_force,0
PH0100164,POL0500164,Richard,Gonzalez,richard.gonzalez164@example.com,FL,34,Home,Direct,2016-03-08,3400.69,3472.07,204041.0,True,1,in_force,0
PH0100165,POL0500165,Susan,Lopez,susan.lopez165@example.com,TX,37,Auto,Direct,2020-10-11,1461.62,1492.57,87697.0,True,2,in_force,0
PH0100166,POL0500166,Jessica,Rodriguez,jessica.rodriguez166@example.com,PA,64,Umbrella,Broker,2019-11-11,3004.5,3103.54,180270.0,False,2,in_force,0
PH0100167,POL0500167,Patricia,Miller,patricia.miller167@example.com,NC,53,Umbrella,Direct,2019-10-18,2614.88,2621.69,156893.0,True,3,in_force,0
PH0100168,POL0500168,Daniel,Davis,daniel.davis168@example.com,MI,38,Auto,Direct,2023-07-23,1415.62,1634.53,84937.0,False,2,in_force,0
PH0100169,POL0500169,David,Garcia,david.garcia169@example.com,OH,60,Life,Agent,2017-03-12,2260.14,2273.36,339021.0,True,2,in_force,0
PH0100170,POL0500170,Charles,Rodriguez,charles.rodriguez170@example.com,VA,56,Life,Broker,2020-03-24,3113.9,3263.56,467085.0,True,2,in_force,0
PH0100171,POL0500171,Jessica,Brown,jessica.brown171@example.com,PA,32,Auto,Agent,2020-04-16,2816.12,2860.58,168967.0,False,3,in_force,0
PH0100172,POL0500172,David,Davis,david.davis172@example.com,PA,33,Auto,Direct,2020-06-22,893.29,914.58,53597.0,True,3,in_force,0
PH0100173,POL0500173,Sandra,Taylor,sandra.taylor173@example.com,PA,53,Umbrella,Direct,2018-06-28,1060.39,1082.83,63623.0,False,1,in_force,1
PH0100174,POL0500174,Nancy,Miller,nancy.miller174@example.com,OH,65,Auto,Direct,2017-02-16,2610.89,2682.5,156653.0,True,2,in_force,0
PH0100175,POL0500175,David,Anderson,david.anderson175@example.com,FL,64,Life,Agent,2017-06-21,3255.41,3386.29,488312.0,True,2,in_force,1
PH0100176,POL0500176,Matthew,Martinez,matthew.martinez176@example.com,IL,48,Life,Broker,2023-07-20,3129.18,3141.45,469377.0,True,2,in_force,0
PH0100177,POL0500177,John,Garcia,john.garcia177@example.com,IL,42,Auto,Direct,2019-07-08,2923.39,2981.19,175403.0,False,2,in_force,0
PH0100178,POL0500178,Thomas,Harris,thomas.harris178@example.com,TX,34,Life,Agent,2018-12-11,919.8,937.73,137970.0,True,3,in_force,0
PH0100179,POL0500179,Barbara,Miller,barbara.miller179@example.com,OH,63,Home,Agent,2020-11-25,1172.46,1195.31,70348.0,True,2,in_force,0
PH0100180,POL0500180,Elizabeth,Rodriguez,elizabeth.rodriguez180@example.com,FL,73,Auto,Agent,2020-11-30,1394.99,1713.87,83699.0,True,2,in_force,0
PH0100181,POL0500181,Anthony,Smith,anthony.smith181@example.com,TX,77,Home,Broker,2024-01-06,3117.92,3232.91,187075.0,True,2,in_force,0
PH0100182,POL0500182,Lisa,Robinson,lisa.robinson182@example.com,NC,61,Auto,Broker,2017-05-15,2693.26,2812.78,161596.0,False,1,in_force,0
PH0100183,POL0500183,William,Robinson,william.robinson183@example.com,WA,68,Auto,Direct,2016-09-02,2712.64,2819.99,162758.0,True,1,in_force,0
PH0100184,POL0500184,Robert,Martin,robert.martin184@example.com,PA,48,Auto,Direct,2020-08-05,1003.49,1006.84,60209.0,False,1,in_force,1
PH0100185,POL0500185,Thomas,Brown,thomas.brown185@example.com,TX,74,Life,Broker,2018-08-04,1256.27,1271.9,188440.0,True,1,in_force,0
PH0100186,POL0500186,Matthew,Lee,matthew.lee186@example.com,MI,50,Home,Broker,2023-07-25,3475.04,4029.96,208502.0,True,2,in_force,0
PH0100187,POL0500187,James,Taylor,james.taylor187@example.com,FL,47,Auto,Agent,2016-01-27,1337.43,1389.02,80246.0,False,2,in_force,0
PH0100188,POL0500188,Lisa,Sanchez,lisa.sanchez188@example.com,MI,52,Umbrella,Agent,2016-11-17,3599.99,3758.35,215999.0,True,1,in_force,0
PH0100189,POL0500189,Jessica,Jackson,jessica.jackson189@example.com,VA,31,Home,Direct,2022-02-23,922.25,957.93,55335.0,True,1,in_force,0
PH0100190,POL0500190,Jennifer,Lopez,jennifer.lopez190@example.com,MI,56,Home,Broker,2022-12-27,793.61,801.53,47617.0,True,3,in_force,1
PH0100191,POL0500191,Linda,Martin,linda.martin191@example.com,MA,37,Auto,Direct,2019-03-24,2870.14,3498.74,172208.0,True,1,in_force,1
PH0100192,POL0500192,Margaret,Lewis,margaret.lewis192@example.com,NJ,52,Home,Direct,2018-08-04,3775.16,4490.18,226510.0,False,3,in_force,1
PH0100193,POL0500193,David,Sanchez,david.sanchez193@example.com,CA,68,Home,Agent,2018-11-21,3671.24,3712.65,220274.0,True,2,in_force,0
PH0100194,POL0500194,Elizabeth,Thompson,elizabeth.thompson194@example.com,VA,61,Home,Agent,2017-07-07,2749.94,2771.67,164996.0,True,3,in_force,0
PH0100195,POL0500195,Matthew,Miller,matthew.miller195@example.com,TX,36,Auto,Direct,2018-01-26,2624.23,2704.58,157454.0,True,1,in_force,0
PH0100196,POL0500196,Lisa,Perez,lisa.perez196@example.com,NY,76,Auto,Agent,2018-04-17,3616.73,3773.54,217004.0,True,2,in_force,0
PH0100197,POL0500197,Susan,Gonzalez,susan.gonzalez197@example.com,WA,30,Auto,Broker,2022-10-26,2954.64,3093.38,177278.0,True,3,in_force,0
PH0100198,POL0500198,Betty,Johnson,betty.johnson198@example.com,NC,34,Home,Agent,2021-01-23,3458.9,3551.92,207534.0,False,1,in_force,0
PH0100199,POL0500199,Michael,Martinez,michael.martinez199@example.com,GA,53,Umbrella,Direct,2019-06-01,2126.31,2191.5,127579.0,True,3,in_force,1
PH0100200,POL0500200,Patricia,Thompson,patricia.thompson200@example.com,GA,68,Auto,Direct,2020-01-26,2913.29,3055.34,174797.0,True,1,in_force,0
PH0100201,POL0500201,Jessica,Ramirez,jessica.ramirez201@example.com,GA,62,Life,Broker,2016-01-24,1411.21,1444.78,211682.0,True,1,in_force,0
PH0100202,POL0500202,John,Harris,john.harris202@example.com,PA,48,Home,Agent,2020-02-18,3077.01,3087.0,184621.0,True,1,in_force,0
PH0100203,POL0500203,Karen,Jackson,karen.jackson203@example.com,GA,61,Auto,Broker,2024-03-05,2226.01,2791.57,133561.0,False,1,in_force,1
PH0100204,POL0500204,Elizabeth,Taylor,elizabeth.taylor204@example.com,NC,48,Auto,Agent,2024-08-07,2844.67,2947.7,170680.0,True,1,in_force,0
PH0100205,POL0500205,Sandra,White,sandra.white205@example.com,CA,61,Life,Direct,2019-05-11,2426.57,3026.0,363986.0,True,2,in_force,0
PH0100206,POL0500206,Margaret,Sanchez,margaret.sanchez206@example.com,WA,47,Umbrella,Direct,2023-11-28,2921.49,2934.17,175289.0,False,2,in_force,1
PH0100207,POL0500207,Michael,Taylor,michael.taylor207@example.com,PA,39,Auto,Agent,2017-04-04,3138.93,3208.58,188336.0,True,2,in_force,0
PH0100208,POL0500208,Richard,Thompson,richard.thompson208@example.com,AZ,61,Auto,Direct,2017-04-19,3633.48,3741.45,218009.0,True,2,in_force,0
PH0100209,POL0500209,Jennifer,Rodriguez,jennifer.rodriguez209@example.com,TX,28,Life,Direct,2022-12-26,977.6,1004.45,146640.0,True,3,in_force,0
PH0100210,POL0500210,James,Thomas,james.thomas210@example.com,MA,71,Auto,Broker,2016-07-25,822.16,829.52,49330.0,True,3,in_force,0
PH0100211,POL0500211,Elizabeth,Perez,elizabeth.perez211@example.com,NJ,73,Home,Broker,2024-08-05,1391.42,1451.33,83485.0,True,2,in_force,1
PH0100212,POL0500212,Karen,Brown,karen.brown212@example.com,NJ,66,Umbrella,Broker,2024-08-25,1697.71,1702.93,101863.0,True,1,in_force,0
PH0100213,POL0500213,Christopher,Sanchez,christopher.sanchez213@example.com,CA,76,Auto,Agent,2017-08-23,2099.52,2164.14,125971.0,True,1,in_force,0
PH0100214,POL0500214,Daniel,Gonzalez,daniel.gonzalez214@example.com,OH,52,Life,Agent,2020-11-17,2769.96,2796.03,415494.0,True,2,in_force,0
PH0100215,POL0500215,Robert,Williams,robert.williams215@example.com,FL,69,Umbrella,Broker,2020-08-30,3509.46,3672.7,210568.0,True,2,in_force,0
PH0100216,POL0500216,Charles,Thomas,charles.thomas216@example.com,VA,33,Auto,Direct,2017-08-04,3797.45,3945.34,227847.0,True,1,in_force,0
PH0100217,POL0500217,Elizabeth,Martin,elizabeth.martin217@example.com,CA,49,Umbrella,Agent,2021-12-31,2150.38,2200.83,129023.0,False,2,in_force,0
PH0100218,POL0500218,Margaret,Rodriguez,margaret.rodriguez218@example.com,CA,75,Life,Agent,2017-04-01,3562.42,3679.83,534363.0,True,1,in_force,0
PH0100219,POL0500219,Richard,Perez,richard.perez219@example.com,VA,52,Auto,Agent,2021-04-27,2347.41,2381.31,140845.0,False,2,in_force,0
PH0100220,POL0500220,Nancy,Johnson,nancy.johnson220@example.com,TX,62,Auto,Broker,2023-02-23,2603.55,2639.04,156213.0,True,1,in_force,1
PH0100221,POL0500221,Daniel,Lewis,daniel.lewis221@example.com,NJ,77,Auto,Direct,2024-08-20,1168.29,1508.22,70097.0,True,2,in_force,0
PH0100222,POL0500222,Daniel,Rodriguez,daniel.rodriguez222@example.com,TX,30,Auto,Direct,2016-10-25,2978.14,2980.93,178688.0,True,3,in_force,0
PH0100223,POL0500223,Nancy,Gonzalez,nancy.gonzalez223@example.com,PA,37,Auto,Broker,2023-11-07,2488.85,2605.81,149331.0,True,2,in_force,1
PH0100224,POL0500224,John,Lewis,john.lewis224@example.com,NJ,56,Home,Agent,2024-03-30,764.23,1023.46,45854.0,True,2,in_force,0
PH0100225,POL0500225,Patricia,Perez,patricia.perez225@example.com,MI,62,Auto,Agent,2017-07-16,3095.53,3147.46,185732.0,True,1,in_force,0
PH0100226,POL0500226,Sandra,Williams,sandra.williams226@example.com,VA,69,Auto,Broker,2022-08-28,2869.21,2937.5,172153.0,True,1,in_force,0
PH0100227,POL0500227,Barbara,Ramirez,barbara.ramirez227@example.com,WA,62,Home,Broker,2021-09-09,3115.06,3158.11,186904.0,True,1,in_force,0
PH0100228,POL0500228,Jessica,Thomas,jessica.thomas228@example.com,FL,38,Auto,Agent,2023-07-07,2713.55,2772.53,162813.0,True,2,in_force,0
PH0100229,POL0500229,Mark,Wilson,mark.wilson229@example.com,FL,41,Home,Agent,2022-11-01,1889.46,2415.41,113368.0,True,2,in_force,1
PH0100230,POL0500230,Jessica,Ramirez,jessica.ramirez230@example.com,NY,65,Umbrella,Broker,2021-04-23,1543.35,1600.16,92601.0,True,2,in_force,0
PH0100231,POL0500231,Robert,Lopez,robert.lopez231@example.com,PA,43,Auto,Agent,2023-04-06,2185.31,2262.16,131119.0,False,3,in_force,0
PH0100232,POL0500232,Joseph,Harris,joseph.harris232@example.com,FL,73,Home,Direct,2020-07-18,2655.8,2655.98,159348.0,True,2,in_force,0
PH0100233,POL0500233,Elizabeth,Wilson,elizabeth.wilson233@example.com,WA,45,Life,Direct,2023-10-30,2490.73,2576.0,373610.0,True,2,in_force,1
PH0100234,POL0500234,William,Davis,william.davis234@example.com,NC,35,Home,Direct,2023-04-12,3437.62,3567.08,206257.0,False,2,in_force,0
PH0100235,POL0500235,Daniel,Sanchez,daniel.sanchez235@example.com,MA,32,Home,Agent,2018-02-10,906.55,919.62,54393.0,False,1,in_force,0
PH0100236,POL0500236,Jessica,Lopez,jessica.lopez236@example.com,OH,56,Auto,Agent,2024-04-09,1582.85,2076.37,94971.0,True,3,in_force,1
PH0100237,POL0500237,Betty,Rodriguez,betty.rodriguez237@example.com,NY,58,Auto,Agent,2020-03-03,1124.68,1178.45,67481.0,True,1,in_force,0
PH0100238,POL0500238,Linda,Brown,linda.brown238@example.com,CA,48,Home,Broker,2022-06-11,1483.3,1525.02,88998.0,True,2,in_force,0
PH0100239,POL0500239,Mark,Martinez,mark.martinez239@example.com,WA,64,Home,Direct,2023-06-24,2981.34,3031.83,178880.0,True,2,in_force,0
PH0100240,POL0500240,Robert,Thompson,robert.thompson240@example.com,AZ,55,Home,Direct,2020-02-23,689.01,699.62,41341.0,True,3,in_force,0
PH0100241,POL0500241,Susan,Garcia,susan.garcia241@example.com,NC,57,Life,Agent,2023-12-19,1287.62,1306.26,193143.0,True,2,in_force,1
PH0100242,POL0500242,Jessica,Jackson,jessica.jackson242@example.com,OH,44,Auto,Broker,2023-01-16,3767.63,3837.93,226058.0,False,1,in_force,0
PH0100243,POL0500243,Robert,Hernandez,robert.hernandez243@example.com,GA,72,Auto,Agent,2017-07-08,819.24,845.3,49154.0,False,1,in_force,0
PH0100244,POL0500244,Anthony,Jones,anthony.jones244@example.com,MA,29,Auto,Direct,2021-05-18,2861.36,3482.92,171682.0,False,3,in_force,0
PH0100245,POL0500245,James,Harris,james.harris245@example.com,GA,76,Auto,Agent,2020-11-01,995.02,1020.57,59701.0,True,1,in_force,0
PH0100246,POL0500246,Robert,Ramirez,robert.ramirez246@example.com,VA,45,Auto,Direct,2022-07-02,1163.78,1206.17,69827.0,True,3,in_force,0
PH0100247,POL0500247,Patricia,Anderson,patricia.anderson247@example.com,TX,61,Home,Direct,2017-07-10,2905.14,2911.04,174308.0,True,1,in_force,0
PH0100248,POL0500248,Richard,Anderson,richard.anderson248@example.com,NC,70,Auto,Agent,2023-08-03,1108.78,1141.52,66527.0,True,1,in_force,0
PH0100249,POL0500249,Charles,Jackson,charles.jackson249@example.com,PA,76,Home,Direct,2023-03-22,2172.64,2216.58,130358.0,True,2,in_force,1
PH0100250,POL0500250,Sarah,Perez,sarah.perez250@example.com,AZ,77,Auto,Agent,2019-05-26,2222.73,2839.45,133364.0,True,1,in_force,1
PH0100251,POL0500251,Patricia,Wilson,patricia.wilson251@example.com,IL,50,Auto,Agent,2020-08-14,2765.97,2855.6,165958.0,True,3,in_force,1
PH0100252,POL0500252,Karen,White,karen.white252@example.com,TX,73,Auto,Direct,2022-06-26,1727.88,2239.78,103673.0,True,1,in_force,0
PH0100253,POL0500253,Anthony,Martinez,anthony.martinez253@example.com,NJ,38,Auto,Direct,2018-11-16,1405.62,1416.16,84337.0,True,2,in_force,0
PH0100254,POL0500254,Elizabeth,Ramirez,elizabeth.ramirez254@example.com,TX,54,Auto,Agent,2020-01-28,1920.06,2000.97,115204.0,True,3,in_force,0
PH0100255,POL0500255,Thomas,Perez,thomas.perez255@example.com,AZ,65,Life,Direct,2024-09-09,2238.64,2802.69,335796.0,False,2,in_force,1
PH0100256,POL0500256,Richard,Smith,richard.smith256@example.com,MA,53,Auto,Agent,2018-11-12,3646.23,3700.45,218774.0,False,1,in_force,0
PH0100257,POL0500257,Susan,Martin,susan.martin257@example.com,VA,63,Auto,Broker,2024-04-09,2874.67,2966.86,172480.0,True,2,in_force,1
PH0100258,POL0500258,Jennifer,Perez,jennifer.perez258@example.com,MI,48,Home,Agent,2019-02-28,1976.39,2062.99,118583.0,False,3,in_force,1
PH0100259,POL0500259,Linda,Thompson,linda.thompson259@example.com,NY,40,Auto,Broker,2018-12-26,1872.64,1891.98,112358.0,True,2,in_force,0
PH0100260,POL0500260,Joseph,Robinson,joseph.robinson260@example.com,NY,51,Auto,Broker,2022-07-15,924.36,964.64,55462.0,False,2,in_force,0
PH0100261,POL0500261,Daniel,Wilson,daniel.wilson261@example.com,VA,66,Auto,Agent,2018-11-15,2432.4,3222.53,145944.0,True,2,in_force,0
PH0100262,POL0500262,Betty,Martin,betty.martin262@example.com,VA,75,Auto,Direct,2016-07-05,2264.53,2375.21,135872.0,False,1,in_force,0
PH0100263,POL0500263,Susan,Lewis,susan.lewis263@example.com,FL,48,Home,Agent,2024-04-06,2428.16,2505.45,145690.0,True,1,in_force,0
PH0100264,POL0500264,Sarah,Thomas,sarah.thomas264@example.com,GA,59,Umbrella,Agent,2017-04-05,1045.69,1370.9,62741.0,True,1,in_force,1
PH0100265,POL0500265,Charles,Lewis,charles.lewis265@example.com,NJ,65,Life,Agent,2018-05-19,2333.25,2381.83,349988.0,True,2,in_force,0
PH0100266,POL0500266,James,Martinez,james.martinez266@example.com,NJ,71,Home,Direct,2017-05-14,2539.08,2645.34,152345.0,True,1,in_force,0
PH0100267,POL0500267,Jessica,Anderson,jessica.anderson267@example.com,NJ,45,Auto,Agent,2022-08-30,1704.17,2142.01,102250.0,True,3,in_force,1
PH0100268,POL0500268,Betty,Jackson,betty.jackson268@example.com,FL,41,Umbrella,Direct,2016-07-18,1684.15,1912.45,101049.0,False,2,in_force,0
PH0100269,POL0500269,Mark,Perez,mark.perez269@example.com,MI,36,Auto,Agent,2020-01-10,3312.57,3393.67,198754.0,False,2,in_force,0
PH0100270,POL0500270,Joseph,Perez,joseph.perez270@example.com,VA,64,Auto,Direct,2018-11-03,2523.82,2525.87,151429.0,False,2,in_force,1
PH0100271,POL0500271,Patricia,Smith,patricia.smith271@example.com,FL,69,Home,Broker,2021-05-08,3430.1,3533.33,205806.0,True,3,in_force,0
PH0100272,POL0500272,John,Martinez,john.martinez272@example.com,WA,57,Home,Broker,2017-08-29,719.81,830.32,43189.0,False,2,in_force,0
PH0100273,POL0500273,Charles,Davis,charles.davis273@example.com,NY,46,Umbrella,Broker,2022-05-21,812.95,1023.25,48777.0,False,2,in_force,1
PH0100274,POL0500274,Karen,White,karen.white274@example.com,NC,46,Home,Broker,2016-05-31,2205.52,2272.95,132331.0,False,2,in_force,0
PH0100275,POL0500275,Margaret,Clark,margaret.clark275@example.com,VA,70,Home,Direct,2021-04-02,2963.58,3025.35,177815.0,False,3,in_force,0
PH0100276,POL0500276,Betty,Ramirez,betty.ramirez276@example.com,FL,67,Auto,Agent,2018-04-28,2784.58,3240.94,167075.0,True,1,in_force,0
PH0100277,POL0500277,Jessica,Martinez,jessica.martinez277@example.com,NY,41,Auto,Agent,2022-03-30,1798.12,1858.98,107887.0,True,3,in_force,0
PH0100278,POL0500278,Betty,Lopez,betty.lopez278@example.com,WA,30,Life,Direct,2024-08-20,3518.22,3671.91,527733.0,True,1,in_force,0
PH0100279,POL0500279,Joseph,Sanchez,joseph.sanchez279@example.com,GA,76,Auto,Direct,2017-03-30,2600.9,2614.15,156054.0,True,3,in_force,1
PH0100280,POL0500280,Susan,Robinson,susan.robinson280@example.com,OH,57,Umbrella,Direct,2021-10-15,3669.97,3811.29,220198.0,False,3,in_force,0
PH0100281,POL0500281,Susan,Gonzalez,susan.gonzalez281@example.com,MA,71,Life,Direct,2023-11-10,2958.96,3009.88,443844.0,False,3,in_force,1
PH0100282,POL0500282,Elizabeth,Miller,elizabeth.miller282@example.com,TX,60,Auto,Direct,2022-03-10,1740.27,1742.31,104416.0,False,3,in_force,0
PH0100283,POL0500283,Elizabeth,Jackson,elizabeth.jackson283@example.com,VA,28,Auto,Agent,2021-01-30,3227.24,3318.51,193634.0,False,3,in_force,0
PH0100284,POL0500284,Linda,Lopez,linda.lopez284@example.com,PA,46,Umbrella,Direct,2023-06-24,2801.79,2874.59,168107.0,True,2,in_force,0
PH0100285,POL0500285,Nancy,Taylor,nancy.taylor285@example.com,OH,65,Life,Broker,2022-04-08,3440.45,3549.94,516068.0,False,3,in_force,1
PH0100286,POL0500286,Margaret,Wilson,margaret.wilson286@example.com,TX,35,Life,Direct,2020-02-22,778.9,936.02,116835.0,False,2,in_force,0
PH0100287,POL0500287,Jessica,Smith,jessica.smith287@example.com,TX,63,Auto,Agent,2019-11-29,1986.24,2042.43,119174.0,False,2,in_force,0
PH0100288,POL0500288,Karen,Jones,karen.jones288@example.com,WA,36,Auto,Broker,2021-08-29,3087.37,3110.37,185242.0,False,1,in_force,1
PH0100289,POL0500289,Matthew,Johnson,matthew.johnson289@example.com,MI,61,Umbrella,Broker,2018-02-14,2258.44,2856.51,135506.0,True,1,in_force,1
PH0100290,POL0500290,Elizabeth,Wilson,elizabeth.wilson290@example.com,NJ,38,Life,Direct,2016-08-29,1230.67,1249.01,184600.0,True,1,in_force,1
PH0100291,POL0500291,Sarah,Garcia,sarah.garcia291@example.com,WA,43,Home,Direct,2022-01-10,2095.57,2561.25,125734.0,False,2,in_force,0
PH0100292,POL0500292,Sandra,Robinson,sandra.robinson292@example.com,GA,45,Auto,Broker,2022-09-14,3847.57,3888.5,230854.0,False,2,in_force,0
PH0100293,POL0500293,Karen,Thomas,karen.thomas293@example.com,CA,28,Home,Broker,2023-07-18,2428.53,2487.9,145712.0,True,1,in_force,0
PH0100294,POL0500294,Sarah,Smith,sarah.smith294@example.com,MA,70,Auto,Agent,2020-12-28,1779.58,1853.21,106775.0,True,1,in_force,0
PH0100295,POL0500295,James,Brown,james.brown295@example.com,GA,51,Home,Agent,2018-03-01,1358.87,1605.98,81532.0,False,2,in_force,0
PH0100296,POL0500296,Robert,Rodriguez,robert.rodriguez296@example.com,MA,64,Life,Direct,2018-07-22,1263.92,1326.61,189588.0,False,3,in_force,0
PH0100297,POL0500297,David,Robinson,david.robinson297@example.com,OH,62,Auto,Agent,2021-01-12,1903.95,1987.73,114237.0,False,3,in_force,0
PH0100298,POL0500298,Matthew,Martin,matthew.martin298@example.com,MI,56,Auto,Broker,2024-07-26,2502.59,2836.31,150155.0,True,2,in_force,0
PH0100299,POL0500299,Patricia,Perez,patricia.perez299@example.com,CA,63,Auto,Broker,2016-08-01,1935.39,1975.17,116123.0,False,3,in_force,1
PH0100300,POL0500300,Robert,Lee,robert.lee300@example.com,NC,44,Home,Broker,2019-12-26,2968.79,3004.88,178127.0,False,1,in_force,1
PH0100301,POL0500301,Betty,Williams,betty.williams301@example.com,IL,40,Home,Broker,2023-06-28,2569.24,2643.54,154154.0,False,3,in_force,1
PH0100302,POL0500302,Barbara,Smith,barbara.smith302@example.com,TX,50,Life,Agent,2016-05-02,1105.69,1140.59,165854.0,False,2,in_force,1
PH0100303,POL0500303,Robert,Lewis,robert.lewis303@example.com,MA,36,Home,Direct,2018-02-15,1860.23,1915.99,111614.0,False,1,in_force,1
PH0100304,POL0500304,Charles,Miller,charles.miller304@example.com,AZ,62,Umbrella,Agent,2019-04-19,1698.58,2199.72,101915.0,False,3,in_force,0
PH0100305,POL0500305,Michael,White,michael.white305@example.com,TX,58,Life,Agent,2023-06-10,1185.79,1238.11,177868.0,False,2,in_force,0
PH0100306,POL0500306,Margaret,Davis,margaret.davis306@example.com,OH,41,Home,Broker,2019-06-07,2478.39,2524.75,148703.0,True,1,in_force,0
PH0100307,POL0500307,Christopher,Williams,christopher.williams307@example.com,WA,45,Auto,Agent,2018-07-21,878.32,1022.42,52699.0,True,2,in_force,1
PH0100308,POL0500308,Susan,Perez,susan.perez308@example.com,WA,53,Umbrella,Direct,2024-07-21,1608.84,1654.5,96530.0,True,1,in_force,1
PH0100309,POL0500309,Karen,Thomas,karen.thomas309@example.com,CA,39,Auto,Broker,2018-03-26,1558.22,1609.61,93493.0,True,1,in_force,0
PH0100310,POL0500310,Richard,Lewis,richard.lewis310@example.com,AZ,41,Umbrella,Agent,2017-06-16,1641.22,1695.77,98473.0,True,3,in_force,0
PH0100311,POL0500311,Anthony,Sanchez,anthony.sanchez311@example.com,AZ,39,Home,Agent,2020-08-27,3529.89,3610.69,211793.0,False,1,in_force,0
PH0100312,POL0500312,Linda,Lewis,linda.lewis312@example.com,AZ,38,Auto,Direct,2019-01-26,1584.05,1639.34,95043.0,False,1,in_force,1
PH0100313,POL0500313,Nancy,White,nancy.white313@example.com,GA,59,Auto,Agent,2021-03-04,2404.97,2519.21,144298.0,True,2,in_force,0
PH0100314,POL0500314,Karen,Brown,karen.brown314@example.com,FL,46,Life,Broker,2017-05-23,1189.05,1189.72,178358.0,True,2,in_force,0
PH0100315,POL0500315,Mark,Brown,mark.brown315@example.com,OH,72,Home,Agent,2019-06-16,2564.26,3084.87,153856.0,True,1,in_force,0
PH0100316,POL0500316,Betty,Clark,betty.clark316@example.com,AZ,70,Auto,Agent,2017-11-18,790.84,823.09,47450.0,True,3,in_force,0
PH0100317,POL0500317,Richard,Miller,richard.miller317@example.com,GA,42,Auto,Direct,2016-09-27,2729.82,2739.01,163789.0,True,2,in_force,0
PH0100318,POL0500318,Daniel,Moore,daniel.moore318@example.com,WA,64,Auto,Agent,2017-12-03,2569.57,2659.03,154174.0,False,3,in_force,0
PH0100319,POL0500319,Linda,White,linda.white319@example.com,OH,76,Life,Agent,2018-09-24,841.75,854.23,126262.0,True,1,in_force,0
PH0100320,POL0500320,Margaret,Gonzalez,margaret.gonzalez320@example.com,NC,48,Home,Agent,2018-01-21,856.77,897.62,51406.0,True,1,in_force,0
PH0100321,POL0500321,Lisa,Anderson,lisa.anderson321@example.com,PA,38,Home,Agent,2024-02-03,2006.85,2037.26,120411.0,True,3,in_force,0
PH0100322,POL0500322,Sandra,Martinez,sandra.martinez322@example.com,MI,62,Life,Agent,2017-09-17,1473.33,1506.75,221000.0,True,3,in_force,0
PH0100323,POL0500323,Richard,Robinson,richard.robinson323@example.com,MI,38,Umbrella,Broker,2018-03-06,3712.71,3852.23,222763.0,True,3,in_force,0
PH0100324,POL0500324,Christopher,Gonzalez,christopher.gonzalez324@example.com,MA,55,Home,Agent,2024-04-01,2178.72,2218.09,130723.0,False,1,in_force,1
PH0100325,POL0500325,Sandra,Miller,sandra.miller325@example.com,MA,55,Umbrella,Broker,2017-11-10,1459.19,1529.79,87551.0,False,2,in_force,0
PH0100326,POL0500326,Matthew,Lewis,matthew.lewis326@example.com,MA,74,Auto,Direct,2016-12-30,3135.41,3157.78,188125.0,False,3,in_force,0
PH0100327,POL0500327,Joseph,Jackson,joseph.jackson327@example.com,AZ,41,Home,Agent,2018-01-30,3049.73,3078.99,182984.0,False,2,in_force,0
PH0100328,POL0500328,Patricia,Ramirez,patricia.ramirez328@example.com,NJ,38,Auto,Agent,2016-11-22,1858.73,1890.53,111524.0,True,2,in_force,0
PH0100329,POL0500329,James,Johnson,james.johnson329@example.com,PA,76,Auto,Direct,2016-01-30,3175.46,3703.97,190528.0,False,2,in_force,1
PH0100330,POL0500330,Matthew,Rodriguez,matthew.rodriguez330@example.com,MA,59,Umbrella,Direct,2021-04-22,2583.99,2672.09,155039.0,True,2,in_force,0
PH0100331,POL0500331,Nancy,Gonzalez,nancy.gonzalez331@example.com,OH,67,Auto,Direct,2016-08-22,3230.06,4236.29,193804.0,True,1,in_force,1
PH0100332,POL0500332,Christopher,Clark,christopher.clark332@example.com,IL,29,Auto,Agent,2023-02-08,3752.71,3879.91,225163.0,True,2,in_force,1
PH0100333,POL0500333,Margaret,Davis,margaret.davis333@example.com,MA,64,Life,Agent,2024-08-04,2710.76,2808.0,406614.0,False,2,in_force,1
PH0100334,POL0500334,Margaret,Wilson,margaret.wilson334@example.com,WA,42,Auto,Agent,2018-07-04,1581.12,1889.2,94867.0,True,1,in_force,0
PH0100335,POL0500335,Betty,Perez,betty.perez335@example.com,MA,36,Auto,Direct,2021-10-29,2540.48,2850.47,152429.0,False,2,in_force,1
PH0100336,POL0500336,Margaret,Thomas,margaret.thomas336@example.com,VA,53,Umbrella,Agent,2019-05-10,3821.4,3885.87,229284.0,False,2,in_force,0
PH0100337,POL0500337,Lisa,Ramirez,lisa.ramirez337@example.com,MI,34,Umbrella,Agent,2023-08-10,1854.98,1918.0,111299.0,True,1,in_force,0
PH0100338,POL0500338,Matthew,Anderson,matthew.anderson338@example.com,AZ,69,Auto,Broker,2020-04-14,1825.43,2077.67,109526.0,True,3,in_force,0
PH0100339,POL0500339,Sarah,Thompson,sarah.thompson339@example.com,AZ,69,Umbrella,Agent,2017-05-23,3740.18,3773.97,224411.0,True,1,in_force,0
PH0100340,POL0500340,Nancy,Smith,nancy.smith340@example.com,NY,47,Life,Direct,2016-07-08,2759.3,2838.92,413895.0,False,3,in_force,1
PH0100341,POL0500341,Karen,Moore,karen.moore341@example.com,NC,41,Auto,Agent,2023-09-18,1408.72,1429.83,84523.0,False,1,in_force,0
PH0100342,POL0500342,Daniel,Jones,daniel.jones342@example.com,NC,41,Auto,Direct,2016-10-16,3835.15,3872.09,230109.0,True,3,in_force,0
PH0100343,POL0500343,David,Brown,david.brown343@example.com,NC,35,Life,Broker,2023-09-02,861.07,876.69,129161.0,True,2,in_force,0
PH0100344,POL0500344,Elizabeth,Jackson,elizabeth.jackson344@example.com,AZ,59,Life,Direct,2017-01-26,2891.46,2971.2,433719.0,True,1,in_force,1
PH0100345,POL0500345,Christopher,Williams,christopher.williams345@example.com,TX,74,Auto,Agent,2018-09-10,2491.01,2946.58,149461.0,False,1,in_force,1
PH0100346,POL0500346,Jennifer,Williams,jennifer.williams346@example.com,IL,36,Auto,Agent,2021-10-05,2002.71,2040.09,120163.0,True,3,in_force,0
PH0100347,POL0500347,Patricia,Wilson,patricia.wilson347@example.com,GA,40,Life,Direct,2016-12-13,3525.23,3686.18,528784.0,True,3,in_force,0
PH0100348,POL0500348,Nancy,Rodriguez,nancy.rodriguez348@example.com,TX,54,Life,Broker,2021-06-26,3209.42,3261.56,481413.0,False,2,in_force,0
PH0100349,POL0500349,Anthony,Clark,anthony.clark349@example.com,OH,36,Auto,Agent,2017-03-25,1053.6,1054.32,63216.0,False,1,in_force,0
PH0100350,POL0500350,Jennifer,Miller,jennifer.miller350@example.com,AZ,65,Auto,Agent,2023-01-20,1384.03,1561.8,83042.0,False,1,in_force,0
PH0100351,POL0500351,Margaret,Johnson,margaret.johnson351@example.com,OH,54,Auto,Agent,2021-11-20,1359.68,1363.85,81581.0,True,1,in_force,0
PH0100352,POL0500352,Robert,Lee,robert.lee352@example.com,VA,66,Auto,Direct,2017-05-07,3748.66,3901.87,224920.0,True,2,in_force,0
PH0100353,POL0500353,Sandra,Taylor,sandra.taylor353@example.com,WA,29,Life,Direct,2017-11-14,2879.46,3253.78,431919.0,True,3,in_force,0
PH0100354,POL0500354,Patricia,Smith,patricia.smith354@example.com,NJ,50,Life,Direct,2023-02-04,1688.6,1763.23,253290.0,True,1,in_force,0
PH0100355,POL0500355,Linda,Hernandez,linda.hernandez355@example.com,PA,41,Auto,Broker,2022-07-10,1148.05,1189.74,68883.0,True,2,in_force,0
PH0100356,POL0500356,Elizabeth,Garcia,elizabeth.garcia356@example.com,MA,39,Auto,Direct,2020-06-02,1251.11,1518.61,75067.0,True,3,in_force,1
PH0100357,POL0500357,Matthew,Jackson,matthew.jackson357@example.com,MA,56,Auto,Direct,2017-10-30,2182.51,2241.82,130951.0,True,3,in_force,1
PH0100358,POL0500358,Jennifer,Brown,jennifer.brown358@example.com,NY,34,Auto,Agent,2019-02-28,2620.23,3466.91,157214.0,False,1,in_force,1
PH0100359,POL0500359,Susan,White,susan.white359@example.com,PA,37,Auto,Agent,2017-01-05,1231.99,1251.66,73919.0,True,3,in_force,1
PH0100360,POL0500360,Charles,Thompson,charles.thompson360@example.com,OH,61,Umbrella,Agent,2022-06-24,2899.9,2900.32,173994.0,False,1,in_force,0
PH0100361,POL0500361,Daniel,Wilson,daniel.wilson361@example.com,IL,31,Auto,Direct,2023-11-12,886.06,924.62,53164.0,True,2,in_force,0
PH0100362,POL0500362,Jennifer,Smith,jennifer.smith362@example.com,OH,55,Home,Direct,2023-08-16,2926.5,3010.21,175590.0,True,1,in_force,0
PH0100363,POL0500363,Thomas,Gonzalez,thomas.gonzalez363@example.com,FL,75,Home,Direct,2018-05-17,829.19,863.29,49751.0,False,3,in_force,1
PH0100364,POL0500364,Joseph,Thomas,joseph.thomas364@example.com,IL,69,Home,Broker,2023-03-14,1177.44,1215.51,70646.0,True,1,in_force,0
PH0100365,POL0500365,Charles,Johnson,charles.johnson365@example.com,MI,58,Auto,Direct,2016-07-06,948.27,994.76,56896.0,False,2,in_force,0
PH0100366,POL0500366,John,Lewis,john.lewis366@example.com,NJ,33,Home,Agent,2024-01-21,3233.92,3358.24,194035.0,True,3,in_force,0
PH0100367,POL0500367,Christopher,Taylor,christopher.taylor367@example.com,MA,77,Home,Agent,2019-10-30,1734.87,1809.12,104092.0,True,3,in_force,1
PH0100368,POL0500368,Betty,Smith,betty.smith368@example.com,FL,77,Life,Agent,2019-06-21,2246.52,2265.58,336978.0,True,1,in_force,1
PH0100369,POL0500369,Daniel,Clark,daniel.clark369@example.com,NC,28,Umbrella,Agent,2017-09-25,1580.11,1908.52,94807.0,True,2,in_force,0
PH0100370,POL0500370,William,Williams,william.williams370@example.com,IL,49,Home,Agent,2022-10-11,2897.33,2937.66,173840.0,True,1,in_force,0
PH0100371,POL0500371,Jessica,Miller,jessica.miller371@example.com,CA,41,Umbrella,Broker,2016-04-03,1513.51,1519.84,90811.0,True,2,in_force,0
PH0100372,POL0500372,Karen,Gonzalez,karen.gonzalez372@example.com,NY,50,Home,Direct,2018-05-09,3706.33,3773.75,222380.0,True,2,in_force,0
PH0100373,POL0500373,Daniel,Thomas,daniel.thomas373@example.com,NJ,57,Home,Direct,2020-08-22,1777.08,1823.57,106625.0,False,1,in_force,1
PH0100374,POL0500374,John,Lee,john.lee374@example.com,CA,67,Auto,Broker,2020-08-11,3049.82,3132.89,182989.0,True,3,in_force,0
PH0100375,POL0500375,Sandra,Clark,sandra.clark375@example.com,NJ,73,Home,Agent,2024-04-23,3656.77,3749.57,219406.0,True,3,in_force,1
PH0100376,POL0500376,Christopher,Harris,christopher.harris376@example.com,MI,37,Life,Direct,2016-04-23,3595.9,4329.93,539385.0,False,1,in_force,0
PH0100377,POL0500377,David,Williams,david.williams377@example.com,MA,37,Auto,Direct,2023-01-13,3424.2,4533.59,205452.0,True,1,in_force,1
PH0100378,POL0500378,Jessica,Martin,jessica.martin378@example.com,MI,62,Home,Direct,2016-01-21,3023.43,3052.58,181406.0,True,1,in_force,0
PH0100379,POL0500379,Michael,Ramirez,michael.ramirez379@example.com,IL,35,Auto,Direct,2018-06-07,1093.41,1390.98,65605.0,True,2,in_force,0
PH0100380,POL0500380,Barbara,Thompson,barbara.thompson380@example.com,NC,69,Home,Broker,2019-04-20,2045.4,2139.73,122724.0,True,1,in_force,0
PH0100381,POL0500381,David,Gonzalez,david.gonzalez381@example.com,TX,65,Life,Direct,2024-08-05,1180.09,1222.69,177014.0,True,2,in_force,1
PH0100382,POL0500382,Anthony,Hernandez,anthony.hernandez382@example.com,MI,34,Home,Broker,2022-10-23,1289.11,1346.98,77347.0,False,2,in_force,0
PH0100383,POL0500383,Michael,Anderson,michael.anderson383@example.com,MI,48,Life,Agent,2018-08-10,1883.89,1933.56,282584.0,True,2,in_force,0
PH0100384,POL0500384,Betty,Ramirez,betty.ramirez384@example.com,NJ,32,Auto,Broker,2022-06-08,2832.82,2948.03,169969.0,True,1,in_force,0
PH0100385,POL0500385,Elizabeth,Jones,elizabeth.jones385@example.com,AZ,53,Life,Direct,2016-05-31,775.18,777.87,116277.0,True,2,in_force,0
PH0100386,POL0500386,Karen,Brown,karen.brown386@example.com,CA,42,Umbrella,Agent,2016-07-14,1093.95,1141.07,65637.0,False,1,in_force,0
PH0100387,POL0500387,Patricia,Johnson,patricia.johnson387@example.com,PA,32,Auto,Direct,2018-12-16,3183.21,3294.41,190993.0,False,3,in_force,1
PH0100388,POL0500388,Thomas,Taylor,thomas.taylor388@example.com,NY,64,Auto,Broker,2021-05-11,3774.32,3912.25,226459.0,True,2,in_force,0
PH0100389,POL0500389,Barbara,Moore,barbara.moore389@example.com,AZ,43,Auto,Agent,2023-05-25,2873.89,3531.47,172433.0,True,3,in_force,0
PH0100390,POL0500390,Margaret,Martin,margaret.martin390@example.com,NC,40,Home,Agent,2024-09-29,869.65,899.49,52179.0,False,3,in_force,1
PH0100391,POL0500391,Lisa,Brown,lisa.brown391@example.com,NY,29,Home,Direct,2021-03-02,741.48,758.26,44489.0,True,3,in_force,0
PH0100392,POL0500392,Lisa,Clark,lisa.clark392@example.com,MA,72,Home,Agent,2019-01-03,1197.29,1235.42,71837.0,False,2,in_force,1
PH0100393,POL0500393,Barbara,Thomas,barbara.thomas393@example.com,MI,28,Umbrella,Agent,2021-06-23,2162.22,2429.96,129733.0,False,2,in_force,0
PH0100394,POL0500394,Joseph,Thomas,joseph.thomas394@example.com,VA,50,Auto,Broker,2022-02-13,1461.32,1521.8,87679.0,True,2,in_force,0
PH0100395,POL0500395,Margaret,Ramirez,margaret.ramirez395@example.com,MA,66,Auto,Direct,2021-06-06,2844.51,2847.46,170671.0,False,1,in_force,1
PH0100396,POL0500396,Sandra,Perez,sandra.perez396@example.com,IL,49,Life,Broker,2020-05-20,3674.85,3709.87,551228.0,True,3,in_force,0
PH0100397,POL0500397,James,Anderson,james.anderson397@example.com,CA,41,Umbrella,Direct,2019-03-05,1044.99,1045.26,62699.0,True,1,in_force,0
PH0100398,POL0500398,Linda,Sanchez,linda.sanchez398@example.com,NJ,68,Home,Broker,2020-05-01,3744.1,4408.59,224646.0,True,2,in_force,0
PH0100399,POL0500399,John,Harris,john.harris399@example.com,FL,67,Umbrella,Agent,2019-05-23,2507.03,2584.86,150422.0,False,2,in_force,1
PH0100400,POL0500400,Patricia,White,patricia.white400@example.com,MI,71,Auto,Agent,2021-09-23,2895.03,2976.39,173702.0,False,1,in_force,0
PH0100401,POL0500401,Anthony,Davis,anthony.davis401@example.com,AZ,62,Umbrella,Direct,2018-12-02,2830.23,2917.57,169814.0,True,3,in_force,0
PH0100402,POL0500402,Jessica,Lopez,jessica.lopez402@example.com,NJ,45,Home,Agent,2020-05-21,2134.68,2150.49,128081.0,True,1,in_force,1
PH0100403,POL0500403,Thomas,Ramirez,thomas.ramirez403@example.com,AZ,60,Auto,Direct,2018-05-13,1900.0,2402.17,114000.0,True,3,in_force,0
PH0100404,POL0500404,Richard,Thomas,richard.thomas404@example.com,MI,70,Life,Direct,2018-01-08,3131.27,3151.53,469690.0,True,3,in_force,0
PH0100405,POL0500405,Joseph,Harris,joseph.harris405@example.com,IL,66,Umbrella,Agent,2023-01-29,3605.36,3731.32,216322.0,True,3,in_force,0
PH0100406,POL0500406,James,Lee,james.lee406@example.com,NJ,34,Auto,Agent,2018-04-13,3508.53,3580.11,210512.0,True,1,in_force,0
PH0100407,POL0500407,Sandra,Clark,sandra.clark407@example.com,PA,52,Auto,Agent,2023-11-20,3441.82,4072.96,206509.0,True,1,in_force,1
PH0100408,POL0500408,Thomas,Martinez,thomas.martinez408@example.com,OH,67,Life,Agent,2016-08-20,2514.87,2638.72,377230.0,False,1,in_force,1
PH0100409,POL0500409,Sandra,Johnson,sandra.johnson409@example.com,CA,77,Life,Direct,2018-03-14,3402.94,3528.5,510441.0,True,1,in_force,1
PH0100410,POL0500410,Jessica,Thompson,jessica.thompson410@example.com,VA,50,Home,Direct,2018-06-21,3662.57,3716.17,219754.0,False,3,in_force,1
PH0100411,POL0500411,David,Jackson,david.jackson411@example.com,OH,47,Auto,Direct,2016-12-12,3384.64,3387.83,203078.0,True,2,in_force,0
PH0100412,POL0500412,Sandra,Martin,sandra.martin412@example.com,WA,49,Umbrella,Direct,2018-12-11,1342.94,1718.52,80576.0,True,2,in_force,0
PH0100413,POL0500413,Matthew,Johnson,matthew.johnson413@example.com,WA,34,Home,Direct,2022-03-16,3397.25,3475.98,203835.0,True,3,in_force,0
PH0100414,POL0500414,Nancy,Rodriguez,nancy.rodriguez414@example.com,WA,69,Life,Agent,2024-08-26,1047.78,1064.6,157167.0,True,1,in_force,0
PH0100415,POL0500415,Joseph,Johnson,joseph.johnson415@example.com,IL,58,Umbrella,Direct,2023-02-25,1347.1,1786.99,80826.0,True,3,in_force,1
PH0100416,POL0500416,Joseph,Garcia,joseph.garcia416@example.com,PA,77,Auto,Broker,2019-02-05,1057.11,1064.87,63427.0,True,1,in_force,0
PH0100417,POL0500417,Mary,Martinez,mary.martinez417@example.com,MA,37,Auto,Agent,2022-08-18,2598.92,2665.3,155935.0,False,3,in_force,0
PH0100418,POL0500418,Michael,Gonzalez,michael.gonzalez418@example.com,AZ,65,Auto,Agent,2016-05-13,1869.49,1876.82,112169.0,True,1,in_force,0
PH0100419,POL0500419,Christopher,Moore,christopher.moore419@example.com,VA,54,Auto,Agent,2022-01-16,3362.3,3370.95,201738.0,True,3,in_force,0
PH0100420,POL0500420,Betty,Harris,betty.harris420@example.com,IL,42,Auto,Agent,2021-02-10,2867.83,3005.14,172070.0,True,1,in_force,1
PH0100421,POL0500421,Michael,Lewis,michael.lewis421@example.com,FL,57,Home,Agent,2016-03-04,1989.6,2060.37,119376.0,True,1,in_force,0
PH0100422,POL0500422,Karen,Martin,karen.martin422@example.com,TX,74,Auto,Direct,2016-07-04,3689.74,3806.12,221384.0,False,2,in_force,0
PH0100423,POL0500423,Linda,Martinez,linda.martinez423@example.com,GA,49,Life,Direct,2016-07-16,3521.37,3669.98,528206.0,True,2,in_force,1
PH0100424,POL0500424,Sarah,Sanchez,sarah.sanchez424@example.com,NY,28,Umbrella,Agent,2021-06-23,1832.53,1919.38,109952.0,True,2,in_force,0
PH0100425,POL0500425,Elizabeth,Robinson,elizabeth.robinson425@example.com,TX,73,Umbrella,Agent,2023-12-03,2072.1,2099.35,124326.0,False,2,in_force,1
PH0100426,POL0500426,Daniel,Thompson,daniel.thompson426@example.com,IL,30,Auto,Direct,2020-11-10,1666.09,1721.17,99965.0,False,1,in_force,0
PH0100427,POL0500427,Robert,Thomas,robert.thomas427@example.com,AZ,39,Home,Direct,2024-03-23,1071.73,1076.48,64304.0,True,3,in_force,0
PH0100428,POL0500428,Jessica,Moore,jessica.moore428@example.com,MI,41,Home,Agent,2023-12-18,1988.11,2025.91,119287.0,True,3,in_force,0
PH0100429,POL0500429,Matthew,Lewis,matthew.lewis429@example.com,GA,59,Home,Agent,2022-09-27,742.68,750.67,44561.0,False,2,in_force,1
PH0100430,POL0500430,Patricia,Martin,patricia.martin430@example.com,MI,49,Life,Direct,2017-06-13,713.74,742.38,107061.0,True,3,in_force,0
PH0100431,POL0500431,Thomas,Gonzalez,thomas.gonzalez431@example.com,WA,59,Home,Direct,2016-06-22,1614.69,1677.05,96881.0,True,2,in_force,0
PH0100432,POL0500432,Richard,Lee,richard.lee432@example.com,OH,36,Auto,Agent,2024-04-21,894.89,926.37,53693.0,False,1,in_force,1
PH0100433,POL0500433,Sarah,Garcia,sarah.garcia433@example.com,NY,59,Home,Agent,2022-08-27,1102.26,1128.36,66136.0,False,3,in_force,1
PH0100434,POL0500434,Joseph,Thompson,joseph.thompson434@example.com,GA,60,Umbrella,Agent,2022-03-22,3597.94,3611.88,215876.0,True,1,in_force,0
PH0100435,POL0500435,Daniel,Brown,daniel.brown435@example.com,NC,57,Auto,Agent,2019-09-17,2649.91,2658.76,158995.0,True,1,in_force,0
PH0100436,POL0500436,Robert,Sanchez,robert.sanchez436@example.com,NC,65,Umbrella,Broker,2023-03-26,1706.51,1757.04,102391.0,True,3,in_force,0
PH0100437,POL0500437,Matthew,Brown,matthew.brown437@example.com,NY,63,Home,Broker,2020-05-29,2909.98,3032.0,174599.0,True,1,in_force,0
PH0100438,POL0500438,Jennifer,Lee,jennifer.lee438@example.com,AZ,45,Home,Broker,2023-12-23,2443.55,2539.94,146613.0,False,3,in_force,0
PH0100439,POL0500439,Michael,Martin,michael.martin439@example.com,NC,40,Auto,Agent,2020-04-15,3636.22,3671.83,218173.0,True,1,in_force,0
PH0100440,POL0500440,John,Wilson,john.wilson440@example.com,AZ,35,Home,Agent,2016-08-17,1655.56,1678.53,99334.0,False,3,in_force,0
PH0100441,POL0500441,Michael,Clark,michael.clark441@example.com,WA,60,Auto,Direct,2017-08-27,918.7,931.36,55122.0,True,3,in_force,0
PH0100442,POL0500442,Mark,White,mark.white442@example.com,NY,47,Auto,Agent,2023-08-20,3041.71,3088.93,182503.0,True,2,in_force,1
PH0100443,POL0500443,Christopher,Sanchez,christopher.sanchez443@example.com,NJ,46,Auto,Direct,2018-04-29,2415.16,2447.64,144910.0,True,1,in_force,0
PH0100444,POL0500444,Lisa,Lopez,lisa.lopez444@example.com,MI,49,Auto,Broker,2021-05-30,1610.55,1681.21,96633.0,False,3,in_force,0
PH0100445,POL0500445,Nancy,Jones,nancy.jones445@example.com,NY,39,Auto,Agent,2019-05-19,1240.7,1267.78,74442.0,False,1,in_force,0
PH0100446,POL0500446,Barbara,Smith,barbara.smith446@example.com,GA,38,Auto,Broker,2019-11-12,2409.45,2435.05,144567.0,True,2,in_force,1
PH0100447,POL0500447,Matthew,Robinson,matthew.robinson447@example.com,TX,52,Auto,Agent,2017-06-10,1929.63,1956.95,115778.0,False,2,in_force,1
PH0100448,POL0500448,Christopher,Davis,christopher.davis448@example.com,FL,59,Auto,Agent,2018-02-08,1616.2,1946.7,96972.0,True,1,in_force,0
PH0100449,POL0500449,Susan,Moore,susan.moore449@example.com,WA,52,Auto,Agent,2023-07-26,672.26,696.04,40336.0,True,3,in_force,0
PH0100450,POL0500450,Joseph,Wilson,joseph.wilson450@example.com,CA,57,Auto,Agent,2019-02-27,3427.27,3435.85,205636.0,True,2,in_force,0
PH0100451,POL0500451,Robert,White,robert.white451@example.com,FL,68,Home,Direct,2021-07-14,1755.24,1809.41,105314.0,False,3,in_force,0
PH0100452,POL0500452,John,Hernandez,john.hernandez452@example.com,IL,30,Life,Agent,2017-08-24,1872.12,1879.49,280818.0,False,3,in_force,1
PH0100453,POL0500453,Betty,Lee,betty.lee453@example.com,IL,34,Home,Agent,2018-06-25,2918.83,3008.06,175130.0,False,3,in_force,1
PH0100454,POL0500454,Michael,White,michael.white454@example.com,NC,51,Auto,Direct,2019-05-30,2094.8,2111.13,125688.0,True,3,in_force,0
PH0100455,POL0500455,Barbara,Harris,barbara.harris455@example.com,NY,54,Auto,Direct,2022-09-20,3115.6,3219.07,186936.0,False,3,in_force,1
PH0100456,POL0500456,Linda,Jones,linda.jones456@example.com,MI,67,Auto,Direct,2021-08-23,2475.87,2478.7,148552.0,True,1,in_force,0
PH0100457,POL0500457,Barbara,Smith,barbara.smith457@example.com,VA,66,Home,Direct,2023-05-03,2286.27,2390.66,137176.0,True,3,in_force,0
PH0100458,POL0500458,Linda,Perez,linda.perez458@example.com,MI,56,Umbrella,Agent,2018-09-17,3762.98,3783.89,225779.0,True,2,in_force,0
PH0100459,POL0500459,Linda,Anderson,linda.anderson459@example.com,VA,32,Auto,Agent,2016-01-29,2832.48,2906.09,169949.0,True,2,in_force,0
PH0100460,POL0500460,Matthew,Rodriguez,matthew.rodriguez460@example.com,IL,46,Home,Direct,2023-09-23,3169.6,3259.65,190176.0,True,1,in_force,1
PH0100461,POL0500461,Christopher,Garcia,christopher.garcia461@example.com,AZ,61,Home,Broker,2021-05-28,3520.83,4676.82,211250.0,True,2,in_force,1
PH0100462,POL0500462,Anthony,White,anthony.white462@example.com,AZ,61,Auto,Agent,2018-07-24,1813.39,2280.9,108803.0,False,3,in_force,1
PH0100463,POL0500463,Mark,Lewis,mark.lewis463@example.com,FL,61,Auto,Agent,2019-05-25,1378.28,1418.34,82697.0,True,3,in_force,0
PH0100464,POL0500464,Michael,Thomas,michael.thomas464@example.com,TX,56,Home,Agent,2016-12-07,969.6,998.61,58176.0,True,1,in_force,0
PH0100465,POL0500465,Patricia,White,patricia.white465@example.com,MA,56,Auto,Agent,2024-09-19,2534.6,2630.35,152076.0,False,2,in_force,1
PH0100466,POL0500466,Jessica,Thomas,jessica.thomas466@example.com,FL,39,Umbrella,Broker,2016-09-25,2803.52,3671.62,168211.0,True,3,in_force,0
PH0100467,POL0500467,Matthew,Davis,matthew.davis467@example.com,NY,47,Auto,Direct,2021-08-17,3102.55,3208.77,186153.0,False,1,in_force,0
PH0100468,POL0500468,Thomas,Thomas,thomas.thomas468@example.com,NJ,66,Umbrella,Direct,2020-09-03,1381.92,1446.48,82915.0,False,2,in_force,1
PH0100469,POL0500469,Michael,Perez,michael.perez469@example.com,VA,44,Umbrella,Direct,2019-04-22,725.77,739.65,43546.0,True,3,in_force,0
PH0100470,POL0500470,Mary,Harris,mary.harris470@example.com,NJ,52,Auto,Broker,2023-09-18,1449.51,1491.99,86971.0,True,1,in_force,0
PH0100471,POL0500471,Elizabeth,Jackson,elizabeth.jackson471@example.com,NY,63,Home,Agent,2016-12-26,1699.09,1755.22,101945.0,True,2,in_force,0
PH0100472,POL0500472,Margaret,Sanchez,margaret.sanchez472@example.com,VA,73,Auto,Direct,2024-04-15,3546.33,3703.18,212780.0,True,2,in_force,0
PH0100473,POL0500473,Thomas,Ramirez,thomas.ramirez473@example.com,WA,48,Home,Direct,2022-01-15,2489.41,2580.83,149365.0,True,3,in_force,0
PH0100474,POL0500474,Richard,Jackson,richard.jackson474@example.com,PA,28,Umbrella,Broker,2022-12-29,710.39,725.56,42623.0,True,1,in_force,0
PH0100475,POL0500475,Sarah,Anderson,sarah.anderson475@example.com,NJ,70,Umbrella,Direct,2018-03-31,3611.14,3740.22,216668.0,True,1,in_force,0
PH0100476,POL0500476,John,Hernandez,john.hernandez476@example.com,AZ,48,Auto,Agent,2018-07-31,1295.44,1733.33,77726.0,True,1,in_force,1
PH0100477,POL0500477,Lisa,Taylor,lisa.taylor477@example.com,TX,38,Home,Agent,2024-06-26,3660.23,3725.82,219614.0,False,2,in_force,1
PH0100478,POL0500478,Richard,Ramirez,richard.ramirez478@example.com,TX,50,Auto,Agent,2020-01-16,2039.28,2069.94,122357.0,False,1,in_force,0
PH0100479,POL0500479,Mark,Thomas,mark.thomas479@example.com,CA,45,Auto,Direct,2024-03-07,795.18,802.23,47711.0,True,3,in_force,1
PH0100480,POL0500480,Richard,Harris,richard.harris480@example.com,MI,74,Home,Agent,2021-11-21,970.37,981.18,58222.0,True,1,in_force,0
PH0100481,POL0500481,Margaret,Jackson,margaret.jackson481@example.com,NY,36,Life,Agent,2018-06-17,3227.43,4082.78,484114.0,False,3,in_force,1
PH0100482,POL0500482,Jennifer,Smith,jennifer.smith482@example.com,FL,68,Umbrella,Agent,2016-05-19,1168.03,1201.44,70082.0,True,2,in_force,0
PH0100483,POL0500483,Robert,Brown,robert.brown483@example.com,NY,57,Auto,Direct,2017-03-31,2930.63,3506.43,175838.0,True,3,in_force,0
PH0100484,POL0500484,Sarah,Martin,sarah.martin484@example.com,OH,40,Auto,Broker,2019-02-14,1598.79,1676.49,95927.0,False,2,in_force,0
PH0100485,POL0500485,David,Jones,david.jones485@example.com,MA,53,Auto,Direct,2017-05-20,3671.89,4470.69,220313.0,False,2,in_force,1
PH0100486,POL0500486,Susan,Johnson,susan.johnson486@example.com,NJ,34,Auto,Direct,2024-08-19,3545.14,3603.43,212708.0,False,2,in_force,0
PH0100487,POL0500487,Daniel,Sanchez,daniel.sanchez487@example.com,GA,43,Home,Agent,2022-07-27,2541.47,2554.68,152488.0,False,3,in_force,0
PH0100488,POL0500488,Charles,Ramirez,charles.ramirez488@example.com,NC,30,Umbrella,Broker,2020-06-21,2791.02,3474.05,167461.0,True,2,in_force,0
PH0100489,POL0500489,Christopher,Hernandez,christopher.hernandez489@example.com,VA,53,Auto,Agent,2024-06-12,3353.1,3409.06,201186.0,True,3,in_force,0
PH0100490,POL0500490,William,Clark,william.clark490@example.com,PA,34,Auto,Broker,2024-02-05,1651.36,1666.73,99082.0,True,2,in_force,0
PH0100491,POL0500491,Matthew,Moore,matthew.moore491@example.com,NC,39,Life,Agent,2020-06-18,1285.58,1608.97,192837.0,False,2,in_force,1
PH0100492,POL0500492,Sarah,Jones,sarah.jones492@example.com,NJ,45,Home,Agent,2016-04-17,3316.39,3357.07,198983.0,True,3,in_force,0
PH0100493,POL0500493,Richard,Lee,richard.lee493@example.com,MI,52,Auto,Direct,2024-05-16,3220.96,3280.58,193258.0,False,1,in_force,1
PH0100494,POL0500494,Susan,Williams,susan.williams494@example.com,FL,29,Home,Direct,2022-04-12,2730.89,2795.97,163853.0,False,1,in_force,1
PH0100495,POL0500495,Elizabeth,Moore,elizabeth.moore495@example.com,VA,71,Auto,Agent,2019-06-01,2473.54,2590.57,148412.0,True,3,in_force,0
PH0100496,POL0500496,Karen,Johnson,karen.johnson496@example.com,VA,76,Life,Agent,2020-01-07,3128.79,3548.04,469318.0,True,1,in_force,0
PH0100497,POL0500497,Mark,Rodriguez,mark.rodriguez497@example.com,GA,33,Auto,Broker,2018-01-25,1291.94,1333.75,77516.0,True,2,in_force,1
PH0100498,POL0500498,Mark,Martin,mark.martin498@example.com,CA,63,Auto,Direct,2016-08-30,955.57,1277.34,57334.0,True,2,in_force,1
PH0100499,POL0500499,Anthony,Clark,anthony.clark499@example.com,GA,29,Auto,Direct,2022-12-23,3492.35,3513.35,209541.0,False,2,in_force,1
PH0100500,POL0500500,Susan,Gonzalez,susan.gonzalez500@example.com,TX,59,Home,Agent,2016-04-07,1678.85,1711.49,100731.0,True,2,in_force,0
PH0100501,POL0500501,Thomas,Lopez,thomas.lopez501@example.com,NJ,72,Home,Agent,2016-07-02,2113.15,2136.56,126789.0,True,3,in_force,0
PH0100502,POL0500502,Nancy,Clark,nancy.clark502@example.com,MA,49,Home,Agent,2017-12-26,1839.71,1843.83,110383.0,True,1,in_force,0
PH0100503,POL0500503,Nancy,Thompson,nancy.thompson503@example.com,NY,32,Auto,Agent,2023-02-24,1158.56,1162.41,69514.0,True,1,in_force,0
PH0100504,POL0500504,Linda,Johnson,linda.johnson504@example.com,AZ,52,Auto,Agent,2018-01-25,1423.61,1454.79,85417.0,True,3,in_force,0
PH0100505,POL0500505,Margaret,Anderson,margaret.anderson505@example.com,TX,43,Life,Direct,2022-09-30,2431.93,3239.62,364790.0,True,3,in_force,0
PH0100506,POL0500506,Sarah,Lewis,sarah.lewis506@example.com,IL,42,Auto,Agent,2017-08-14,3731.73,3779.72,223904.0,True,3,in_force,1
PH0100507,POL0500507,Barbara,Lee,barbara.lee507@example.com,PA,41,Home,Broker,2020-05-28,997.68,1012.66,59861.0,False,3,in_force,0
PH0100508,POL0500508,Sandra,Harris,sandra.harris508@example.com,MI,61,Auto,Agent,2024-03-30,2813.81,2825.87,168829.0,True,1,in_force,0
PH0100509,POL0500509,Charles,Lewis,charles.lewis509@example.com,AZ,56,Auto,Agent,2021-04-29,1577.17,1961.39,94630.0,False,1,in_force,1
PH0100510,POL0500510,Patricia,Perez,patricia.perez510@example.com,FL,56,Umbrella,Agent,2017-02-01,1083.92,1104.48,65035.0,True,1,in_force,0
PH0100511,POL0500511,Barbara,Robinson,barbara.robinson511@example.com,GA,65,Home,Broker,2022-05-31,3510.76,3676.92,210646.0,True,2,in_force,0
PH0100512,POL0500512,John,Garcia,john.garcia512@example.com,FL,67,Auto,Broker,2019-05-14,3583.64,4750.85,215018.0,False,1,in_force,0
PH0100513,POL0500513,Barbara,Martin,barbara.martin513@example.com,WA,59,Life,Direct,2016-03-06,1986.76,2597.24,298014.0,True,2,in_force,0
PH0100514,POL0500514,James,Thomas,james.thomas514@example.com,IL,38,Auto,Agent,2016-08-01,2891.65,3035.68,173499.0,True,2,in_force,0
PH0100515,POL0500515,Joseph,Perez,joseph.perez515@example.com,TX,49,Auto,Agent,2022-03-08,3440.53,3442.37,206432.0,True,2,in_force,0
PH0100516,POL0500516,Margaret,Williams,margaret.williams516@example.com,CA,74,Auto,Direct,2016-02-25,3434.51,3461.34,206071.0,True,2,in_force,0
PH0100517,POL0500517,Karen,Brown,karen.brown517@example.com,CA,73,Home,Agent,2017-07-22,1243.84,1249.54,74630.0,True,3,in_force,0
PH0100518,POL0500518,Jennifer,Taylor,jennifer.taylor518@example.com,CA,33,Home,Direct,2017-12-21,1110.46,1164.47,66628.0,False,3,in_force,0
PH0100519,POL0500519,Thomas,Smith,thomas.smith519@example.com,NJ,71,Auto,Agent,2018-10-27,856.89,1024.61,51413.0,False,3,in_force,1
PH0100520,POL0500520,Sarah,White,sarah.white520@example.com,NY,42,Home,Agent,2022-08-02,2860.77,2986.64,171646.0,True,2,in_force,0
PH0100521,POL0500521,Joseph,Jones,joseph.jones521@example.com,FL,75,Home,Broker,2024-06-01,3688.83,3834.22,221330.0,True,3,in_force,1
PH0100522,POL0500522,Elizabeth,Lee,elizabeth.lee522@example.com,FL,49,Auto,Direct,2023-01-26,2022.79,2323.12,121367.0,True,3,in_force,1
PH0100523,POL0500523,William,Taylor,william.taylor523@example.com,MA,34,Umbrella,Agent,2020-04-22,2645.54,3248.74,158732.0,True,3,in_force,0
PH0100524,POL0500524,Barbara,Anderson,barbara.anderson524@example.com,WA,37,Auto,Broker,2021-01-03,2426.85,2518.88,145611.0,True,2,in_force,1
PH0100525,POL0500525,Mary,White,mary.white525@example.com,VA,73,Home,Agent,2017-06-24,3616.24,4131.54,216974.0,True,3,in_force,0
PH0100526,POL0500526,Margaret,Rodriguez,margaret.rodriguez526@example.com,NY,43,Auto,Direct,2016-08-19,727.52,752.88,43651.0,True,1,in_force,0
PH0100527,POL0500527,Jessica,Smith,jessica.smith527@example.com,NJ,73,Home,Direct,2023-10-26,867.48,869.04,52049.0,True,2,in_force,0
PH0100528,POL0500528,Mark,Lewis,mark.lewis528@example.com,AZ,44,Life,Agent,2018-06-07,1641.69,1656.54,246254.0,True,2,in_force,1
PH0100529,POL0500529,Margaret,Smith,margaret.smith529@example.com,MI,31,Auto,Agent,2016-02-15,1621.03,1667.08,97262.0,True,1,in_force,1
PH0100530,POL0500530,Michael,Sanchez,michael.sanchez530@example.com,PA,29,Auto,Agent,2023-07-12,1401.42,1401.56,84085.0,False,3,in_force,1
PH0100531,POL0500531,Jennifer,Jackson,jennifer.jackson531@example.com,OH,51,Auto,Direct,2021-03-29,1122.43,1172.35,67346.0,False,2,in_force,0
PH0100532,POL0500532,Anthony,Wilson,anthony.wilson532@example.com,MA,35,Life,Agent,2021-08-15,2312.62,2342.07,346893.0,True,1,in_force,0
PH0100533,POL0500533,Christopher,Lee,christopher.lee533@example.com,GA,37,Umbrella,Agent,2023-10-13,2941.85,3084.42,176511.0,False,2,in_force,1
PH0100534,POL0500534,Michael,Garcia,michael.garcia534@example.com,AZ,77,Auto,Agent,2023-08-19,1460.99,1491.81,87659.0,True,2,in_force,0
PH0100535,POL0500535,Karen,Wilson,karen.wilson535@example.com,TX,28,Home,Direct,2023-09-01,3410.69,3570.23,204641.0,True,3,in_force,1
PH0100536,POL0500536,Michael,Thomas,michael.thomas536@example.com,GA,43,Home,Agent,2016-01-24,3121.88,3621.97,187313.0,True,3,in_force,0
PH0100537,POL0500537,Jessica,Johnson,jessica.johnson537@example.com,PA,55,Auto,Broker,2022-04-01,864.2,1134.79,51852.0,False,2,in_force,0
PH0100538,POL0500538,Betty,Perez,betty.perez538@example.com,FL,65,Auto,Direct,2020-08-19,777.22,788.89,46633.0,False,2,in_force,0
PH0100539,POL0500539,Jessica,Miller,jessica.miller539@example.com,TX,39,Life,Direct,2020-05-07,3397.82,4304.22,509673.0,False,1,in_force,1
PH0100540,POL0500540,Jessica,Martin,jessica.martin540@example.com,WA,60,Auto,Agent,2020-07-23,1422.29,1457.64,85337.0,True,3,in_force,1
PH0100541,POL0500541,William,Moore,william.moore541@example.com,NC,67,Auto,Direct,2023-01-30,2663.19,2779.67,159791.0,True,1,in_force,0
PH0100542,POL0500542,William,Jones,william.jones542@example.com,PA,66,Auto,Agent,2016-10-22,3742.84,3926.96,224570.0,True,1,in_force,0
PH0100543,POL0500543,Barbara,Harris,barbara.harris543@example.com,WA,31,Umbrella,Agent,2016-06-17,1537.54,1558.17,92252.0,False,3,in_force,1
PH0100544,POL0500544,Patricia,Brown,patricia.brown544@example.com,NY,54,Home,Broker,2018-06-24,2600.74,2720.07,156044.0,True,1,in_force,1
PH0100545,POL0500545,Michael,Hernandez,michael.hernandez545@example.com,IL,53,Home,Direct,2019-01-27,3525.05,3679.75,211503.0,False,3,in_force,0
PH0100546,POL0500546,Joseph,Thompson,joseph.thompson546@example.com,WA,29,Life,Direct,2020-05-11,1800.47,2189.34,270070.0,True,2,in_force,0
PH0100547,POL0500547,John,Thompson,john.thompson547@example.com,MA,38,Life,Direct,2017-01-13,810.21,1073.56,121532.0,True,2,in_force,1
PH0100548,POL0500548,Sarah,Robinson,sarah.robinson548@example.com,FL,43,Auto,Agent,2016-02-05,3102.32,3105.53,186139.0,True,1,in_force,1
PH0100549,POL0500549,Lisa,Gonzalez,lisa.gonzalez549@example.com,MA,61,Auto,Direct,2021-03-26,1782.59,1846.62,106955.0,False,2,in_force,1
PH0100550,POL0500550,Richard,Davis,richard.davis550@example.com,FL,29,Home,Direct,2018-07-19,2207.68,2259.03,132461.0,False,2,in_force,0
PH0100551,POL0500551,Michael,Lee,michael.lee551@example.com,NC,51,Home,Broker,2016-04-08,1718.93,1748.75,103136.0,True,2,in_force,1
PH0100552,POL0500552,Linda,Anderson,linda.anderson552@example.com,MA,38,Home,Agent,2023-07-18,905.9,946.64,54354.0,True,2,in_force,0
PH0100553,POL0500553,David,Jackson,david.jackson553@example.com,NC,63,Auto,Direct,2024-04-27,2335.47,2433.02,140128.0,True,3,in_force,1
PH0100554,POL0500554,Barbara,Brown,barbara.brown554@example.com,PA,43,Home,Broker,2021-06-15,2532.95,2640.53,151977.0,True,3,in_force,1
PH0100555,POL0500555,Mary,Jackson,mary.jackson555@example.com,TX,30,Auto,Agent,2022-11-21,3176.54,3307.44,190592.0,True,2,in_force,0
PH0100556,POL0500556,Betty,Robinson,betty.robinson556@example.com,NY,47,Auto,Agent,2023-06-21,1420.18,1639.1,85211.0,True,3,in_force,0
PH0100557,POL0500557,Richard,Miller,richard.miller557@example.com,IL,32,Auto,Direct,2016-07-19,1896.59,1940.54,113795.0,False,3,in_force,0
PH0100558,POL0500558,John,Thomas,john.thomas558@example.com,MA,49,Auto,Agent,2017-08-29,1418.07,1485.93,85084.0,False,3,in_force,0
PH0100559,POL0500559,Thomas,Miller,thomas.miller559@example.com,NY,37,Auto,Direct,2019-09-23,1525.03,1565.35,91502.0,True,3,in_force,0
PH0100560,POL0500560,Nancy,Johnson,nancy.johnson560@example.com,GA,65,Life,Direct,2018-05-24,1570.18,1839.72,235527.0,False,3,in_force,1
PH0100561,POL0500561,Patricia,Jones,patricia.jones561@example.com,MA,75,Auto,Agent,2024-03-13,2753.86,2811.08,165232.0,False,1,in_force,1
PH0100562,POL0500562,Jennifer,Brown,jennifer.brown562@example.com,WA,56,Auto,Direct,2019-10-14,3101.2,3173.35,186072.0,True,3,in_force,0
PH0100563,POL0500563,Barbara,Sanchez,barbara.sanchez563@example.com,TX,50,Home,Agent,2017-12-23,2394.97,2397.15,143698.0,False,1,in_force,1
PH0100564,POL0500564,Michael,Garcia,michael.garcia564@example.com,NY,67,Home,Direct,2023-02-24,3042.75,4072.61,182565.0,True,3,in_force,0
PH0100565,POL0500565,Sarah,Harris,sarah.harris565@example.com,GA,52,Auto,Direct,2019-08-12,1287.16,1569.87,77230.0,True,2,in_force,1
PH0100566,POL0500566,Elizabeth,White,elizabeth.white566@example.com,PA,54,Auto,Direct,2016-04-03,1698.81,1772.67,101929.0,False,3,in_force,0
PH0100567,POL0500567,Patricia,Rodriguez,patricia.rodriguez567@example.com,WA,49,Auto,Agent,2019-07-27,2494.52,2504.35,149671.0,True,2,in_force,0
PH0100568,POL0500568,James,Brown,james.brown568@example.com,MA,58,Home,Direct,2016-06-23,1949.16,2251.16,116950.0,False,1,in_force,0
PH0100569,POL0500569,Jennifer,White,jennifer.white569@example.com,AZ,71,Home,Broker,2021-09-18,666.92,676.03,40015.0,False,1,in_force,1
PH0100570,POL0500570,Jessica,Smith,jessica.smith570@example.com,TX,53,Home,Direct,2022-08-16,2862.16,2978.71,171730.0,True,3,in_force,0
PH0100571,POL0500571,Thomas,Martinez,thomas.martinez571@example.com,NY,54,Auto,Agent,2017-03-28,1557.03,2007.31,93422.0,True,3,in_force,0
PH0100572,POL0500572,Sarah,Taylor,sarah.taylor572@example.com,NJ,37,Auto,Direct,2017-03-25,2320.49,2352.03,139229.0,False,2,in_force,0
PH0100573,POL0500573,Jessica,Miller,jessica.miller573@example.com,FL,34,Auto,Broker,2024-03-19,1453.74,1496.35,87224.0,True,3,in_force,1
PH0100574,POL0500574,Susan,Moore,susan.moore574@example.com,VA,32,Auto,Direct,2017-02-24,2062.1,2644.37,123726.0,True,1,in_force,0
PH0100575,POL0500575,John,Sanchez,john.sanchez575@example.com,PA,66,Auto,Agent,2022-01-08,791.35,812.76,47481.0,False,3,in_force,0
PH0100576,POL0500576,Jessica,Clark,jessica.clark576@example.com,NY,54,Auto,Agent,2019-09-16,2261.84,2326.94,135710.0,True,3,in_force,1
PH0100577,POL0500577,Nancy,Anderson,nancy.anderson577@example.com,NY,67,Auto,Agent,2017-07-04,2972.38,3026.87,178343.0,False,2,in_force,0
PH0100578,POL0500578,Anthony,Lewis,anthony.lewis578@example.com,FL,58,Auto,Agent,2020-03-28,1848.51,1911.77,110911.0,False,1,in_force,0
PH0100579,POL0500579,Mark,Perez,mark.perez579@example.com,NC,65,Auto,Broker,2022-07-26,1153.67,1184.41,69220.0,True,2,in_force,0
PH0100580,POL0500580,Sarah,Thomas,sarah.thomas580@example.com,OH,69,Auto,Agent,2022-07-06,819.06,1075.16,49144.0,False,1,in_force,1
PH0100581,POL0500581,Lisa,Harris,lisa.harris581@example.com,IL,57,Auto,Direct,2017-11-05,3826.81,3833.14,229609.0,True,1,in_force,0
PH0100582,POL0500582,John,Hernandez,john.hernandez582@example.com,FL,76,Umbrella,Direct,2024-04-28,909.4,931.26,54564.0,False,2,in_force,1
PH0100583,POL0500583,John,Moore,john.moore583@example.com,AZ,37,Auto,Direct,2022-09-25,2378.04,2440.13,142682.0,False,1,in_force,0
PH0100584,POL0500584,David,Taylor,david.taylor584@example.com,FL,53,Life,Agent,2020-03-27,1404.57,1656.37,210686.0,True,2,in_force,1
PH0100585,POL0500585,Susan,Miller,susan.miller585@example.com,NY,54,Umbrella,Direct,2022-10-02,2436.44,2532.26,146186.0,True,3,in_force,0
PH0100586,POL0500586,Margaret,Robinson,margaret.robinson586@example.com,NC,39,Auto,Agent,2017-05-30,1506.99,1728.41,90419.0,True,3,in_force,0
PH0100587,POL0500587,Jennifer,Smith,jennifer.smith587@example.com,NY,54,Auto,Agent,2024-06-25,1828.42,1876.72,109705.0,True,2,in_force,0
PH0100588,POL0500588,Michael,Ramirez,michael.ramirez588@example.com,MA,74,Auto,Agent,2016-04-05,2153.46,2238.75,129208.0,False,3,in_force,0
PH0100589,POL0500589,Thomas,Robinson,thomas.robinson589@example.com,MA,29,Home,Agent,2024-08-28,1828.79,1874.6,109727.0,True,2,in_force,0
PH0100590,POL0500590,Charles,Hernandez,charles.hernandez590@example.com,MA,73,Home,Agent,2017-05-15,3231.46,3246.01,193888.0,False,2,in_force,0
PH0100591,POL0500591,Betty,Brown,betty.brown591@example.com,NC,31,Home,Agent,2022-10-20,2548.62,2573.85,152917.0,True,2,in_force,0
PH0100592,POL0500592,Mary,Lewis,mary.lewis592@example.com,OH,30,Auto,Agent,2024-02-10,3588.02,3678.6,215281.0,False,2,in_force,1
PH0100593,POL0500593,Lisa,Martinez,lisa.martinez593@example.com,AZ,66,Auto,Broker,2017-05-05,3583.35,3705.21,215001.0,True,3,in_force,0
PH0100594,POL0500594,John,Martinez,john.martinez594@example.com,MI,32,Umbrella,Direct,2017-05-19,2695.72,2710.39,161743.0,True,1,in_force,0
PH0100595,POL0500595,Lisa,Martinez,lisa.martinez595@example.com,FL,61,Home,Agent,2022-01-04,3304.67,3433.22,198280.0,True,2,in_force,0
PH0100596,POL0500596,Thomas,Thompson,thomas.thompson596@example.com,TX,35,Home,Broker,2024-05-15,3146.98,3553.81,188819.0,True,1,in_force,0
PH0100597,POL0500597,Jennifer,Wilson,jennifer.wilson597@example.com,MI,34,Auto,Broker,2021-06-11,2008.32,2098.94,120499.0,True,3,in_force,0
PH0100598,POL0500598,Patricia,Davis,patricia.davis598@example.com,PA,63,Umbrella,Direct,2016-01-21,3802.47,3867.61,228148.0,True,3,in_force,0
PH0100599,POL0500599,Thomas,Jones,thomas.jones599@example.com,OH,30,Home,Direct,2018-05-18,2616.43,2989.39,156986.0,True,3,in_force,0
PH0100600,POL0500600,Thomas,Lopez,thomas.lopez600@example.com,MI,65,Auto,Direct,2023-12-08,1564.45,1565.68,93867.0,False,2,in_force,1
PH0100601,POL0500601,Richard,Lee,richard.lee601@example.com,MI,43,Auto,Direct,2017-08-24,979.42,1204.78,58765.0,True,3,in_force,0
PH0100602,POL0500602,Jennifer,Lewis,jennifer.lewis602@example.com,NY,34,Umbrella,Agent,2018-01-27,1592.18,2122.7,95531.0,True,3,in_force,1
PH0100603,POL0500603,Nancy,Lewis,nancy.lewis603@example.com,NC,76,Umbrella,Direct,2016-03-12,3299.64,3458.03,197978.0,False,1,in_force,0
PH0100604,POL0500604,Charles,Martin,charles.martin604@example.com,OH,49,Life,Agent,2016-05-02,1949.94,2003.03,292491.0,True,3,in_force,0
PH0100605,POL0500605,Margaret,Smith,margaret.smith605@example.com,AZ,38,Umbrella,Agent,2021-05-13,653.13,669.91,39188.0,True,2,in_force,0
PH0100606,POL0500606,Mary,Williams,mary.williams606@example.com,OH,61,Life,Direct,2016-08-17,906.33,909.65,135950.0,False,1,in_force,0
PH0100607,POL0500607,Margaret,Lee,margaret.lee607@example.com,NC,40,Home,Broker,2022-07-13,2656.33,3190.36,159380.0,True,2,in_force,0
PH0100608,POL0500608,Lisa,Ramirez,lisa.ramirez608@example.com,GA,74,Umbrella,Broker,2023-01-05,3603.05,3779.96,216183.0,True,3,in_force,0
PH0100609,POL0500609,Patricia,Anderson,patricia.anderson609@example.com,NC,33,Auto,Agent,2021-03-16,3368.55,3396.22,202113.0,True,3,in_force,0
PH0100610,POL0500610,Sarah,Martinez,sarah.martinez610@example.com,PA,44,Auto,Agent,2022-08-24,3416.59,3440.65,204995.0,True,3,in_force,0
PH0100611,POL0500611,Sandra,Garcia,sandra.garcia611@example.com,TX,28,Auto,Agent,2017-10-23,3460.18,3562.08,207611.0,False,1,in_force,1
PH0100612,POL0500612,Susan,Smith,susan.smith612@example.com,IL,42,Umbrella,Broker,2022-06-02,3721.26,4810.97,223276.0,True,3,in_force,0
PH0100613,POL0500613,Joseph,Thomas,joseph.thomas613@example.com,VA,31,Umbrella,Broker,2020-07-07,1405.04,1459.83,84302.0,True,1,in_force,0
PH0100614,POL0500614,Charles,Gonzalez,charles.gonzalez614@example.com,GA,76,Auto,Direct,2022-08-30,2540.02,2574.12,152401.0,True,3,in_force,0
PH0100615,POL0500615,Margaret,Smith,margaret.smith615@example.com,FL,36,Umbrella,Direct,2016-06-03,3204.83,3315.68,192290.0,True,3,in_force,0
PH0100616,POL0500616,Daniel,Thompson,daniel.thompson616@example.com,PA,60,Auto,Agent,2019-04-10,1604.04,1671.9,96242.0,True,3,in_force,0
PH0100617,POL0500617,Richard,Thomas,richard.thomas617@example.com,NY,62,Auto,Agent,2024-08-16,733.9,743.99,44034.0,False,3,in_force,1
PH0100618,POL0500618,Barbara,Johnson,barbara.johnson618@example.com,VA,45,Auto,Direct,2016-05-02,3067.81,3179.43,184069.0,True,2,in_force,0
PH0100619,POL0500619,Jennifer,Rodriguez,jennifer.rodriguez619@example.com,MA,62,Umbrella,Direct,2017-12-21,3377.94,3408.77,202676.0,True,2,in_force,0
PH0100620,POL0500620,Sarah,Lewis,sarah.lewis620@example.com,MA,64,Auto,Broker,2017-02-26,1176.15,1493.38,70569.0,True,3,in_force,0
PH0100621,POL0500621,Sandra,Thomas,sandra.thomas621@example.com,FL,49,Home,Direct,2020-05-12,1199.94,1213.24,71996.0,False,2,in_force,0
PH0100622,POL0500622,Barbara,Brown,barbara.brown622@example.com,NY,60,Life,Broker,2017-03-11,1831.54,2311.55,274731.0,True,2,in_force,0
PH0100623,POL0500623,Karen,Hernandez,karen.hernandez623@example.com,WA,59,Auto,Direct,2024-09-01,3289.56,3321.49,197374.0,True,1,in_force,0
PH0100624,POL0500624,Anthony,Jackson,anthony.jackson624@example.com,TX,35,Life,Broker,2021-05-25,1177.41,1226.45,176612.0,True,1,in_force,0
PH0100625,POL0500625,Michael,Brown,michael.brown625@example.com,NY,74,Auto,Direct,2017-12-11,3485.52,3568.45,209131.0,False,3,in_force,1
PH0100626,POL0500626,Margaret,Garcia,margaret.garcia626@example.com,FL,59,Auto,Direct,2023-12-02,1729.31,1787.18,103759.0,True,2,in_force,0
PH0100627,POL0500627,William,Smith,william.smith627@example.com,FL,28,Auto,Agent,2016-06-10,3215.19,3252.1,192911.0,True,1,in_force,1
PH0100628,POL0500628,Richard,Gonzalez,richard.gonzalez628@example.com,MI,67,Home,Agent,2024-01-14,2248.67,2360.03,134920.0,True,2,in_force,1
PH0100629,POL0500629,Lisa,Martinez,lisa.martinez629@example.com,NJ,54,Auto,Agent,2017-09-05,1065.16,1117.61,63910.0,False,2,in_force,0
PH0100630,POL0500630,Richard,White,richard.white630@example.com,CA,33,Home,Broker,2021-10-29,1489.65,1903.56,89379.0,True,1,in_force,1
PH0100631,POL0500631,Richard,Taylor,richard.taylor631@example.com,VA,33,Home,Agent,2023-06-17,3168.15,3244.2,190089.0,True,3,in_force,1
PH0100632,POL0500632,Lisa,Brown,lisa.brown632@example.com,OH,31,Umbrella,Agent,2022-02-28,2948.53,3043.68,176912.0,True,2,in_force,1
PH0100633,POL0500633,Jennifer,Garcia,jennifer.garcia633@example.com,FL,64,Life,Agent,2022-05-10,3021.18,3165.49,453177.0,False,2,in_force,0
PH0100634,POL0500634,William,Moore,william.moore634@example.com,PA,45,Auto,Broker,2020-09-07,2969.32,3079.73,178159.0,True,1,in_force,0
PH0100635,POL0500635,Charles,Hernandez,charles.hernandez635@example.com,PA,44,Umbrella,Broker,2022-06-23,2605.88,2629.39,156353.0,True,3,in_force,0
PH0100636,POL0500636,Sandra,Thomas,sandra.thomas636@example.com,VA,35,Home,Direct,2018-05-27,1092.48,1144.14,65549.0,True,1,in_force,0
PH0100637,POL0500637,James,Rodriguez,james.rodriguez637@example.com,PA,43,Auto,Agent,2020-05-07,3256.95,3350.4,195417.0,True,1,in_force,0
PH0100638,POL0500638,Charles,White,charles.white638@example.com,IL,70,Auto,Direct,2016-04-08,1286.29,1342.11,77177.0,True,1,in_force,0
PH0100639,POL0500639,Charles,Wilson,charles.wilson639@example.com,GA,33,Auto,Direct,2018-05-11,2249.57,2262.52,134974.0,True,3,in_force,0
PH0100640,POL0500640,Patricia,Martin,patricia.martin640@example.com,WA,75,Auto,Agent,2023-07-21,1010.67,1017.21,60640.0,True,1,in_force,0
PH0100641,POL0500641,Michael,Robinson,michael.robinson641@example.com,MI,75,Home,Agent,2024-03-07,1589.56,1619.78,95374.0,True,1,in_force,0
PH0100642,POL0500642,Margaret,Smith,margaret.smith642@example.com,MI,70,Home,Agent,2019-08-30,2558.23,2560.42,153494.0,False,1,in_force,0
PH0100643,POL0500643,Jessica,Clark,jessica.clark643@example.com,CA,77,Home,Broker,2017-02-02,1029.68,1051.5,61781.0,True,2,in_force,0
PH0100644,POL0500644,Robert,Thomas,robert.thomas644@example.com,MA,31,Auto,Direct,2020-09-26,2615.6,2688.51,156936.0,True,1,in_force,0
PH0100645,POL0500645,Susan,Wilson,susan.wilson645@example.com,AZ,65,Home,Agent,2016-04-01,1065.96,1094.26,63958.0,False,1,in_force,1
PH0100646,POL0500646,Joseph,Wilson,joseph.wilson646@example.com,CA,35,Life,Agent,2016-06-29,3111.3,3191.29,466695.0,True,1,in_force,0
PH0100647,POL0500647,Susan,Moore,susan.moore647@example.com,NY,34,Home,Direct,2021-01-14,3093.02,3574.33,185581.0,True,3,in_force,0
PH0100648,POL0500648,Michael,Taylor,michael.taylor648@example.com,CA,54,Auto,Agent,2021-01-29,822.43,836.09,49346.0,False,2,in_force,0
PH0100649,POL0500649,William,Lee,william.lee649@example.com,MI,29,Auto,Agent,2024-06-19,811.85,838.91,48711.0,True,2,in_force,1
PH0100650,POL0500650,Mary,Thomas,mary.thomas650@example.com,GA,64,Home,Agent,2018-12-26,3308.93,3381.21,198536.0,True,3,in_force,0
PH0100651,POL0500651,Patricia,Ramirez,patricia.ramirez651@example.com,MA,62,Home,Direct,2016-12-08,2839.91,2921.07,170395.0,True,3,in_force,0
PH0100652,POL0500652,John,Anderson,john.anderson652@example.com,CA,74,Life,Direct,2022-01-10,3736.66,3831.61,560499.0,False,1,in_force,0
PH0100653,POL0500653,Mark,Rodriguez,mark.rodriguez653@example.com,PA,62,Home,Agent,2017-07-20,2094.13,2131.41,125648.0,True,1,in_force,0
PH0100654,POL0500654,Nancy,Clark,nancy.clark654@example.com,MI,45,Life,Broker,2017-11-08,2441.0,2497.55,366150.0,False,3,in_force,0
PH0100655,POL0500655,Sarah,Davis,sarah.davis655@example.com,IL,74,Auto,Agent,2020-03-25,3142.9,3268.28,188574.0,False,3,in_force,0
PH0100656,POL0500656,Mark,Martin,mark.martin656@example.com,MA,54,Auto,Direct,2023-11-15,3322.28,3413.11,199337.0,False,3,in_force,1
PH0100657,POL0500657,Robert,Rodriguez,robert.rodriguez657@example.com,OH,58,Umbrella,Direct,2017-09-11,2074.56,2118.64,124474.0,True,1,in_force,0
PH0100658,POL0500658,Christopher,Clark,christopher.clark658@example.com,FL,41,Home,Agent,2024-01-06,1394.48,1422.9,83669.0,True,1,in_force,0
PH0100659,POL0500659,Karen,Brown,karen.brown659@example.com,OH,48,Auto,Agent,2023-04-17,2880.45,2993.9,172827.0,True,1,in_force,0
PH0100660,POL0500660,Mark,Robinson,mark.robinson660@example.com,MA,75,Umbrella,Direct,2016-09-24,1055.69,1084.1,63341.0,False,3,in_force,0
PH0100661,POL0500661,Patricia,Martin,patricia.martin661@example.com,FL,74,Auto,Agent,2022-09-19,837.48,857.49,50249.0,True,3,in_force,0
PH0100662,POL0500662,Mary,Lopez,mary.lopez662@example.com,TX,32,Auto,Broker,2021-04-27,2834.85,3694.25,170091.0,True,3,in_force,0
PH0100663,POL0500663,Christopher,Lee,christopher.lee663@example.com,MI,47,Auto,Direct,2017-07-10,3758.08,3766.9,225485.0,False,2,in_force,0
PH0100664,POL0500664,James,Wilson,james.wilson664@example.com,FL,43,Auto,Broker,2020-02-22,3452.83,3600.32,207170.0,True,2,in_force,0
PH0100665,POL0500665,Joseph,Wilson,joseph.wilson665@example.com,MA,58,Auto,Broker,2023-10-13,1643.97,1955.54,98638.0,True,1,in_force,0
PH0100666,POL0500666,Sandra,Sanchez,sandra.sanchez666@example.com,MA,28,Home,Agent,2019-01-24,3831.49,3881.9,229889.0,True,2,in_force,0
PH0100667,POL0500667,William,White,william.white667@example.com,FL,40,Auto,Agent,2016-11-10,3672.29,4688.94,220337.0,True,3,in_force,1
PH0100668,POL0500668,Jessica,Perez,jessica.perez668@example.com,MI,74,Home,Broker,2016-12-13,3533.75,3570.2,212025.0,False,3,in_force,0
PH0100669,POL0500669,Jessica,Garcia,jessica.garcia669@example.com,CA,40,Life,Broker,2022-03-23,2842.27,2969.85,426340.0,True,1,in_force,0
PH0100670,POL0500670,Karen,Sanchez,karen.sanchez670@example.com,OH,43,Auto,Direct,2016-06-19,2937.23,2994.01,176234.0,False,1,in_force,0
PH0100671,POL0500671,Thomas,Taylor,thomas.taylor671@example.com,WA,37,Auto,Direct,2024-07-27,844.95,858.24,50697.0,True,1,in_force,1
PH0100672,POL0500672,Joseph,Garcia,joseph.garcia672@example.com,NC,43,Life,Agent,2018-09-02,1133.03,1430.04,169954.0,True,1,in_force,1
PH0100673,POL0500673,Mark,Smith,mark.smith673@example.com,CA,32,Life,Broker,2023-10-04,2126.19,2131.01,318928.0,True,3,in_force,1
PH0100674,POL0500674,Sandra,Sanchez,sandra.sanchez674@example.com,NJ,58,Home,Agent,2024-01-07,685.85,812.73,41151.0,True,1,in_force,0
PH0100675,POL0500675,James,Anderson,james.anderson675@example.com,AZ,76,Home,Agent,2020-07-13,1834.19,1920.71,110051.0,False,3,in_force,0
PH0100676,POL0500676,Mark,Lee,mark.lee676@example.com,OH,51,Umbrella,Agent,2019-05-10,2918.67,3048.81,175120.0,False,2,in_force,0
PH0100677,POL0500677,Thomas,Davis,thomas.davis677@example.com,NC,55,Life,Direct,2022-04-04,3522.66,3605.88,528399.0,False,3,in_force,0
PH0100678,POL0500678,John,Lopez,john.lopez678@example.com,CA,51,Home,Agent,2022-08-19,1811.67,1863.24,108700.0,False,1,in_force,0
PH0100679,POL0500679,John,Jones,john.jones679@example.com,OH,72,Auto,Broker,2024-07-26,3367.66,3464.87,202060.0,False,1,in_force,1
PH0100680,POL0500680,Nancy,Sanchez,nancy.sanchez680@example.com,AZ,69,Home,Direct,2022-03-08,944.09,963.1,56645.0,True,2,in_force,0
PH0100681,POL0500681,Susan,Harris,susan.harris681@example.com,NC,36,Umbrella,Direct,2016-01-12,1102.92,1123.17,66175.0,False,3,in_force,1
PH0100682,POL0500682,Mary,Williams,mary.williams682@example.com,NJ,53,Auto,Direct,2018-06-18,1962.03,2007.09,117722.0,True,1,in_force,0
PH0100683,POL0500683,Jessica,Williams,jessica.williams683@example.com,CA,50,Auto,Agent,2022-04-22,942.69,988.63,56561.0,True,2,in_force,0
PH0100684,POL0500684,William,Garcia,william.garcia684@example.com,OH,33,Auto,Direct,2024-05-19,1377.72,1432.41,82663.0,True,3,in_force,1
PH0100685,POL0500685,Christopher,Williams,christopher.williams685@example.com,MA,60,Umbrella,Direct,2022-06-09,2447.68,2483.54,146861.0,False,1,in_force,1
PH0100686,POL0500686,Betty,Martinez,betty.martinez686@example.com,WA,62,Home,Agent,2016-12-04,763.67,769.54,45820.0,False,3,in_force,0
PH0100687,POL0500687,David,Taylor,david.taylor687@example.com,WA,43,Umbrella,Agent,2019-10-13,1996.17,2614.28,119770.0,False,2,in_force,0
PH0100688,POL0500688,William,Hernandez,william.hernandez688@example.com,CA,56,Auto,Agent,2020-12-24,1909.12,1941.15,114547.0,True,2,in_force,0
PH0100689,POL0500689,Daniel,Anderson,daniel.anderson689@example.com,NJ,52,Auto,Agent,2016-08-09,1188.21,1518.25,71293.0,True,1,in_force,0
PH0100690,POL0500690,Christopher,Lewis,christopher.lewis690@example.com,MI,49,Home,Direct,2016-05-11,790.24,794.19,47414.0,True,1,in_force,0
PH0100691,POL0500691,Thomas,Martin,thomas.martin691@example.com,VA,76,Auto,Agent,2019-03-10,2386.84,2495.42,143210.0,False,3,in_force,1
PH0100692,POL0500692,Richard,Thomas,richard.thomas692@example.com,GA,52,Umbrella,Agent,2024-07-04,1719.36,1986.46,103162.0,True,1,in_force,1
PH0100693,POL0500693,William,Ramirez,william.ramirez693@example.com,TX,32,Auto,Agent,2016-03-03,2478.22,2588.79,148693.0,False,1,in_force,1
PH0100694,POL0500694,Matthew,Lewis,matthew.lewis694@example.com,MI,63,Home,Direct,2022-02-02,3393.07,3407.95,203584.0,True,3,in_force,0
PH0100695,POL0500695,Sandra,Anderson,sandra.anderson695@example.com,TX,33,Umbrella,Agent,2019-11-11,1372.08,1372.5,82325.0,True,3,in_force,0
PH0100696,POL0500696,Lisa,Anderson,lisa.anderson696@example.com,VA,58,Auto,Agent,2017-11-16,1871.5,1937.83,112290.0,False,2,in_force,0
PH0100697,POL0500697,Michael,Martin,michael.martin697@example.com,PA,62,Auto,Agent,2017-06-06,1082.86,1086.06,64972.0,True,2,in_force,0
PH0100698,POL0500698,Susan,Lopez,susan.lopez698@example.com,MI,66,Home,Agent,2023-12-20,2804.0,2907.02,168240.0,True,3,in_force,0
PH0100699,POL0500699,Susan,Hernandez,susan.hernandez699@example.com,MA,31,Auto,Broker,2020-07-25,1280.53,1333.34,76832.0,True,3,in_force,1
PH0100700,POL0500700,Anthony,Robinson,anthony.robinson700@example.com,OH,57,Auto,Broker,2024-06-11,1398.38,1409.08,83903.0,True,2,in_force,1
PH0100701,POL0500701,Nancy,Martinez,nancy.martinez701@example.com,MI,77,Auto,Agent,2018-02-11,2466.17,2503.45,147970.0,True,1,in_force,0
PH0100702,POL0500702,Michael,Sanchez,michael.sanchez702@example.com,OH,70,Umbrella,Direct,2017-07-16,3660.68,3719.35,219641.0,False,1,in_force,0
PH0100703,POL0500703,Christopher,Lewis,christopher.lewis703@example.com,CA,62,Home,Direct,2024-03-29,3691.19,3827.75,221471.0,False,1,in_force,1
PH0100704,POL0500704,Sandra,Clark,sandra.clark704@example.com,VA,33,Life,Direct,2023-05-19,2834.63,2863.12,425194.0,True,1,in_force,0
PH0100705,POL0500705,Elizabeth,Anderson,elizabeth.anderson705@example.com,FL,51,Auto,Direct,2023-06-23,2351.21,2381.86,141073.0,True,1,in_force,0
PH0100706,POL0500706,Daniel,Clark,daniel.clark706@example.com,IL,70,Home,Broker,2021-12-06,739.57,749.45,44374.0,False,3,in_force,1
PH0100707,POL0500707,Charles,Gonzalez,charles.gonzalez707@example.com,OH,47,Home,Agent,2021-01-03,3381.04,3457.65,202862.0,False,1,in_force,0
PH0100708,POL0500708,Sandra,Perez,sandra.perez708@example.com,MA,29,Life,Agent,2016-05-02,2236.18,2276.01,335427.0,True,1,in_force,0
PH0100709,POL0500709,Daniel,Taylor,daniel.taylor709@example.com,OH,49,Umbrella,Agent,2024-04-27,1362.21,1393.06,81733.0,True,2,in_force,0
PH0100710,POL0500710,Anthony,Jones,anthony.jones710@example.com,AZ,56,Auto,Agent,2022-01-08,3618.23,3735.66,217094.0,False,1,in_force,0
PH0100711,POL0500711,Matthew,Gonzalez,matthew.gonzalez711@example.com,NC,68,Auto,Broker,2023-10-14,3829.05,3867.05,229743.0,True,3,in_force,0
PH0100712,POL0500712,Elizabeth,Lopez,elizabeth.lopez712@example.com,AZ,58,Auto,Agent,2023-10-02,3151.95,3187.67,189117.0,True,3,in_force,0
PH0100713,POL0500713,Matthew,Taylor,matthew.taylor713@example.com,WA,38,Home,Agent,2018-03-29,965.74,973.27,57944.0,True,3,in_force,0
PH0100714,POL0500714,Sarah,Davis,sarah.davis714@example.com,MA,63,Life,Agent,2023-08-08,2909.48,2981.2,436422.0,False,3,in_force,0
PH0100715,POL0500715,David,Moore,david.moore715@example.com,AZ,44,Home,Broker,2024-09-27,1290.97,1307.92,77458.0,True,1,in_force,0
PH0100716,POL0500716,Robert,Garcia,robert.garcia716@example.com,MA,73,Auto,Agent,2021-09-13,3064.02,3216.78,183841.0,True,3,in_force,0
PH0100717,POL0500717,William,Miller,william.miller717@example.com,IL,69,Home,Agent,2016-07-20,3315.97,3435.69,198958.0,False,1,in_force,0
PH0100718,POL0500718,Jessica,Perez,jessica.perez718@example.com,IL,52,Auto,Direct,2016-09-16,3180.41,3784.85,190825.0,True,1,in_force,0
PH0100719,POL0500719,Michael,Jackson,michael.jackson719@example.com,IL,56,Home,Direct,2022-02-19,3225.53,4182.72,193532.0,False,1,in_force,1
PH0100720,POL0500720,Thomas,Moore,thomas.moore720@example.com,MI,58,Life,Broker,2023-04-11,1777.73,1860.93,266660.0,False,3,in_force,0
PH0100721,POL0500721,Daniel,Martinez,daniel.martinez721@example.com,NY,35,Auto,Broker,2022-10-04,1702.21,1783.39,102133.0,False,3,in_force,0
PH0100722,POL0500722,Robert,Johnson,robert.johnson722@example.com,FL,35,Auto,Direct,2022-07-28,3344.93,3426.26,200696.0,True,2,in_force,1
PH0100723,POL0500723,Joseph,Jackson,joseph.jackson723@example.com,GA,47,Home,Agent,2016-12-30,1884.1,1949.16,113046.0,True,2,in_force,0
PH0100724,POL0500724,Margaret,Moore,margaret.moore724@example.com,AZ,64,Auto,Direct,2024-07-24,1909.11,1948.62,114547.0,True,2,in_force,1
PH0100725,POL0500725,Margaret,Lewis,margaret.lewis725@example.com,MA,46,Home,Direct,2024-05-10,2918.92,3034.47,175135.0,True,1,in_force,0
PH0100726,POL0500726,Christopher,Harris,christopher.harris726@example.com,MA,61,Umbrella,Direct,2022-07-14,969.23,1291.8,58154.0,False,3,in_force,0
PH0100727,POL0500727,Barbara,Miller,barbara.miller727@example.com,PA,68,Umbrella,Broker,2023-12-17,1835.74,1889.49,110144.0,False,1,in_force,0
PH0100728,POL0500728,Anthony,Smith,anthony.smith728@example.com,FL,75,Auto,Agent,2019-12-28,3142.11,3277.81,188527.0,True,2,in_force,1
PH0100729,POL0500729,Mary,Lewis,mary.lewis729@example.com,NY,46,Home,Broker,2018-01-21,1154.23,1162.06,69254.0,False,1,in_force,0
PH0100730,POL0500730,Christopher,Hernandez,christopher.hernandez730@example.com,VA,73,Life,Direct,2017-07-30,1870.57,1875.26,280586.0,False,3,in_force,1
PH0100731,POL0500731,Matthew,Robinson,matthew.robinson731@example.com,WA,38,Home,Agent,2018-03-25,2315.0,2996.78,138900.0,True,1,in_force,0
PH0100732,POL0500732,Joseph,Ramirez,joseph.ramirez732@example.com,OH,37,Home,Direct,2024-09-13,2601.88,2642.88,156113.0,False,1,in_force,1
PH0100733,POL0500733,Jennifer,Perez,jennifer.perez733@example.com,WA,36,Auto,Direct,2019-04-13,837.17,867.4,50230.0,False,2,in_force,0
PH0100734,POL0500734,Anthony,Robinson,anthony.robinson734@example.com,GA,69,Auto,Broker,2023-02-18,1677.57,1686.45,100654.0,False,3,in_force,1
PH0100735,POL0500735,Margaret,Robinson,margaret.robinson735@example.com,TX,39,Auto,Direct,2017-09-29,778.33,808.76,46700.0,True,2,in_force,0
PH0100736,POL0500736,John,Williams,john.williams736@example.com,CA,35,Home,Direct,2021-12-14,784.28,822.81,47057.0,True,3,in_force,1
PH0100737,POL0500737,Joseph,Ramirez,joseph.ramirez737@example.com,CA,59,Auto,Agent,2019-04-08,3203.4,3299.22,192204.0,True,3,in_force,0
PH0100738,POL0500738,Sarah,Anderson,sarah.anderson738@example.com,FL,38,Auto,Direct,2016-03-28,1128.89,1308.1,67733.0,False,3,in_force,0
PH0100739,POL0500739,Thomas,Martin,thomas.martin739@example.com,MI,49,Auto,Broker,2016-02-18,716.59,938.19,42995.0,True,2,in_force,0
PH0100740,POL0500740,Karen,Harris,karen.harris740@example.com,AZ,48,Umbrella,Broker,2018-02-15,2239.87,2341.09,134392.0,True,3,in_force,0
PH0100741,POL0500741,Lisa,Robinson,lisa.robinson741@example.com,FL,37,Auto,Agent,2022-08-23,878.27,920.21,52696.0,False,1,in_force,0
PH0100742,POL0500742,Linda,Lee,linda.lee742@example.com,NC,76,Auto,Direct,2016-06-14,2486.47,2514.37,149188.0,False,1,in_force,0
PH0100743,POL0500743,Nancy,Robinson,nancy.robinson743@example.com,MA,35,Auto,Direct,2023-12-23,1141.69,1165.5,68501.0,True,2,in_force,0
PH0100744,POL0500744,Anthony,Clark,anthony.clark744@example.com,NJ,28,Umbrella,Broker,2016-06-23,1218.52,1274.3,73111.0,True,3,in_force,0
PH0100745,POL0500745,Michael,Martinez,michael.martinez745@example.com,NJ,39,Life,Agent,2017-04-02,2937.55,2958.82,440632.0,True,1,in_force,0
PH0100746,POL0500746,Christopher,Garcia,christopher.garcia746@example.com,NC,72,Auto,Direct,2018-03-26,713.69,729.11,42821.0,True,3,in_force,0
PH0100747,POL0500747,Mary,Smith,mary.smith747@example.com,IL,40,Home,Direct,2024-05-21,1727.31,1743.59,103639.0,True,2,in_force,0
PH0100748,POL0500748,Sarah,Thompson,sarah.thompson748@example.com,FL,54,Home,Direct,2022-11-27,3105.38,3786.21,186323.0,True,2,in_force,1
PH0100749,POL0500749,Thomas,Hernandez,thomas.hernandez749@example.com,NJ,35,Life,Broker,2023-01-29,1216.51,1231.58,182476.0,True,1,in_force,0
PH0100750,POL0500750,Christopher,Lewis,christopher.lewis750@example.com,MA,62,Auto,Direct,2021-11-10,1441.56,1654.96,86494.0,True,2,in_force,0
PH0100751,POL0500751,Robert,Hernandez,robert.hernandez751@example.com,GA,41,Life,Direct,2019-06-15,2548.17,2568.87,382226.0,True,3,in_force,0
PH0100752,POL0500752,Michael,Sanchez,michael.sanchez752@example.com,MI,60,Auto,Broker,2019-05-23,2128.54,2177.32,127712.0,False,2,in_force,1
PH0100753,POL0500753,Jessica,Martinez,jessica.martinez753@example.com,NJ,62,Home,Direct,2022-03-07,2554.01,2660.44,153241.0,False,1,in_force,0
PH0100754,POL0500754,James,Miller,james.miller754@example.com,CA,71,Auto,Broker,2019-11-13,3081.27,3172.5,184876.0,False,3,in_force,1
PH0100755,POL0500755,Linda,Rodriguez,linda.rodriguez755@example.com,MA,46,Auto,Agent,2019-05-26,2574.65,2625.29,154479.0,True,2,in_force,1
PH0100756,POL0500756,Jennifer,Ramirez,jennifer.ramirez756@example.com,FL,35,Auto,Direct,2022-10-30,1404.92,1450.41,84295.0,True,1,in_force,1
PH0100757,POL0500757,Robert,Martinez,robert.martinez757@example.com,IL,74,Home,Agent,2019-11-25,1181.92,1235.08,70915.0,True,3,in_force,0
PH0100758,POL0500758,Robert,Lee,robert.lee758@example.com,GA,59,Home,Direct,2017-10-05,2365.43,2394.57,141926.0,True,2,in_force,0
PH0100759,POL0500759,William,Thomas,william.thomas759@example.com,IL,67,Home,Agent,2016-12-10,825.17,847.0,49510.0,True,2,in_force,0
PH0100760,POL0500760,Michael,Johnson,michael.johnson760@example.com,IL,42,Life,Direct,2021-06-23,746.91,766.7,112036.0,True,1,in_force,1
PH0100761,POL0500761,Daniel,Martinez,daniel.martinez761@example.com,OH,48,Home,Direct,2023-05-31,2982.6,3102.77,178956.0,True,1,in_force,0
PH0100762,POL0500762,Barbara,Wilson,barbara.wilson762@example.com,NJ,58,Auto,Direct,2018-02-09,3431.94,3558.1,205916.0,True,2,in_force,0
PH0100763,POL0500763,Patricia,Johnson,patricia.johnson763@example.com,NC,66,Auto,Broker,2022-03-19,1379.2,1819.58,82752.0,False,3,in_force,0
PH0100764,POL0500764,Sarah,Martin,sarah.martin764@example.com,OH,70,Auto,Direct,2021-11-08,1194.64,1211.18,71678.0,False,3,in_force,1
PH0100765,POL0500765,John,Garcia,john.garcia765@example.com,VA,41,Auto,Agent,2023-02-27,2340.12,2390.95,140407.0,True,1,in_force,0
PH0100766,POL0500766,Sandra,Wilson,sandra.wilson766@example.com,MI,41,Umbrella,Direct,2018-06-24,936.18,950.84,56171.0,True,1,in_force,0
PH0100767,POL0500767,Matthew,Clark,matthew.clark767@example.com,NJ,48,Home,Broker,2018-03-10,713.92,718.27,42835.0,True,3,in_force,1
PH0100768,POL0500768,Mary,Jackson,mary.jackson768@example.com,CA,72,Auto,Direct,2021-12-15,3202.32,3317.15,192139.0,True,2,in_force,1
PH0100769,POL0500769,Nancy,Davis,nancy.davis769@example.com,TX,69,Umbrella,Broker,2019-10-01,3275.32,3355.13,196519.0,True,2,in_force,0
PH0100770,POL0500770,Elizabeth,Garcia,elizabeth.garcia770@example.com,NC,33,Umbrella,Direct,2020-03-27,1470.56,1520.78,88234.0,True,1,in_force,0
PH0100771,POL0500771,Sarah,Smith,sarah.smith771@example.com,FL,59,Auto,Direct,2018-05-26,1106.67,1130.03,66400.0,False,3,in_force,0
PH0100772,POL0500772,Daniel,Harris,daniel.harris772@example.com,AZ,70,Auto,Agent,2022-10-21,2472.94,3061.62,148376.0,False,3,in_force,0
PH0100773,POL0500773,Margaret,Hernandez,margaret.hernandez773@example.com,WA,50,Umbrella,Agent,2017-04-03,3309.71,3398.68,198583.0,False,1,in_force,0
PH0100774,POL0500774,Michael,Martinez,michael.martinez774@example.com,NY,65,Umbrella,Direct,2021-08-25,3533.67,3569.99,212020.0,True,3,in_force,0
PH0100775,POL0500775,Linda,White,linda.white775@example.com,NY,41,Auto,Broker,2020-07-15,2088.42,2098.27,125305.0,False,3,in_force,0
PH0100776,POL0500776,Joseph,Anderson,joseph.anderson776@example.com,FL,28,Umbrella,Direct,2019-01-04,862.11,1096.46,51727.0,False,3,in_force,0
PH0100777,POL0500777,Elizabeth,Smith,elizabeth.smith777@example.com,PA,72,Auto,Agent,2023-03-29,1201.65,1486.9,72099.0,True,1,in_force,0
PH0100778,POL0500778,Joseph,Thomas,joseph.thomas778@example.com,MI,48,Auto,Agent,2016-05-02,2233.79,2971.32,134027.0,True,1,in_force,1
PH0100779,POL0500779,Betty,Brown,betty.brown779@example.com,GA,35,Home,Direct,2022-05-21,3234.78,3311.44,194087.0,True,2,in_force,0
PH0100780,POL0500780,Charles,Rodriguez,charles.rodriguez780@example.com,PA,75,Umbrella,Broker,2021-01-01,3476.57,3480.5,208594.0,False,2,in_force,0
PH0100781,POL0500781,Linda,Robinson,linda.robinson781@example.com,FL,58,Auto,Broker,2020-08-02,2578.57,2650.41,154714.0,False,3,in_force,0
PH0100782,POL0500782,Lisa,Martin,lisa.martin782@example.com,WA,62,Auto,Broker,2020-08-21,2429.21,2539.53,145753.0,True,2,in_force,0
PH0100783,POL0500783,Robert,Thompson,robert.thompson783@example.com,AZ,28,Auto,Agent,2017-11-19,1287.77,1331.96,77266.0,False,1,in_force,0
PH0100784,POL0500784,James,Moore,james.moore784@example.com,WA,74,Auto,Direct,2019-10-11,3814.77,3994.6,228886.0,False,3,in_force,0
PH0100785,POL0500785,Richard,Davis,richard.davis785@example.com,CA,31,Life,Direct,2016-04-04,2298.16,2326.78,344724.0,True,1,in_force,0
PH0100786,POL0500786,Barbara,Miller,barbara.miller786@example.com,IL,76,Auto,Broker,2018-09-06,1965.57,2002.43,117934.0,True,3,in_force,0
PH0100787,POL0500787,Robert,Johnson,robert.johnson787@example.com,NC,50,Auto,Broker,2021-08-13,1488.66,1498.78,89320.0,True,2,in_force,1
PH0100788,POL0500788,Sarah,Thompson,sarah.thompson788@example.com,IL,34,Auto,Broker,2022-02-26,3652.46,3796.06,219148.0,False,2,in_force,0
PH0100789,POL0500789,Mark,Jones,mark.jones789@example.com,MI,75,Home,Agent,2023-01-12,1772.71,2240.83,106363.0,True,3,in_force,1
PH0100790,POL0500790,James,Lopez,james.lopez790@example.com,GA,74,Umbrella,Agent,2024-05-03,3734.92,3892.78,224095.0,True,2,in_force,0
PH0100791,POL0500791,Sandra,Thompson,sandra.thompson791@example.com,WA,53,Umbrella,Agent,2017-09-17,1533.4,2029.99,92004.0,False,2,in_force,1
PH0100792,POL0500792,Betty,Taylor,betty.taylor792@example.com,PA,60,Home,Direct,2022-05-05,3765.37,4476.67,225922.0,True,1,in_force,1
PH0100793,POL0500793,Elizabeth,Davis,elizabeth.davis793@example.com,IL,71,Umbrella,Direct,2022-07-31,2251.42,2342.19,135085.0,False,3,in_force,1
PH0100794,POL0500794,Betty,White,betty.white794@example.com,FL,43,Auto,Broker,2016-04-30,813.06,851.72,48784.0,True,1,in_force,0
PH0100795,POL0500795,Susan,Johnson,susan.johnson795@example.com,WA,75,Auto,Broker,2017-03-05,3479.14,4652.63,208748.0,True,3,in_force,0
PH0100796,POL0500796,Mary,White,mary.white796@example.com,NC,44,Life,Direct,2017-02-07,3355.28,3493.09,503292.0,True,2,in_force,0
PH0100797,POL0500797,Michael,Anderson,michael.anderson797@example.com,IL,42,Life,Agent,2019-10-15,2909.74,3849.52,436461.0,True,3,in_force,0
PH0100798,POL0500798,Jessica,Jones,jessica.jones798@example.com,WA,57,Umbrella,Agent,2022-09-18,2938.19,3077.09,176291.0,True,1,in_force,0
PH0100799,POL0500799,Betty,Lopez,betty.lopez799@example.com,GA,60,Auto,Agent,2016-05-08,2734.26,2774.34,164056.0,False,1,in_force,1
PH0100800,POL0500800,Richard,Williams,richard.williams800@example.com,CA,58,Home,Agent,2016-02-09,1814.73,1901.38,108884.0,True,2,in_force,0
PH0100801,POL0500801,Charles,Jones,charles.jones801@example.com,PA,62,Life,Agent,2019-04-14,1355.25,1790.06,203288.0,False,3,in_force,0
PH0100802,POL0500802,William,Ramirez,william.ramirez802@example.com,NY,30,Auto,Direct,2017-08-26,3567.09,3695.45,214025.0,False,3,in_force,0
PH0100803,POL0500803,Sandra,Thomas,sandra.thomas803@example.com,OH,44,Home,Broker,2024-08-14,2267.81,2357.08,136069.0,False,1,in_force,0
PH0100804,POL0500804,Robert,Davis,robert.davis804@example.com,MI,51,Life,Broker,2024-07-30,2271.41,2300.89,340712.0,True,3,in_force,0
PH0100805,POL0500805,Barbara,Gonzalez,barbara.gonzalez805@example.com,WA,44,Auto,Broker,2024-06-18,2350.99,2378.01,141059.0,False,1,in_force,1
PH0100806,POL0500806,Robert,Smith,robert.smith806@example.com,GA,69,Auto,Agent,2020-03-25,1110.21,1157.93,66613.0,False,2,in_force,0
PH0100807,POL0500807,Nancy,Taylor,nancy.taylor807@example.com,AZ,66,Home,Broker,2024-08-28,1290.05,1295.46,77403.0,False,3,in_force,0
PH0100808,POL0500808,Daniel,Hernandez,daniel.hernandez808@example.com,IL,44,Home,Agent,2017-10-12,2527.43,2557.92,151646.0,False,2,in_force,1
PH0100809,POL0500809,Susan,Martin,susan.martin809@example.com,TX,59,Home,Agent,2017-03-12,833.06,858.75,49984.0,True,1,in_force,0
PH0100810,POL0500810,Michael,Miller,michael.miller810@example.com,FL,54,Home,Direct,2021-02-22,3583.83,3623.95,215030.0,True,2,in_force,0
PH0100811,POL0500811,Christopher,Martinez,christopher.martinez811@example.com,IL,41,Home,Direct,2022-08-05,2644.97,2694.38,158698.0,True,1,in_force,0
PH0100812,POL0500812,Nancy,Thompson,nancy.thompson812@example.com,MA,34,Umbrella,Agent,2022-05-03,2554.07,3294.14,153244.0,False,2,in_force,0
PH0100813,POL0500813,David,Rodriguez,david.rodriguez813@example.com,NC,64,Life,Agent,2016-05-21,1204.73,1602.97,180710.0,True,1,in_force,0
PH0100814,POL0500814,Patricia,Martin,patricia.martin814@example.com,MA,74,Auto,Direct,2018-07-15,1701.39,1777.74,102083.0,True,2,in_force,0
PH0100815,POL0500815,Betty,Moore,betty.moore815@example.com,PA,72,Life,Agent,2018-05-02,3066.17,3200.34,459926.0,True,1,in_force,0
PH0100816,POL0500816,Karen,Martin,karen.martin816@example.com,FL,31,Home,Agent,2017-04-27,3744.34,3758.43,224660.0,True,3,in_force,0
PH0100817,POL0500817,William,Martin,william.martin817@example.com,WA,34,Home,Agent,2022-07-28,1915.67,2242.1,114940.0,True,1,in_force,0
PH0100818,POL0500818,James,Jackson,james.jackson818@example.com,MI,38,Auto,Direct,2023-05-26,3537.63,3561.94,212258.0,True,1,in_force,0
PH0100819,POL0500819,Michael,White,michael.white819@example.com,WA,36,Life,Agent,2017-02-15,1608.44,1612.41,241266.0,False,2,in_force,0
PH0100820,POL0500820,Robert,Williams,robert.williams820@example.com,NC,62,Auto,Direct,2018-08-25,2660.5,2753.67,159630.0,True,1,in_force,0
PH0100821,POL0500821,James,Martinez,james.martinez821@example.com,WA,62,Home,Agent,2021-06-01,2030.55,2114.77,121833.0,True,1,in_force,1
PH0100822,POL0500822,Charles,Jackson,charles.jackson822@example.com,NC,55,Auto,Direct,2019-12-22,3442.34,3470.9,206540.0,True,3,in_force,0
PH0100823,POL0500823,David,Johnson,david.johnson823@example.com,MA,61,Auto,Direct,2019-09-28,3163.95,3247.37,189837.0,True,3,in_force,0
PH0100824,POL0500824,William,Thompson,william.thompson824@example.com,OH,73,Home,Broker,2021-05-11,3173.32,3908.71,190399.0,True,1,in_force,0
PH0100825,POL0500825,Barbara,Martinez,barbara.martinez825@example.com,MA,41,Auto,Direct,2024-09-30,3008.76,3757.44,180526.0,True,1,in_force,1
PH0100826,POL0500826,Charles,Jackson,charles.jackson826@example.com,FL,66,Umbrella,Agent,2016-02-16,2587.55,2638.58,155253.0,False,2,in_force,0
PH0100827,POL0500827,Charles,Davis,charles.davis827@example.com,NY,51,Home,Direct,2024-07-22,2631.4,3119.61,157884.0,True,1,in_force,0
PH0100828,POL0500828,Daniel,Johnson,daniel.johnson828@example.com,OH,29,Home,Broker,2021-12-06,2204.73,2663.3,132284.0,True,3,in_force,0
PH0100829,POL0500829,Mary,Thomas,mary.thomas829@example.com,OH,36,Auto,Agent,2020-05-20,2917.88,2969.52,175073.0,True,2,in_force,0
PH0100830,POL0500830,Betty,Wilson,betty.wilson830@example.com,TX,28,Umbrella,Direct,2023-03-18,1478.72,1550.07,88723.0,True,1,in_force,0
PH0100831,POL0500831,Mark,Robinson,mark.robinson831@example.com,WA,30,Umbrella,Agent,2020-09-24,3178.13,3206.74,190688.0,False,2,in_force,0
PH0100832,POL0500832,Jessica,Hernandez,jessica.hernandez832@example.com,AZ,49,Life,Direct,2017-02-13,2062.42,2148.62,309363.0,True,3,in_force,0
PH0100833,POL0500833,John,Harris,john.harris833@example.com,GA,38,Auto,Direct,2018-06-16,2020.88,2040.72,121253.0,False,3,in_force,0
PH0100834,POL0500834,Matthew,Davis,matthew.davis834@example.com,GA,62,Auto,Broker,2016-11-14,809.72,835.94,48583.0,True,1,in_force,0
PH0100835,POL0500835,Matthew,Davis,matthew.davis835@example.com,OH,63,Auto,Direct,2016-10-02,3473.26,4174.89,208396.0,True,3,in_force,0
PH0100836,POL0500836,Robert,Anderson,robert.anderson836@example.com,GA,72,Life,Agent,2017-11-14,685.5,696.97,102825.0,False,3,in_force,0
PH0100837,POL0500837,Elizabeth,Davis,elizabeth.davis837@example.com,IL,54,Home,Agent,2024-06-10,1729.87,2206.1,103792.0,True,2,in_force,0
PH0100838,POL0500838,Richard,Thomas,richard.thomas838@example.com,NJ,56,Home,Agent,2023-06-20,3265.75,3394.99,195945.0,False,3,in_force,1
PH0100839,POL0500839,Karen,Smith,karen.smith839@example.com,WA,60,Life,Direct,2021-01-25,2028.91,2106.0,304336.0,False,1,in_force,0
PH0100840,POL0500840,Susan,Harris,susan.harris840@example.com,VA,76,Life,Broker,2016-11-14,2834.94,2892.65,425241.0,True,1,in_force,0
PH0100841,POL0500841,Anthony,Martin,anthony.martin841@example.com,TX,71,Umbrella,Direct,2022-05-09,3627.56,3729.47,217654.0,True,2,in_force,0
PH0100842,POL0500842,Matthew,Sanchez,matthew.sanchez842@example.com,NY,57,Home,Agent,2017-01-05,2358.46,2394.78,141508.0,True,2,in_force,0
PH0100843,POL0500843,Nancy,Harris,nancy.harris843@example.com,NY,48,Auto,Direct,2019-05-23,2865.45,3435.49,171927.0,True,2,in_force,0
PH0100844,POL0500844,Karen,Garcia,karen.garcia844@example.com,TX,67,Umbrella,Direct,2019-10-24,2055.41,2418.93,123325.0,True,1,in_force,1
PH0100845,POL0500845,Margaret,Harris,margaret.harris845@example.com,WA,31,Home,Direct,2017-02-25,3473.95,3599.48,208437.0,True,3,in_force,0
PH0100846,POL0500846,Sandra,Martin,sandra.martin846@example.com,FL,54,Auto,Agent,2023-01-27,2078.05,2341.63,124683.0,True,1,in_force,0
PH0100847,POL0500847,Margaret,Williams,margaret.williams847@example.com,GA,38,Home,Direct,2020-07-05,1179.93,1212.39,70796.0,False,2,in_force,0
PH0100848,POL0500848,William,Harris,william.harris848@example.com,CA,70,Home,Agent,2016-03-19,2302.29,2413.48,138137.0,False,1,in_force,0
PH0100849,POL0500849,Richard,Gonzalez,richard.gonzalez849@example.com,FL,28,Auto,Direct,2022-04-02,1077.1,1354.43,64626.0,True,3,in_force,0
PH0100850,POL0500850,James,White,james.white850@example.com,VA,46,Auto,Agent,2023-06-04,1604.42,1634.42,96265.0,True,1,in_force,0
PH0100851,POL0500851,Robert,Davis,robert.davis851@example.com,GA,51,Auto,Agent,2018-10-15,2414.22,2468.7,144853.0,False,3,in_force,0
PH0100852,POL0500852,Margaret,Gonzalez,margaret.gonzalez852@example.com,AZ,72,Umbrella,Direct,2019-01-19,2399.71,3149.24,143983.0,True,2,in_force,1
PH0100853,POL0500853,Jennifer,Garcia,jennifer.garcia853@example.com,OH,64,Home,Agent,2022-12-14,1878.26,1969.03,112696.0,False,3,in_force,0
PH0100854,POL0500854,Thomas,Anderson,thomas.anderson854@example.com,VA,59,Life,Agent,2021-01-21,1840.94,1842.08,276141.0,True,2,in_force,0
PH0100855,POL0500855,James,Smith,james.smith855@example.com,CA,32,Auto,Agent,2019-04-01,2737.59,2801.43,164255.0,True,3,in_force,0
PH0100856,POL0500856,Betty,Martinez,betty.martinez856@example.com,VA,69,Home,Agent,2023-06-01,3436.29,3533.2,206177.0,True,1,in_force,0
PH0100857,POL0500857,Christopher,Robinson,christopher.robinson857@example.com,CA,56,Home,Broker,2022-11-26,971.61,999.39,58297.0,False,1,in_force,1
PH0100858,POL0500858,Jessica,Perez,jessica.perez858@example.com,MI,48,Auto,Agent,2020-07-15,815.86,823.87,48952.0,True,2,in_force,0
PH0100859,POL0500859,Anthony,Martin,anthony.martin859@example.com,VA,65,Auto,Agent,2022-09-13,2540.52,2565.08,152431.0,True,1,in_force,0
PH0100860,POL0500860,Joseph,White,joseph.white860@example.com,NC,54,Umbrella,Agent,2017-06-11,1658.68,2211.2,99521.0,True,2,in_force,0
PH0100861,POL0500861,Richard,Miller,richard.miller861@example.com,PA,30,Umbrella,Agent,2022-10-14,2436.7,2436.88,146202.0,True,3,in_force,0
PH0100862,POL0500862,Matthew,Davis,matthew.davis862@example.com,MI,73,Home,Agent,2022-02-14,910.59,941.59,54635.0,True,2,in_force,0
PH0100863,POL0500863,Lisa,White,lisa.white863@example.com,CA,43,Auto,Direct,2021-10-05,2424.99,2458.78,145499.0,False,3,in_force,0
PH0100864,POL0500864,Sandra,Taylor,sandra.taylor864@example.com,MA,31,Umbrella,Broker,2024-07-18,2209.62,2316.23,132577.0,True,1,in_force,1
PH0100865,POL0500865,Karen,Thompson,karen.thompson865@example.com,MI,33,Umbrella,Direct,2022-01-24,3420.09,3980.75,205205.0,False,1,in_force,0
PH0100866,POL0500866,William,Moore,william.moore866@example.com,PA,63,Life,Agent,2019-10-18,1747.31,1768.36,262096.0,False,1,in_force,0
PH0100867,POL0500867,David,Lopez,david.lopez867@example.com,VA,45,Home,Agent,2019-04-28,3413.34,3529.21,204800.0,True,3,in_force,0
PH0100868,POL0500868,Elizabeth,Gonzalez,elizabeth.gonzalez868@example.com,VA,32,Life,Direct,2022-12-04,2983.42,3046.25,447513.0,False,2,in_force,0
PH0100869,POL0500869,Michael,Robinson,michael.robinson869@example.com,OH,61,Auto,Direct,2020-07-01,3620.0,4242.75,217200.0,True,1,in_force,0
PH0100870,POL0500870,Robert,White,robert.white870@example.com,NC,69,Auto,Broker,2016-12-25,1501.14,1861.27,90068.0,True,1,in_force,0
PH0100871,POL0500871,Karen,Rodriguez,karen.rodriguez871@example.com,IL,38,Home,Broker,2023-09-21,3072.32,3179.25,184339.0,True,1,in_force,0
PH0100872,POL0500872,Richard,Johnson,richard.johnson872@example.com,CA,67,Life,Broker,2024-01-14,787.59,805.84,118138.0,False,2,in_force,0
PH0100873,POL0500873,Thomas,Williams,thomas.williams873@example.com,TX,63,Auto,Direct,2016-03-07,1036.48,1056.65,62189.0,True,3,in_force,0
PH0100874,POL0500874,Matthew,Wilson,matthew.wilson874@example.com,MA,53,Home,Agent,2016-03-06,1780.62,1813.2,106837.0,True,1,in_force,0
PH0100875,POL0500875,Barbara,Taylor,barbara.taylor875@example.com,GA,64,Auto,Agent,2016-09-10,1223.58,1236.38,73415.0,True,2,in_force,1
PH0100876,POL0500876,Sarah,Gonzalez,sarah.gonzalez876@example.com,OH,75,Umbrella,Broker,2019-05-15,2508.36,2557.07,150502.0,True,1,in_force,0
PH0100877,POL0500877,Betty,Lee,betty.lee877@example.com,TX,64,Home,Agent,2018-01-30,2581.1,2612.32,154866.0,True,1,in_force,0
PH0100878,POL0500878,Margaret,Jackson,margaret.jackson878@example.com,NJ,39,Home,Broker,2018-11-23,2164.87,2265.87,129892.0,True,3,in_force,0
PH0100879,POL0500879,Daniel,Smith,daniel.smith879@example.com,TX,55,Home,Agent,2022-12-01,3085.67,3645.28,185140.0,True,2,in_force,1
PH0100880,POL0500880,Linda,Miller,linda.miller880@example.com,NJ,37,Umbrella,Broker,2018-01-24,3827.26,3856.07,229636.0,True,2,in_force,0
PH0100881,POL0500881,Susan,Lewis,susan.lewis881@example.com,VA,60,Auto,Broker,2023-11-06,1935.79,1982.07,116147.0,False,2,in_force,1
PH0100882,POL0500882,Thomas,Garcia,thomas.garcia882@example.com,OH,57,Home,Direct,2020-09-17,2471.36,3271.36,148282.0,False,1,in_force,1
PH0100883,POL0500883,Daniel,Harris,daniel.harris883@example.com,MI,71,Auto,Direct,2021-06-07,3333.66,3474.03,200020.0,True,1,in_force,1
PH0100884,POL0500884,Elizabeth,Garcia,elizabeth.garcia884@example.com,AZ,68,Auto,Broker,2017-10-23,2938.42,3040.69,176305.0,True,3,in_force,0
PH0100885,POL0500885,John,Gonzalez,john.gonzalez885@example.com,NC,31,Auto,Agent,2020-04-23,3809.84,3947.63,228590.0,True,2,in_force,0
PH0100886,POL0500886,William,Hernandez,william.hernandez886@example.com,WA,76,Home,Direct,2020-01-08,969.6,981.95,58176.0,True,1,in_force,0
PH0100887,POL0500887,Robert,Robinson,robert.robinson887@example.com,NY,60,Home,Agent,2023-03-18,1204.75,1224.8,72285.0,True,3,in_force,1
PH0100888,POL0500888,Karen,Rodriguez,karen.rodriguez888@example.com,NC,28,Auto,Agent,2019-05-08,2134.92,2217.12,128095.0,False,2,in_force,0
PH0100889,POL0500889,Joseph,Miller,joseph.miller889@example.com,AZ,47,Auto,Agent,2017-09-21,958.38,990.25,57503.0,True,3,in_force,0
PH0100890,POL0500890,Michael,Smith,michael.smith890@example.com,NC,61,Auto,Agent,2024-06-17,3335.12,3442.08,200107.0,False,3,in_force,1
PH0100891,POL0500891,Patricia,Jackson,patricia.jackson891@example.com,OH,38,Auto,Agent,2018-09-29,1188.61,1190.46,71317.0,True,3,in_force,0
PH0100892,POL0500892,Matthew,Rodriguez,matthew.rodriguez892@example.com,FL,57,Umbrella,Broker,2020-09-16,1586.11,1593.93,95167.0,False,1,in_force,0
PH0100893,POL0500893,John,Sanchez,john.sanchez893@example.com,NC,76,Home,Direct,2017-01-04,2252.09,2268.61,135125.0,True,2,in_force,0
PH0100894,POL0500894,Jessica,Perez,jessica.perez894@example.com,AZ,64,Auto,Broker,2016-08-19,1662.35,1728.8,99741.0,True,3,in_force,0
PH0100895,POL0500895,John,Hernandez,john.hernandez895@example.com,GA,66,Life,Direct,2016-08-25,1618.0,1667.23,242700.0,False,2,in_force,0
PH0100896,POL0500896,Sarah,Jones,sarah.jones896@example.com,OH,63,Home,Agent,2022-10-21,1529.68,1580.37,91781.0,False,3,in_force,1
PH0100897,POL0500897,William,Hernandez,william.hernandez897@example.com,IL,68,Auto,Direct,2016-06-23,2057.93,2094.71,123476.0,True,3,in_force,0
PH0100898,POL0500898,Thomas,Moore,thomas.moore898@example.com,NY,34,Auto,Agent,2016-11-08,1637.42,1641.63,98245.0,False,1,in_force,0
PH0100899,POL0500899,Christopher,Sanchez,christopher.sanchez899@example.com,IL,31,Home,Direct,2018-03-23,3819.54,4805.41,229172.0,True,3,in_force,0
PH0100900,POL0500900,Charles,Lee,charles.lee900@example.com,GA,56,Home,Direct,2022-12-05,821.0,830.53,49260.0,False,3,in_force,0
PH0100901,POL0500901,Charles,Thomas,charles.thomas901@example.com,IL,56,Home,Direct,2023-12-03,3562.04,3680.04,213722.0,True,3,in_force,0
PH0100902,POL0500902,Margaret,Thomas,margaret.thomas902@example.com,VA,44,Home,Agent,2020-05-11,1755.21,1786.52,105313.0,True,1,in_force,0
PH0100903,POL0500903,Betty,Anderson,betty.anderson903@example.com,PA,29,Home,Direct,2024-04-02,3243.17,3330.09,194590.0,True,3,in_force,0
PH0100904,POL0500904,Matthew,Robinson,matthew.robinson904@example.com,CA,37,Umbrella,Direct,2020-10-05,3751.58,3859.46,225095.0,True,2,in_force,0
PH0100905,POL0500905,Nancy,Thompson,nancy.thompson905@example.com,NY,45,Life,Direct,2022-11-18,776.78,784.89,116517.0,True,2,in_force,0
PH0100906,POL0500906,Jessica,Lopez,jessica.lopez906@example.com,MI,75,Auto,Broker,2016-03-07,3415.58,3471.49,204935.0,True,2,in_force,1
PH0100907,POL0500907,Margaret,Sanchez,margaret.sanchez907@example.com,OH,31,Life,Broker,2017-03-26,1438.27,1465.57,215740.0,True,3,in_force,1
PH0100908,POL0500908,William,Williams,william.williams908@example.com,VA,74,Umbrella,Direct,2018-05-03,3144.36,3184.58,188662.0,True,2,in_force,0
PH0100909,POL0500909,Linda,Anderson,linda.anderson909@example.com,GA,69,Home,Agent,2020-11-18,2294.26,2836.24,137656.0,True,1,in_force,0
PH0100910,POL0500910,David,Garcia,david.garcia910@example.com,VA,75,Auto,Broker,2018-03-14,756.37,758.42,45382.0,False,2,in_force,0
PH0100911,POL0500911,Daniel,Hernandez,daniel.hernandez911@example.com,MA,72,Auto,Direct,2016-03-18,3579.64,4236.24,214778.0,True,2,in_force,0
PH0100912,POL0500912,David,Johnson,david.johnson912@example.com,CA,48,Umbrella,Direct,2018-08-08,1067.57,1070.09,64054.0,True,3,in_force,0
PH0100913,POL0500913,Jennifer,Rodriguez,jennifer.rodriguez913@example.com,MI,60,Home,Agent,2020-10-27,1506.39,1561.35,90383.0,True,2,in_force,1
PH0100914,POL0500914,Elizabeth,Brown,elizabeth.brown914@example.com,PA,58,Home,Agent,2020-02-22,1943.82,1979.87,116629.0,True,2,in_force,0
PH0100915,POL0500915,Sandra,Harris,sandra.harris915@example.com,OH,55,Auto,Agent,2024-01-26,1731.8,1792.3,103908.0,False,2,in_force,1
PH0100916,POL0500916,Patricia,Gonzalez,patricia.gonzalez916@example.com,MA,60,Home,Broker,2023-05-10,932.83,956.02,55970.0,True,1,in_force,0
PH0100917,POL0500917,Elizabeth,Gonzalez,elizabeth.gonzalez917@example.com,WA,40,Umbrella,Direct,2022-08-22,3155.59,3184.61,189335.0,True,1,in_force,1
PH0100918,POL0500918,Christopher,Garcia,christopher.garcia918@example.com,OH,72,Auto,Broker,2019-04-29,1306.37,1345.42,78382.0,True,3,in_force,0
PH0100919,POL0500919,Charles,Lee,charles.lee919@example.com,MA,47,Home,Broker,2016-02-16,3276.11,3414.77,196567.0,True,3,in_force,0
PH0100920,POL0500920,Michael,Johnson,michael.johnson920@example.com,TX,44,Auto,Agent,2022-02-07,1931.46,1987.31,115888.0,False,3,in_force,1
PH0100921,POL0500921,Mary,Ramirez,mary.ramirez921@example.com,PA,69,Auto,Agent,2017-10-23,2344.84,2393.76,140690.0,True,1,in_force,0
PH0100922,POL0500922,Charles,Brown,charles.brown922@example.com,NY,62,Auto,Agent,2020-04-14,1686.56,1758.68,101194.0,False,2,in_force,0
PH0100923,POL0500923,Jennifer,Robinson,jennifer.robinson923@example.com,NC,63,Auto,Direct,2023-05-07,944.45,1168.66,56667.0,False,2,in_force,1
PH0100924,POL0500924,Daniel,Davis,daniel.davis924@example.com,TX,49,Auto,Agent,2018-06-11,1965.09,2059.99,117905.0,True,1,in_force,1
PH0100925,POL0500925,Christopher,White,christopher.white925@example.com,TX,57,Home,Broker,2017-10-01,1076.46,1098.26,64588.0,True,2,in_force,0
PH0100926,POL0500926,John,Martinez,john.martinez926@example.com,AZ,69,Auto,Agent,2019-01-29,666.3,683.27,39978.0,False,2,in_force,0
PH0100927,POL0500927,Linda,Jones,linda.jones927@example.com,NC,37,Home,Direct,2018-01-11,1146.07,1353.62,68764.0,True,1,in_force,1
PH0100928,POL0500928,Charles,Jones,charles.jones928@example.com,MA,28,Auto,Agent,2020-11-23,2696.58,2745.04,161795.0,True,1,in_force,0
PH0100929,POL0500929,Patricia,Martin,patricia.martin929@example.com,PA,73,Home,Direct,2019-09-11,897.04,931.09,53822.0,False,3,in_force,0
PH0100930,POL0500930,Jessica,Robinson,jessica.robinson930@example.com,NC,69,Auto,Agent,2023-12-19,2136.91,2149.24,128215.0,True,1,in_force,0
PH0100931,POL0500931,Matthew,Rodriguez,matthew.rodriguez931@example.com,FL,64,Auto,Broker,2024-04-04,2578.78,2661.0,154727.0,False,2,in_force,1
PH0100932,POL0500932,Thomas,Rodriguez,thomas.rodriguez932@example.com,NY,58,Home,Direct,2024-02-08,2614.1,2725.05,156846.0,True,2,in_force,0
PH0100933,POL0500933,Margaret,Robinson,margaret.robinson933@example.com,FL,48,Life,Direct,2016-02-07,2811.0,2830.79,421650.0,True,1,in_force,0
PH0100934,POL0500934,Richard,Martin,richard.martin934@example.com,TX,48,Auto,Direct,2021-12-29,2117.31,2179.24,127039.0,True,1,in_force,0
PH0100935,POL0500935,Thomas,Gonzalez,thomas.gonzalez935@example.com,NY,30,Auto,Agent,2019-02-18,2586.32,2703.33,155179.0,False,3,in_force,1
PH0100936,POL0500936,Richard,Martin,richard.martin936@example.com,NY,58,Home,Agent,2016-01-21,3805.85,3948.86,228351.0,False,1,in_force,1
PH0100937,POL0500937,Patricia,Gonzalez,patricia.gonzalez937@example.com,FL,39,Home,Direct,2019-10-26,2890.04,3707.32,173402.0,True,3,in_force,0
PH0100938,POL0500938,Karen,Martinez,karen.martinez938@example.com,WA,50,Auto,Direct,2018-03-13,2887.76,3285.29,173266.0,True,2,in_force,0
PH0100939,POL0500939,Robert,Davis,robert.davis939@example.com,TX,71,Home,Broker,2017-04-11,2653.4,2712.01,159204.0,True,2,in_force,0
PH0100940,POL0500940,Robert,Williams,robert.williams940@example.com,AZ,36,Umbrella,Direct,2020-03-30,2955.48,3009.81,177329.0,True,2,in_force,0
PH0100941,POL0500941,John,Miller,john.miller941@example.com,FL,44,Auto,Direct,2020-11-26,2757.86,2810.27,165472.0,True,1,in_force,0
PH0100942,POL0500942,Sarah,Thompson,sarah.thompson942@example.com,PA,34,Auto,Direct,2021-07-03,1295.46,1322.19,77728.0,True,2,in_force,0
PH0100943,POL0500943,Robert,Johnson,robert.johnson943@example.com,TX,34,Auto,Agent,2024-09-25,3256.48,3283.13,195389.0,True,2,in_force,1
PH0100944,POL0500944,Richard,Moore,richard.moore944@example.com,MA,49,Home,Agent,2017-03-25,3422.38,3550.84,205343.0,False,3,in_force,0
PH0100945,POL0500945,Matthew,Miller,matthew.miller945@example.com,PA,71,Umbrella,Agent,2019-01-08,883.44,896.74,53006.0,False,3,in_force,0
PH0100946,POL0500946,Nancy,Clark,nancy.clark946@example.com,FL,77,Home,Broker,2018-09-22,2714.34,2808.45,162860.0,False,3,in_force,0
PH0100947,POL0500947,Mark,Lewis,mark.lewis947@example.com,VA,71,Auto,Direct,2021-10-22,3587.94,4663.47,215276.0,False,3,in_force,1
PH0100948,POL0500948,Sandra,Wilson,sandra.wilson948@example.com,PA,64,Umbrella,Agent,2024-01-08,1013.92,1027.18,60835.0,True,1,in_force,0
PH0100949,POL0500949,Barbara,Johnson,barbara.johnson949@example.com,AZ,69,Auto,Agent,2016-01-04,3526.55,3545.9,211593.0,True,3,in_force,0
PH0100950,POL0500950,Christopher,Johnson,christopher.johnson950@example.com,NC,31,Life,Direct,2018-06-06,2496.65,2588.44,374498.0,True,3,in_force,0
PH0100951,POL0500951,Sandra,Martin,sandra.martin951@example.com,CA,37,Umbrella,Agent,2021-03-09,1945.36,2012.86,116722.0,True,1,in_force,0
PH0100952,POL0500952,Patricia,Lopez,patricia.lopez952@example.com,NC,52,Umbrella,Direct,2020-10-03,3778.85,4705.14,226731.0,True,2,in_force,0
PH0100953,POL0500953,Charles,Lee,charles.lee953@example.com,MI,77,Life,Agent,2024-07-14,1553.32,1604.54,232998.0,True,3,in_force,0
PH0100954,POL0500954,Nancy,Hernandez,nancy.hernandez954@example.com,NC,45,Home,Direct,2020-10-08,2201.61,2202.08,132097.0,False,1,in_force,1
PH0100955,POL0500955,Mark,White,mark.white955@example.com,AZ,28,Home,Agent,2023-03-01,2427.82,2448.08,145669.0,True,2,in_force,0
PH0100956,POL0500956,Matthew,Brown,matthew.brown956@example.com,TX,76,Auto,Agent,2021-08-15,1670.93,1711.09,100256.0,True,2,in_force,0
PH0100957,POL0500957,Karen,Thompson,karen.thompson957@example.com,IL,37,Umbrella,Direct,2017-10-23,3673.92,3743.7,220435.0,False,1,in_force,0
PH0100958,POL0500958,Daniel,Smith,daniel.smith958@example.com,GA,29,Auto,Direct,2020-01-22,2180.37,2185.83,130822.0,True,2,in_force,0
PH0100959,POL0500959,Sandra,Hernandez,sandra.hernandez959@example.com,CA,75,Auto,Agent,2023-11-15,871.58,911.22,52295.0,True,1,in_force,1
PH0100960,POL0500960,Thomas,Thompson,thomas.thompson960@example.com,NY,50,Auto,Direct,2021-07-08,1248.05,1273.19,74883.0,True,2,in_force,0
PH0100961,POL0500961,Charles,Smith,charles.smith961@example.com,NC,77,Auto,Agent,2019-10-16,3286.48,3305.3,197189.0,False,1,in_force,0
PH0100962,POL0500962,Daniel,White,daniel.white962@example.com,NY,43,Home,Agent,2019-08-04,1870.45,1948.32,112227.0,True,1,in_force,0
PH0100963,POL0500963,Betty,Martinez,betty.martinez963@example.com,AZ,62,Home,Direct,2016-07-02,2709.83,2755.34,162590.0,False,1,in_force,0
PH0100964,POL0500964,Nancy,Moore,nancy.moore964@example.com,NY,71,Auto,Agent,2024-09-28,676.77,693.59,40606.0,True,2,in_force,1
PH0100965,POL0500965,Karen,Davis,karen.davis965@example.com,GA,54,Umbrella,Direct,2024-03-23,2722.44,2736.58,163346.0,False,2,in_force,1
PH0100966,POL0500966,Thomas,Thomas,thomas.thomas966@example.com,GA,53,Auto,Direct,2017-05-28,2386.62,2435.45,143197.0,True,3,in_force,0
PH0100967,POL0500967,Susan,Wilson,susan.wilson967@example.com,GA,60,Life,Agent,2023-10-01,2473.6,2528.95,371040.0,True,2,in_force,0
PH0100968,POL0500968,James,Anderson,james.anderson968@example.com,PA,65,Home,Direct,2022-07-18,2459.92,2930.16,147595.0,True,2,in_force,0
PH0100969,POL0500969,Charles,Miller,charles.miller969@example.com,MI,32,Life,Direct,2017-07-23,3425.69,3441.59,513854.0,True,1,in_force,0
PH0100970,POL0500970,Elizabeth,Taylor,elizabeth.taylor970@example.com,OH,30,Umbrella,Direct,2016-08-17,3126.38,3916.61,187583.0,True,3,in_force,1
PH0100971,POL0500971,David,Garcia,david.garcia971@example.com,MI,76,Home,Direct,2016-04-04,1752.81,1767.01,105169.0,False,2,in_force,0
PH0100972,POL0500972,Christopher,Moore,christopher.moore972@example.com,CA,52,Auto,Agent,2017-11-19,3153.87,3184.71,189232.0,False,2,in_force,0
PH0100973,POL0500973,Christopher,Thompson,christopher.thompson973@example.com,OH,36,Auto,Direct,2018-11-29,2093.94,2192.9,125636.0,False,2,in_force,1
PH0100974,POL0500974,Mary,White,mary.white974@example.com,OH,62,Umbrella,Agent,2021-07-12,1808.04,1892.99,108482.0,True,2,in_force,0
PH0100975,POL0500975,Susan,Lee,susan.lee975@example.com,FL,54,Home,Broker,2021-07-18,3781.64,3879.51,226898.0,True,1,in_force,0
PH0100976,POL0500976,Jessica,Lopez,jessica.lopez976@example.com,NC,58,Life,Direct,2016-01-19,1580.33,2077.25,237050.0,True,3,in_force,1
PH0100977,POL0500977,Lisa,Johnson,lisa.johnson977@example.com,MI,39,Auto,Broker,2021-12-19,2133.14,2134.01,127988.0,True,2,in_force,0
PH0100978,POL0500978,Elizabeth,Hernandez,elizabeth.hernandez978@example.com,CA,70,Life,Agent,2018-01-27,1647.29,1720.16,247094.0,True,2,in_force,0
PH0100979,POL0500979,Nancy,Perez,nancy.perez979@example.com,NJ,42,Umbrella,Broker,2018-07-05,2635.41,2678.97,158125.0,True,3,in_force,0
PH0100980,POL0500980,Barbara,Garcia,barbara.garcia980@example.com,MA,57,Home,Direct,2018-12-18,2039.22,2131.61,122353.0,False,2,in_force,0
PH0100981,POL0500981,David,Lee,david.lee981@example.com,WA,55,Umbrella,Direct,2016-06-16,3286.15,3382.2,197169.0,True,1,in_force,0
PH0100982,POL0500982,Elizabeth,Lopez,elizabeth.lopez982@example.com,AZ,50,Umbrella,Agent,2019-07-04,2853.64,2985.45,171218.0,True,2,in_force,0
PH0100983,POL0500983,Barbara,Wilson,barbara.wilson983@example.com,VA,74,Umbrella,Agent,2024-07-20,3085.36,3101.02,185122.0,False,1,in_force,1
PH0100984,POL0500984,Lisa,Martin,lisa.martin984@example.com,AZ,65,Home,Agent,2022-01-20,3576.01,3650.89,214561.0,True,1,in_force,0
PH0100985,POL0500985,Michael,Rodriguez,michael.rodriguez985@example.com,WA,42,Life,Direct,2024-09-11,2347.9,2888.99,352185.0,False,1,in_force,1
PH0100986,POL0500986,Robert,Lopez,robert.lopez986@example.com,MI,43,Auto,Direct,2020-06-29,797.83,819.89,47870.0,False,1,in_force,1
PH0100987,POL0500987,James,Wilson,james.wilson987@example.com,FL,71,Auto,Broker,2022-07-22,2585.86,2687.0,155152.0,True,1,in_force,0
PH0100988,POL0500988,Lisa,Taylor,lisa.taylor988@example.com,GA,42,Home,Agent,2022-12-08,963.44,982.57,57806.0,False,2,in_force,0
PH0100989,POL0500989,Margaret,Miller,margaret.miller989@example.com,CA,44,Auto,Agent,2019-01-27,683.13,683.33,40988.0,False,2,in_force,0
PH0100990,POL0500990,Elizabeth,Lee,elizabeth.lee990@example.com,TX,62,Auto,Agent,2023-12-22,1418.3,1454.11,85098.0,True,1,in_force,1
PH0100991,POL0500991,Mary,Harris,mary.harris991@example.com,NC,75,Auto,Agent,2018-03-17,3470.75,3561.51,208245.0,False,3,in_force,1
PH0100992,POL0500992,James,Lopez,james.lopez992@example.com,FL,33,Auto,Agent,2018-11-18,3147.74,3291.49,188864.0,True,2,in_force,0
PH0100993,POL0500993,Susan,Harris,susan.harris993@example.com,FL,55,Life,Direct,2018-09-12,1932.53,2335.23,289880.0,False,2,in_force,0
PH0100994,POL0500994,Barbara,Lopez,barbara.lopez994@example.com,GA,41,Auto,Agent,2021-02-22,2392.31,2449.47,143539.0,True,1,in_force,0
PH0100995,POL0500995,Mark,Gonzalez,mark.gonzalez995@example.com,FL,59,Home,Agent,2020-10-03,652.72,656.32,39163.0,False,2,in_force,0
PH0100996,POL0500996,Karen,Gonzalez,karen.gonzalez996@example.com,NC,75,Home,Broker,2020-09-22,1488.18,1748.69,89291.0,True,3,in_force,0
PH0100997,POL0500997,Patricia,Perez,patricia.perez997@example.com,NJ,38,Auto,Broker,2021-05-30,1705.46,1710.95,102328.0,False,1,in_force,0
PH0100998,POL0500998,Thomas,Lee,thomas.lee998@example.com,PA,64,Auto,Direct,2021-05-08,2615.76,2623.2,156946.0,True,1,in_force,1
PH0100999,POL0500999,Patricia,Wilson,patricia.wilson999@example.com,MI,47,Home,Agent,2022-10-29,2211.61,2219.46,132697.0,True,1,in_force,1
PH0101000,POL0501000,David,Jackson,david.jackson1000@example.com,CA,76,Auto,Direct,2016-07-04,3321.34,3433.03,199280.0,True,3,in_force,0
PH0101001,POL0501001,Jennifer,Hernandez,jennifer.hernandez1001@example.com,NC,32,Auto,Direct,2023-01-21,3312.63,3461.37,198758.0,False,1,in_force,1
PH0101002,POL0501002,Daniel,Miller,daniel.miller1002@example.com,OH,30,Auto,Direct,2017-05-12,1914.53,1939.53,114872.0,True,1,in_force,0
PH0101003,POL0501003,Nancy,White,nancy.white1003@example.com,IL,77,Auto,Direct,2022-12-21,2021.68,2058.31,121301.0,False,3,in_force,1
PH0101004,POL0501004,Sarah,White,sarah.white1004@example.com,MI,66,Auto,Agent,2017-12-21,2124.89,2219.66,127493.0,True,1,in_force,0
PH0101005,POL0501005,Betty,Sanchez,betty.sanchez1005@example.com,CA,54,Home,Agent,2023-07-22,2997.26,3043.5,179836.0,True,3,in_force,0
PH0101006,POL0501006,Patricia,Perez,patricia.perez1006@example.com,VA,60,Auto,Agent,2020-10-10,3785.6,3837.46,227136.0,True,3,in_force,1
PH0101007,POL0501007,Jennifer,Gonzalez,jennifer.gonzalez1007@example.com,AZ,32,Umbrella,Agent,2023-06-26,736.92,751.04,44215.0,True,1,in_force,0
PH0101008,POL0501008,Charles,Perez,charles.perez1008@example.com,MA,55,Home,Agent,2022-09-23,2473.51,2539.96,148411.0,True,2,in_force,0
PH0101009,POL0501009,Susan,Miller,susan.miller1009@example.com,NY,47,Life,Direct,2023-07-25,2584.43,2617.69,387664.0,True,1,in_force,0
PH0101010,POL0501010,Richard,Wilson,richard.wilson1010@example.com,MA,67,Auto,Agent,2018-11-08,2274.74,2315.91,136484.0,True,2,in_force,0
PH0101011,POL0501011,Linda,Jackson,linda.jackson1011@example.com,OH,66,Auto,Direct,2020-09-24,1320.49,1375.92,79229.0,True,2,in_force,0
PH0101012,POL0501012,Christopher,Gonzalez,christopher.gonzalez1012@example.com,NJ,52,Home,Broker,2021-10-15,2089.92,2150.46,125395.0,True,2,in_force,0
PH0101013,POL0501013,Margaret,Ramirez,margaret.ramirez1013@example.com,AZ,55,Auto,Agent,2022-07-21,3358.09,3510.58,201485.0,True,1,in_force,0
PH0101014,POL0501014,Elizabeth,Thompson,elizabeth.thompson1014@example.com,NY,51,Auto,Broker,2022-11-06,2491.55,2601.54,149493.0,False,2,in_force,0
PH0101015,POL0501015,Patricia,Martinez,patricia.martinez1015@example.com,CA,36,Auto,Agent,2019-09-15,2374.54,2493.15,142472.0,True,1,in_force,0
PH0101016,POL0501016,Elizabeth,Taylor,elizabeth.taylor1016@example.com,WA,32,Home,Agent,2023-01-21,2305.37,2333.55,138322.0,False,3,in_force,0
PH0101017,POL0501017,Matthew,Williams,matthew.williams1017@example.com,AZ,76,Home,Direct,2017-08-01,2499.94,2510.45,149996.0,False,3,in_force,0
PH0101018,POL0501018,Nancy,Wilson,nancy.wilson1018@example.com,TX,58,Umbrella,Agent,2024-01-03,2085.18,2098.11,125111.0,True,2,in_force,0
PH0101019,POL0501019,David,Perez,david.perez1019@example.com,PA,69,Auto,Direct,2018-09-07,2931.16,3511.27,175870.0,True,3,in_force,0
PH0101020,POL0501020,Matthew,Sanchez,matthew.sanchez1020@example.com,NY,58,Home,Broker,2020-05-13,2434.23,2466.5,146054.0,True,2,in_force,0
PH0101021,POL0501021,Charles,Johnson,charles.johnson1021@example.com,WA,30,Auto,Agent,2023-03-20,2477.12,2481.27,148627.0,True,2,in_force,0
PH0101022,POL0501022,Anthony,Martinez,anthony.martinez1022@example.com,MI,76,Auto,Broker,2023-06-19,898.95,933.35,53937.0,True,3,in_force,0
PH0101023,POL0501023,John,Williams,john.williams1023@example.com,NC,34,Auto,Direct,2023-08-28,1338.12,1390.81,80287.0,True,2,in_force,1
PH0101024,POL0501024,David,Johnson,david.johnson1024@example.com,IL,32,Auto,Direct,2018-06-04,1893.36,2322.4,113602.0,True,1,in_force,0
PH0101025,POL0501025,Margaret,Thomas,margaret.thomas1025@example.com,GA,47,Home,Agent,2017-01-26,3752.0,3766.32,225120.0,False,1,in_force,0
PH0101026,POL0501026,Sandra,Garcia,sandra.garcia1026@example.com,NC,52,Auto,Direct,2019-09-14,3336.41,3354.86,200185.0,True,3,in_force,0
PH0101027,POL0501027,Robert,Thomas,robert.thomas1027@example.com,MA,40,Auto,Agent,2019-04-24,1596.31,1612.01,95779.0,True,3,in_force,0
PH0101028,POL0501028,Susan,Martin,susan.martin1028@example.com,AZ,66,Auto,Agent,2018-12-29,826.24,829.63,49574.0,True,3,in_force,0
PH0101029,POL0501029,Sandra,Thompson,sandra.thompson1029@example.com,VA,52,Home,Direct,2023-03-09,948.51,1219.62,56911.0,False,3,in_force,1
PH0101030,POL0501030,Anthony,Taylor,anthony.taylor1030@example.com,MA,36,Auto,Agent,2017-09-14,2675.02,2799.12,160501.0,True,3,in_force,0
PH0101031,POL0501031,Charles,Harris,charles.harris1031@example.com,OH,37,Life,Agent,2016-05-04,2670.57,2777.34,400586.0,False,3,in_force,1
PH0101032,POL0501032,Nancy,Anderson,nancy.anderson1032@example.com,MA,45,Auto,Direct,2022-04-08,2228.71,2890.89,133723.0,True,1,in_force,1
PH0101033,POL0501033,Betty,Lopez,betty.lopez1033@example.com,AZ,47,Auto,Broker,2021-05-08,3704.78,3886.26,222287.0,False,1,in_force,1
PH0101034,POL0501034,Christopher,Taylor,christopher.taylor1034@example.com,VA,65,Auto,Broker,2021-08-30,1904.86,1924.31,114292.0,True,2,in_force,0
PH0101035,POL0501035,Susan,Lee,susan.lee1035@example.com,FL,36,Auto,Agent,2022-08-20,3825.33,3991.38,229520.0,True,1,in_force,1
PH0101036,POL0501036,Daniel,Harris,daniel.harris1036@example.com,TX,44,Umbrella,Direct,2021-02-25,2989.45,3024.33,179367.0,True,3,in_force,0
PH0101037,POL0501037,Richard,Clark,richard.clark1037@example.com,NJ,61,Umbrella,Broker,2024-05-22,3321.08,3435.45,199265.0,True,1,in_force,1
PH0101038,POL0501038,David,Hernandez,david.hernandez1038@example.com,WA,63,Home,Direct,2018-06-15,2999.01,3123.61,179941.0,True,1,in_force,0
PH0101039,POL0501039,David,Hernandez,david.hernandez1039@example.com,NY,45,Home,Direct,2022-11-16,3168.82,3798.79,190129.0,True,2,in_force,0
PH0101040,POL0501040,Matthew,White,matthew.white1040@example.com,IL,64,Auto,Agent,2021-05-01,1202.17,1209.76,72130.0,True,3,in_force,0
PH0101041,POL0501041,Betty,Lewis,betty.lewis1041@example.com,NC,53,Auto,Broker,2020-06-27,983.85,996.7,59031.0,True,1,in_force,0
PH0101042,POL0501042,Mark,Lewis,mark.lewis1042@example.com,IL,48,Umbrella,Agent,2024-02-07,2432.66,2514.59,145960.0,True,2,in_force,0
PH0101043,POL0501043,Jessica,Lee,jessica.lee1043@example.com,NC,45,Auto,Broker,2019-03-27,658.09,683.65,39485.0,True,2,in_force,0
PH0101044,POL0501044,Thomas,Harris,thomas.harris1044@example.com,NJ,49,Life,Broker,2023-06-08,1520.76,1547.41,228114.0,False,3,in_force,0
PH0101045,POL0501045,Margaret,Wilson,margaret.wilson1045@example.com,WA,64,Home,Agent,2017-12-16,3306.22,3407.47,198373.0,False,2,in_force,0
PH0101046,POL0501046,William,Rodriguez,william.rodriguez1046@example.com,NJ,74,Home,Direct,2023-02-09,954.74,996.54,57284.0,True,1,in_force,0
PH0101047,POL0501047,James,Clark,james.clark1047@example.com,WA,71,Life,Direct,2024-05-29,2205.15,2296.98,330772.0,True,3,in_force,1
PH0101048,POL0501048,William,Johnson,william.johnson1048@example.com,NC,73,Home,Direct,2018-06-06,1843.16,1846.58,110590.0,True,1,in_force,0
PH0101049,POL0501049,John,Anderson,john.anderson1049@example.com,IL,67,Auto,Agent,2023-08-08,3075.53,3080.95,184532.0,True,3,in_force,0
PH0101050,POL0501050,Jessica,Moore,jessica.moore1050@example.com,OH,72,Home,Direct,2022-09-12,1650.32,1683.15,99019.0,False,1,in_force,1
PH0101051,POL0501051,Michael,Sanchez,michael.sanchez1051@example.com,OH,59,Auto,Direct,2018-09-10,2900.34,2906.93,174020.0,True,1,in_force,0
PH0101052,POL0501052,Lisa,Jackson,lisa.jackson1052@example.com,OH,56,Umbrella,Agent,2024-08-14,3692.22,3870.05,221533.0,True,3,in_force,0
PH0101053,POL0501053,Thomas,Garcia,thomas.garcia1053@example.com,AZ,49,Auto,Broker,2018-01-13,1409.31,1466.37,84559.0,False,3,in_force,0
PH0101054,POL0501054,Betty,Jones,betty.jones1054@example.com,AZ,49,Umbrella,Direct,2022-12-09,1911.81,1942.25,114709.0,False,3,in_force,0
PH0101055,POL0501055,John,Miller,john.miller1055@example.com,OH,56,Life,Agent,2018-02-07,2848.88,3319.91,427332.0,False,3,in_force,0
PH0101056,POL0501056,Matthew,Lewis,matthew.lewis1056@example.com,PA,59,Auto,Broker,2016-11-24,2796.43,3714.07,167786.0,True,3,in_force,1
PH0101057,POL0501057,Lisa,Martin,lisa.martin1057@example.com,IL,28,Home,Broker,2021-06-02,2854.94,3458.84,171296.0,False,2,in_force,1
PH0101058,POL0501058,Lisa,Thompson,lisa.thompson1058@example.com,WA,59,Auto,Agent,2023-03-27,1604.78,1657.9,96287.0,True,3,in_force,0
PH0101059,POL0501059,Betty,Smith,betty.smith1059@example.com,FL,39,Home,Direct,2017-04-08,3001.91,3084.52,180115.0,True,2,in_force,0
PH0101060,POL0501060,Sarah,Davis,sarah.davis1060@example.com,WA,60,Home,Direct,2019-05-05,2694.09,3231.99,161645.0,True,2,in_force,0
PH0101061,POL0501061,Sandra,Moore,sandra.moore1061@example.com,NY,40,Life,Direct,2016-12-21,1826.46,1879.69,273969.0,True,3,in_force,1
PH0101062,POL0501062,Robert,Rodriguez,robert.rodriguez1062@example.com,MA,72,Auto,Direct,2020-04-13,948.31,973.96,56899.0,True,3,in_force,0
PH0101063,POL0501063,Matthew,Clark,matthew.clark1063@example.com,OH,57,Umbrella,Broker,2021-03-18,3394.67,4011.0,203680.0,True,3,in_force,0
PH0101064,POL0501064,Betty,Thompson,betty.thompson1064@example.com,GA,71,Auto,Agent,2023-02-14,3346.83,3425.89,200810.0,True,1,in_force,1
PH0101065,POL0501065,Joseph,White,joseph.white1065@example.com,WA,41,Life,Agent,2017-04-24,3820.65,3984.26,573098.0,False,1,in_force,0
PH0101066,POL0501066,Michael,Martinez,michael.martinez1066@example.com,NC,49,Auto,Agent,2019-01-04,3076.28,3169.93,184577.0,True,3,in_force,0
PH0101067,POL0501067,Robert,Moore,robert.moore1067@example.com,MI,54,Home,Agent,2017-12-07,1951.97,2015.72,117118.0,True,1,in_force,0
PH0101068,POL0501068,Anthony,Thompson,anthony.thompson1068@example.com,MA,29,Life,Direct,2020-03-27,2914.7,2915.04,437205.0,True,3,in_force,0
PH0101069,POL0501069,Sarah,Hernandez,sarah.hernandez1069@example.com,PA,62,Umbrella,Direct,2021-05-15,1435.31,1790.27,86119.0,False,3,in_force,1
PH0101070,POL0501070,Betty,Smith,betty.smith1070@example.com,GA,63,Life,Direct,2020-10-03,2690.13,2743.51,403520.0,False,1,in_force,0
PH0101071,POL0501071,David,Sanchez,david.sanchez1071@example.com,FL,47,Auto,Broker,2022-05-13,1205.78,1234.35,72347.0,False,2,in_force,0
PH0101072,POL0501072,William,Williams,william.williams1072@example.com,VA,30,Life,Broker,2018-01-02,1649.1,1661.47,247365.0,True,3,in_force,0
PH0101073,POL0501073,Matthew,Brown,matthew.brown1073@example.com,IL,38,Auto,Direct,2020-07-19,2081.41,2167.29,124885.0,True,3,in_force,0
PH0101074,POL0501074,Mary,White,mary.white1074@example.com,TX,64,Home,Direct,2020-11-05,3789.89,3916.72,227393.0,True,1,in_force,0
PH0101075,POL0501075,Sandra,Lopez,sandra.lopez1075@example.com,MA,48,Auto,Broker,2017-05-26,3345.42,3453.46,200725.0,True,3,in_force,0
PH0101076,POL0501076,Anthony,Davis,anthony.davis1076@example.com,MI,54,Home,Agent,2017-10-11,1756.65,2325.19,105399.0,True,1,in_force,0
PH0101077,POL0501077,Jessica,Jackson,jessica.jackson1077@example.com,AZ,54,Auto,Agent,2016-07-26,2957.18,2958.58,177431.0,True,3,in_force,1
PH0101078,POL0501078,Anthony,Jones,anthony.jones1078@example.com,FL,51,Life,Agent,2018-12-07,3603.1,3743.96,540465.0,True,3,in_force,0
PH0101079,POL0501079,David,Robinson,david.robinson1079@example.com,AZ,68,Auto,Direct,2016-08-28,1124.59,1177.68,67475.0,True,2,in_force,0
PH0101080,POL0501080,Christopher,Williams,christopher.williams1080@example.com,NC,45,Life,Agent,2017-05-30,1345.77,1381.26,201866.0,False,2,in_force,1
PH0101081,POL0501081,Robert,Martin,robert.martin1081@example.com,MI,29,Auto,Agent,2022-06-11,2033.44,2074.78,122006.0,False,3,in_force,0
PH0101082,POL0501082,Joseph,Lopez,joseph.lopez1082@example.com,WA,45,Home,Direct,2022-05-27,1278.65,1322.37,76719.0,True,1,in_force,0
PH0101083,POL0501083,Sandra,Thomas,sandra.thomas1083@example.com,NY,45,Home,Agent,2019-10-26,811.52,828.69,48691.0,True,1,in_force,1
PH0101084,POL0501084,Anthony,Smith,anthony.smith1084@example.com,GA,73,Auto,Direct,2017-01-02,1687.65,1692.22,101259.0,True,2,in_force,0
PH0101085,POL0501085,Robert,Hernandez,robert.hernandez1085@example.com,NY,60,Home,Direct,2016-05-25,891.18,1047.03,53471.0,False,2,in_force,0
PH0101086,POL0501086,Daniel,Ramirez,daniel.ramirez1086@example.com,GA,35,Auto,Broker,2019-09-26,3396.63,3480.9,203798.0,True,2,in_force,1
PH0101087,POL0501087,Mary,Martinez,mary.martinez1087@example.com,FL,31,Life,Direct,2019-07-11,2760.5,2809.98,414075.0,False,3,in_force,1
PH0101088,POL0501088,Elizabeth,Miller,elizabeth.miller1088@example.com,NJ,41,Home,Agent,2023-10-08,3571.29,3704.35,214277.0,True,1,in_force,0
PH0101089,POL0501089,Jessica,Jones,jessica.jones1089@example.com,VA,59,Umbrella,Agent,2017-10-03,2966.81,2983.46,178009.0,False,2,in_force,0
PH0101090,POL0501090,Christopher,Rodriguez,christopher.rodriguez1090@example.com,IL,46,Life,Agent,2022-10-24,1967.3,1992.9,295095.0,True,3,in_force,0
PH0101091,POL0501091,Michael,Martinez,michael.martinez1091@example.com,NY,76,Life,Agent,2017-01-01,3581.54,3619.06,537231.0,False,1,in_force,1
PH0101092,POL0501092,Jessica,Perez,jessica.perez1092@example.com,FL,28,Home,Direct,2017-02-27,2777.32,3339.7,166639.0,False,2,in_force,0
PH0101093,POL0501093,Elizabeth,Davis,elizabeth.davis1093@example.com,NC,42,Auto,Agent,2024-08-29,737.99,748.73,44279.0,True,3,in_force,1
PH0101094,POL0501094,Matthew,Hernandez,matthew.hernandez1094@example.com,NJ,53,Auto,Agent,2016-08-16,1057.66,1236.81,63460.0,False,1,in_force,0
PH0101095,POL0501095,Sarah,Moore,sarah.moore1095@example.com,AZ,53,Auto,Agent,2018-02-22,1431.81,1464.89,85909.0,True,1,in_force,0
PH0101096,POL0501096,Sandra,Rodriguez,sandra.rodriguez1096@example.com,WA,35,Umbrella,Agent,2022-10-11,2792.52,2846.03,167551.0,True,2,in_force,0
PH0101097,POL0501097,Margaret,Taylor,margaret.taylor1097@example.com,MI,75,Umbrella,Agent,2017-05-23,3256.66,3356.91,195400.0,False,2,in_force,0
PH0101098,POL0501098,Nancy,Harris,nancy.harris1098@example.com,NY,46,Auto,Agent,2016-09-16,1487.87,1502.6,89272.0,True,1,in_force,1
PH0101099,POL0501099,David,Rodriguez,david.rodriguez1099@example.com,MI,68,Life,Direct,2022-07-06,2089.29,2113.28,313394.0,True,3,in_force,0
PH0101100,POL0501100,John,Smith,john.smith1100@example.com,NC,66,Auto,Direct,2020-07-21,1595.03,1608.25,95702.0,True,1,in_force,1
PH0101101,POL0501101,James,Johnson,james.johnson1101@example.com,MA,57,Auto,Agent,2021-04-03,2072.45,2151.74,124347.0,True,2,in_force,0
PH0101102,POL0501102,David,Martinez,david.martinez1102@example.com,PA,33,Auto,Direct,2019-12-31,2003.2,2026.47,120192.0,False,3,in_force,0
PH0101103,POL0501103,Karen,Thomas,karen.thomas1103@example.com,NJ,57,Auto,Broker,2018-08-22,1342.66,1363.03,80560.0,True,1,in_force,0
PH0101104,POL0501104,Sandra,Johnson,sandra.johnson1104@example.com,OH,28,Auto,Direct,2020-02-05,2701.47,2732.4,162088.0,True,3,in_force,0
PH0101105,POL0501105,Lisa,Jackson,lisa.jackson1105@example.com,FL,51,Home,Direct,2019-08-12,3318.0,3372.63,199080.0,True,1,in_force,1
PH0101106,POL0501106,Susan,Williams,susan.williams1106@example.com,AZ,65,Home,Direct,2021-02-25,1475.35,1532.25,88521.0,True,3,in_force,0
PH0101107,POL0501107,Margaret,Lewis,margaret.lewis1107@example.com,IL,48,Home,Agent,2024-02-16,2588.91,2940.49,155335.0,False,3,in_force,0
PH0101108,POL0501108,Daniel,Lee,daniel.lee1108@example.com,OH,66,Home,Direct,2018-09-04,1255.68,1293.95,75341.0,True,2,in_force,1
PH0101109,POL0501109,William,Jones,william.jones1109@example.com,WA,62,Auto,Broker,2017-09-03,3226.14,3254.34,193568.0,False,1,in_force,0
PH0101110,POL0501110,Mary,Wilson,mary.wilson1110@example.com,PA,29,Auto,Direct,2022-10-14,728.47,745.91,43708.0,False,2,in_force,0
PH0101111,POL0501111,Matthew,Lee,matthew.lee1111@example.com,MA,52,Home,Broker,2023-11-01,2348.07,2354.19,140884.0,False,3,in_force,0
PH0101112,POL0501112,Richard,Gonzalez,richard.gonzalez1112@example.com,VA,29,Home,Agent,2018-06-05,1686.8,1731.94,101208.0,True,3,in_force,1
PH0101113,POL0501113,James,Miller,james.miller1113@example.com,VA,61,Home,Direct,2020-10-09,1907.42,1989.71,114445.0,True,1,in_force,0
PH0101114,POL0501114,Nancy,Thompson,nancy.thompson1114@example.com,FL,59,Auto,Broker,2022-11-16,3088.5,3149.58,185310.0,True,3,in_force,0
PH0101115,POL0501115,Robert,Wilson,robert.wilson1115@example.com,MA,39,Auto,Agent,2018-05-01,691.17,725.59,41470.0,True,1,in_force,0
PH0101116,POL0501116,Christopher,Rodriguez,christopher.rodriguez1116@example.com,NY,57,Umbrella,Agent,2019-09-17,2487.81,2583.28,149269.0,True,3,in_force,0
PH0101117,POL0501117,Charles,Thompson,charles.thompson1117@example.com,OH,34,Auto,Agent,2024-03-12,1040.94,1077.81,62456.0,True,3,in_force,0
PH0101118,POL0501118,Barbara,Johnson,barbara.johnson1118@example.com,WA,34,Auto,Direct,2016-12-22,3134.14,3184.18,188048.0,False,1,in_force,1
PH0101119,POL0501119,Sarah,Moore,sarah.moore1119@example.com,FL,53,Home,Agent,2016-06-14,3796.16,3907.68,227770.0,False,1,in_force,0
PH0101120,POL0501120,Nancy,Miller,nancy.miller1120@example.com,WA,56,Umbrella,Direct,2022-08-23,1365.2,1416.98,81912.0,True,1,in_force,0
PH0101121,POL0501121,John,Gonzalez,john.gonzalez1121@example.com,CA,63,Umbrella,Direct,2022-05-23,3747.54,3918.35,224852.0,True,1,in_force,0
PH0101122,POL0501122,Matthew,Gonzalez,matthew.gonzalez1122@example.com,CA,28,Home,Direct,2021-10-06,2117.22,2124.67,127033.0,False,3,in_force,0
PH0101123,POL0501123,Nancy,Thomas,nancy.thomas1123@example.com,VA,62,Auto,Direct,2021-10-27,3474.05,4170.28,208443.0,True,3,in_force,1
PH0101124,POL0501124,Patricia,Ramirez,patricia.ramirez1124@example.com,CA,56,Life,Agent,2020-07-08,3030.22,3820.67,454533.0,False,2,in_force,0
PH0101125,POL0501125,Betty,Martin,betty.martin1125@example.com,VA,64,Auto,Direct,2020-10-23,3386.23,3514.29,203174.0,False,2,in_force,1
PH0101126,POL0501126,Susan,Jackson,susan.jackson1126@example.com,MI,66,Home,Direct,2019-10-24,1715.7,1778.16,102942.0,True,1,in_force,0
PH0101127,POL0501127,Susan,Sanchez,susan.sanchez1127@example.com,MI,49,Life,Agent,2016-05-16,2923.16,2973.54,438474.0,True,1,in_force,0
PH0101128,POL0501128,Susan,Brown,susan.brown1128@example.com,GA,44,Home,Broker,2016-10-28,3768.0,3943.84,226080.0,True,2,in_force,0
PH0101129,POL0501129,Patricia,Harris,patricia.harris1129@example.com,FL,34,Life,Agent,2022-03-06,3616.95,3789.94,542542.0,True,3,in_force,0
PH0101130,POL0501130,Anthony,Wilson,anthony.wilson1130@example.com,IL,29,Auto,Broker,2020-11-27,980.78,1286.04,58847.0,False,3,in_force,0
PH0101131,POL0501131,Barbara,Gonzalez,barbara.gonzalez1131@example.com,PA,46,Life,Direct,2020-09-13,1444.66,1699.6,216699.0,True,2,in_force,1
PH0101132,POL0501132,James,Taylor,james.taylor1132@example.com,FL,72,Umbrella,Agent,2024-04-26,1930.98,1994.77,115859.0,False,1,in_force,1
PH0101133,POL0501133,Elizabeth,Martin,elizabeth.martin1133@example.com,CA,57,Life,Broker,2020-11-22,3510.95,3578.08,526642.0,False,3,in_force,0
PH0101134,POL0501134,Sandra,Gonzalez,sandra.gonzalez1134@example.com,WA,69,Home,Agent,2022-11-01,657.82,658.64,39469.0,True,1,in_force,0
PH0101135,POL0501135,Mark,Moore,mark.moore1135@example.com,FL,37,Home,Broker,2021-09-23,2072.31,2119.35,124339.0,True,2,in_force,0
PH0101136,POL0501136,Lisa,Lewis,lisa.lewis1136@example.com,PA,59,Auto,Direct,2020-07-30,1984.26,1986.19,119056.0,True,2,in_force,1
PH0101137,POL0501137,David,Smith,david.smith1137@example.com,GA,28,Auto,Direct,2023-10-25,1522.27,1557.9,91336.0,False,1,in_force,1
PH0101138,POL0501138,Mary,Hernandez,mary.hernandez1138@example.com,OH,74,Home,Direct,2024-01-16,2299.0,2307.54,137940.0,False,3,in_force,1
PH0101139,POL0501139,Jessica,Smith,jessica.smith1139@example.com,VA,60,Auto,Broker,2024-09-27,2204.88,2245.34,132293.0,True,2,in_force,0
PH0101140,POL0501140,Mary,Thomas,mary.thomas1140@example.com,AZ,46,Auto,Agent,2016-08-26,1369.79,1409.44,82187.0,False,3,in_force,1
PH0101141,POL0501141,Mark,Martin,mark.martin1141@example.com,WA,66,Auto,Broker,2021-04-22,2808.2,2928.97,168492.0,True,1,in_force,0
PH0101142,POL0501142,Elizabeth,Johnson,elizabeth.johnson1142@example.com,WA,71,Auto,Agent,2020-02-09,1412.74,1482.2,84764.0,False,2,in_force,0
PH0101143,POL0501143,Richard,White,richard.white1143@example.com,MI,77,Life,Broker,2023-09-13,1863.83,2364.7,279574.0,True,1,in_force,0
PH0101144,POL0501144,Michael,Clark,michael.clark1144@example.com,WA,49,Home,Agent,2021-08-23,1556.37,1864.85,93382.0,True,2,in_force,1
PH0101145,POL0501145,Thomas,Perez,thomas.perez1145@example.com,NY,31,Home,Agent,2023-05-23,2732.67,2849.0,163960.0,True,1,in_force,0
PH0101146,POL0501146,Margaret,Harris,margaret.harris1146@example.com,WA,46,Auto,Direct,2021-04-11,2598.32,2656.37,155899.0,True,2,in_force,1
PH0101147,POL0501147,Sarah,Taylor,sarah.taylor1147@example.com,GA,58,Auto,Direct,2019-09-16,1704.05,1742.55,102243.0,True,1,in_force,0
PH0101148,POL0501148,Daniel,Hernandez,daniel.hernandez1148@example.com,MI,55,Auto,Broker,2018-01-15,1715.19,1799.91,102911.0,True,2,in_force,0
PH0101149,POL0501149,Susan,Moore,susan.moore1149@example.com,WA,53,Auto,Agent,2017-07-11,2893.94,3023.63,173636.0,False,2,in_force,1
PH0101150,POL0501150,Daniel,Harris,daniel.harris1150@example.com,MA,59,Life,Broker,2016-10-03,2684.37,3182.63,402656.0,False,2,in_force,0
PH0101151,POL0501151,Sarah,Lewis,sarah.lewis1151@example.com,GA,62,Umbrella,Agent,2024-07-02,3549.75,3606.36,212985.0,False,2,in_force,1
PH0101152,POL0501152,Charles,Robinson,charles.robinson1152@example.com,VA,66,Umbrella,Direct,2021-11-24,1211.93,1221.4,72716.0,False,3,in_force,0
PH0101153,POL0501153,William,Jones,william.jones1153@example.com,CA,43,Auto,Agent,2016-11-20,3337.15,4190.51,200229.0,True,2,in_force,1
PH0101154,POL0501154,James,White,james.white1154@example.com,NY,37,Life,Broker,2016-01-26,2086.27,2114.29,312940.0,False,3,in_force,0
PH0101155,POL0501155,Linda,White,linda.white1155@example.com,NJ,70,Home,Direct,2017-06-02,1752.05,1791.31,105123.0,False,2,in_force,0
PH0101156,POL0501156,Mary,Harris,mary.harris1156@example.com,VA,37,Auto,Direct,2019-09-18,1579.13,1626.79,94748.0,False,3,in_force,0
PH0101157,POL0501157,David,Taylor,david.taylor1157@example.com,NJ,44,Auto,Broker,2024-05-14,2248.28,2269.35,134897.0,True,1,in_force,0
PH0101158,POL0501158,Daniel,Johnson,daniel.johnson1158@example.com,NY,43,Life,Agent,2022-06-16,2870.19,3005.85,430528.0,True,2,in_force,0
PH0101159,POL0501159,Barbara,Clark,barbara.clark1159@example.com,NY,41,Auto,Agent,2021-02-15,1693.45,1704.4,101607.0,False,2,in_force,0
PH0101160,POL0501160,James,Lewis,james.lewis1160@example.com,IL,48,Home,Broker,2023-04-10,1078.81,1083.29,64729.0,True,3,in_force,0
PH0101161,POL0501161,Betty,Sanchez,betty.sanchez1161@example.com,NJ,36,Auto,Broker,2021-04-23,3098.11,3169.87,185887.0,True,3,in_force,0
PH0101162,POL0501162,Michael,Clark,michael.clark1162@example.com,VA,51,Umbrella,Agent,2023-08-30,1201.37,1248.57,72082.0,False,2,in_force,1
PH0101163,POL0501163,David,Williams,david.williams1163@example.com,FL,73,Umbrella,Direct,2016-12-28,3533.77,3680.5,212026.0,True,2,in_force,0
PH0101164,POL0501164,Daniel,Smith,daniel.smith1164@example.com,PA,58,Auto,Agent,2022-10-25,1086.15,1099.0,65169.0,True,2,in_force,0
PH0101165,POL0501165,Jessica,Davis,jessica.davis1165@example.com,PA,36,Umbrella,Agent,2017-04-20,1132.36,1167.42,67942.0,False,3,in_force,0
PH0101166,POL0501166,Matthew,Wilson,matthew.wilson1166@example.com,MA,68,Home,Agent,2020-06-21,3823.44,3959.46,229406.0,False,1,in_force,1
PH0101167,POL0501167,Elizabeth,Johnson,elizabeth.johnson1167@example.com,IL,29,Home,Agent,2017-04-03,3151.51,4144.92,189091.0,True,2,in_force,0
PH0101168,POL0501168,Anthony,Gonzalez,anthony.gonzalez1168@example.com,WA,75,Auto,Broker,2018-05-05,733.51,751.75,44011.0,True,3,in_force,0
PH0101169,POL0501169,James,Thomas,james.thomas1169@example.com,TX,75,Auto,Direct,2023-08-22,3270.14,3364.97,196208.0,False,1,in_force,1
PH0101170,POL0501170,Richard,Hernandez,richard.hernandez1170@example.com,MA,62,Home,Direct,2024-09-22,1563.01,1617.21,93781.0,True,3,in_force,0
PH0101171,POL0501171,Michael,Martin,michael.martin1171@example.com,WA,35,Home,Agent,2022-06-17,3734.34,3831.32,224060.0,True,1,in_force,1
PH0101172,POL0501172,Linda,Moore,linda.moore1172@example.com,CA,30,Auto,Agent,2018-11-23,1965.82,2016.82,117949.0,True,2,in_force,0
PH0101173,POL0501173,Daniel,Rodriguez,daniel.rodriguez1173@example.com,TX,53,Home,Agent,2018-08-03,1066.86,1072.5,64012.0,True,1,in_force,1
PH0101174,POL0501174,Patricia,Rodriguez,patricia.rodriguez1174@example.com,IL,60,Auto,Direct,2019-05-21,981.0,994.21,58860.0,False,2,in_force,1
PH0101175,POL0501175,Mark,Gonzalez,mark.gonzalez1175@example.com,TX,33,Life,Agent,2021-10-16,1928.94,2004.43,289341.0,True,3,in_force,0
PH0101176,POL0501176,Betty,Smith,betty.smith1176@example.com,NY,46,Auto,Direct,2023-08-03,1548.59,1592.46,92915.0,False,2,in_force,0
PH0101177,POL0501177,Nancy,Jones,nancy.jones1177@example.com,VA,34,Umbrella,Broker,2023-04-23,3029.98,3089.15,181799.0,True,3,in_force,0
PH0101178,POL0501178,Karen,Jackson,karen.jackson1178@example.com,TX,54,Auto,Agent,2023-08-29,2389.51,2892.76,143371.0,False,2,in_force,1
PH0101179,POL0501179,James,Davis,james.davis1179@example.com,PA,61,Auto,Direct,2023-01-17,1520.43,1593.5,91226.0,False,1,in_force,0
PH0101180,POL0501180,Lisa,Harris,lisa.harris1180@example.com,VA,58,Auto,Direct,2023-10-19,3353.17,4008.43,201190.0,True,1,in_force,1
PH0101181,POL0501181,Daniel,Lopez,daniel.lopez1181@example.com,WA,37,Home,Agent,2022-01-28,2196.86,2285.8,131812.0,False,2,in_force,1
PH0101182,POL0501182,David,Williams,david.williams1182@example.com,MA,74,Home,Direct,2016-01-09,1036.63,1042.81,62198.0,True,2,in_force,0
PH0101183,POL0501183,Jessica,Moore,jessica.moore1183@example.com,NC,35,Home,Direct,2023-02-03,1425.2,1431.96,85512.0,True,3,in_force,0
PH0101184,POL0501184,Sarah,Garcia,sarah.garcia1184@example.com,WA,38,Home,Direct,2020-07-21,3759.09,4548.51,225545.0,True,3,in_force,0
PH0101185,POL0501185,Matthew,Sanchez,matthew.sanchez1185@example.com,MI,42,Auto,Broker,2017-11-03,3211.76,3325.18,192706.0,True,3,in_force,0
PH0101186,POL0501186,Barbara,Garcia,barbara.garcia1186@example.com,MA,51,Home,Agent,2020-12-20,682.35,708.24,40941.0,False,2,in_force,0
PH0101187,POL0501187,Matthew,Harris,matthew.harris1187@example.com,CA,74,Home,Direct,2020-04-09,926.93,933.73,55616.0,True,2,in_force,0
PH0101188,POL0501188,Daniel,Gonzalez,daniel.gonzalez1188@example.com,FL,77,Life,Agent,2024-08-23,2139.13,2228.21,320870.0,False,2,in_force,1
PH0101189,POL0501189,Christopher,Harris,christopher.harris1189@example.com,TX,36,Auto,Broker,2020-01-14,3500.73,3502.94,210044.0,True,2,in_force,0
PH0101190,POL0501190,William,Miller,william.miller1190@example.com,VA,37,Umbrella,Broker,2023-01-21,1284.3,1346.48,77058.0,True,3,in_force,0
PH0101191,POL0501191,William,Smith,william.smith1191@example.com,OH,55,Auto,Direct,2020-11-14,1945.32,1948.9,116719.0,True,1,in_force,0
PH0101192,POL0501192,Barbara,Jackson,barbara.jackson1192@example.com,WA,53,Auto,Broker,2018-09-18,1593.86,1672.42,95632.0,True,3,in_force,0
PH0101193,POL0501193,Mary,Jones,mary.jones1193@example.com,VA,33,Auto,Agent,2016-03-05,3006.16,3147.45,180370.0,True,2,in_force,0
PH0101194,POL0501194,Lisa,Anderson,lisa.anderson1194@example.com,NY,75,Home,Direct,2017-09-23,1623.46,1686.25,97408.0,True,3,in_force,0
PH0101195,POL0501195,Patricia,Smith,patricia.smith1195@example.com,PA,50,Home,Agent,2024-06-04,2940.47,3081.81,176428.0,False,2,in_force,0
PH0101196,POL0501196,Daniel,Davis,daniel.davis1196@example.com,NC,56,Life,Agent,2024-08-12,3031.44,3174.64,454716.0,True,3,in_force,0
PH0101197,POL0501197,Charles,Taylor,charles.taylor1197@example.com,MA,76,Life,Agent,2022-01-19,3775.33,3929.23,566300.0,True,3,in_force,0
PH0101198,POL0501198,Nancy,Lopez,nancy.lopez1198@example.com,OH,30,Life,Broker,2018-08-21,853.19,855.11,127979.0,True,2,in_force,0
PH0101199,POL0501199,Betty,Hernandez,betty.hernandez1199@example.com,CA,76,Auto,Direct,2018-08-31,3261.67,3312.72,195700.0,True,2,in_force,0
PH0101200,POL0501200,Daniel,Williams,daniel.williams1200@example.com,NJ,64,Auto,Agent,2023-03-01,3171.05,3220.81,190263.0,True,1,in_force,0
PH0101201,POL0501201,Matthew,Ramirez,matthew.ramirez1201@example.com,CA,38,Auto,Broker,2022-07-28,1267.67,1274.38,76060.0,False,1,in_force,1
PH0101202,POL0501202,Charles,Brown,charles.brown1202@example.com,NJ,75,Home,Direct,2022-08-26,1967.71,2017.07,118063.0,False,2,in_force,0
PH0101203,POL0501203,Margaret,Moore,margaret.moore1203@example.com,MA,73,Auto,Broker,2020-02-06,3588.91,3696.61,215335.0,True,3,in_force,0
PH0101204,POL0501204,Betty,Rodriguez,betty.rodriguez1204@example.com,CA,70,Umbrella,Agent,2016-08-01,2179.6,2281.57,130776.0,True,2,in_force,0
PH0101205,POL0501205,Patricia,Williams,patricia.williams1205@example.com,VA,39,Umbrella,Agent,2020-08-24,2956.61,3092.15,177397.0,False,3,in_force,0
PH0101206,POL0501206,Susan,Hernandez,susan.hernandez1206@example.com,GA,71,Home,Agent,2017-01-17,1027.21,1069.91,61633.0,True,1,in_force,0
PH0101207,POL0501207,Mary,Garcia,mary.garcia1207@example.com,IL,50,Umbrella,Direct,2022-07-18,3110.76,3253.12,186646.0,True,1,in_force,0
PH0101208,POL0501208,Robert,Harris,robert.harris1208@example.com,CA,41,Auto,Direct,2020-09-25,1041.84,1082.26,62510.0,False,3,in_force,1
PH0101209,POL0501209,Anthony,Gonzalez,anthony.gonzalez1209@example.com,CA,65,Umbrella,Direct,2023-08-17,3301.63,3307.36,198098.0,False,3,in_force,1
PH0101210,POL0501210,Jennifer,Hernandez,jennifer.hernandez1210@example.com,AZ,40,Umbrella,Direct,2023-07-25,1570.5,1601.17,94230.0,True,3,in_force,0
PH0101211,POL0501211,Richard,Ramirez,richard.ramirez1211@example.com,PA,59,Life,Broker,2017-07-23,1045.08,1080.21,156762.0,True,3,in_force,1
PH0101212,POL0501212,Richard,Jones,richard.jones1212@example.com,WA,74,Home,Broker,2022-01-21,675.21,695.36,40513.0,True,2,in_force,1
PH0101213,POL0501213,Daniel,Jones,daniel.jones1213@example.com,IL,37,Home,Agent,2019-01-25,1738.65,1803.22,104319.0,False,1,in_force,0
PH0101214,POL0501214,Thomas,Clark,thomas.clark1214@example.com,MI,47,Home,Agent,2022-09-24,2098.37,2791.41,125902.0,True,1,in_force,1
PH0101215,POL0501215,Sandra,Lewis,sandra.lewis1215@example.com,MI,45,Auto,Agent,2018-11-23,2971.72,3012.9,178303.0,False,1,in_force,0
PH0101216,POL0501216,Margaret,Martinez,margaret.martinez1216@example.com,FL,54,Home,Direct,2019-11-09,3121.54,3189.47,187292.0,True,2,in_force,0
PH0101217,POL0501217,Sarah,Smith,sarah.smith1217@example.com,IL,30,Auto,Direct,2018-10-19,1819.67,1867.64,109180.0,True,2,in_force,0
PH0101218,POL0501218,Barbara,Martin,barbara.martin1218@example.com,NY,34,Umbrella,Agent,2020-03-01,1917.62,2424.0,115057.0,True,2,in_force,0
PH0101219,POL0501219,David,Sanchez,david.sanchez1219@example.com,PA,42,Auto,Agent,2016-01-16,698.72,708.41,41923.0,True,1,in_force,0
PH0101220,POL0501220,Richard,Robinson,richard.robinson1220@example.com,PA,50,Home,Direct,2023-12-09,1517.91,1523.16,91075.0,False,2,in_force,1
PH0101221,POL0501221,Joseph,Smith,joseph.smith1221@example.com,TX,29,Auto,Agent,2024-05-30,3183.84,3230.72,191030.0,True,2,in_force,1
PH0101222,POL0501222,James,Martinez,james.martinez1222@example.com,GA,41,Auto,Direct,2023-09-09,2991.87,3123.2,179512.0,True,2,in_force,0
PH0101223,POL0501223,Patricia,Ramirez,patricia.ramirez1223@example.com,FL,71,Life,Agent,2023-03-26,1036.95,1047.97,155542.0,False,2,in_force,0
PH0101224,POL0501224,Richard,Perez,richard.perez1224@example.com,OH,30,Life,Direct,2019-01-23,3813.32,4440.7,571998.0,False,2,in_force,0
PH0101225,POL0501225,Lisa,Davis,lisa.davis1225@example.com,GA,63,Auto,Broker,2023-08-26,3072.85,3819.57,184371.0,False,1,in_force,0
PH0101226,POL0501226,Richard,Anderson,richard.anderson1226@example.com,OH,61,Home,Broker,2021-07-09,1821.54,1893.34,109292.0,True,1,in_force,0
PH0101227,POL0501227,Karen,Smith,karen.smith1227@example.com,NJ,59,Auto,Direct,2020-07-21,3420.84,3887.78,205250.0,True,1,in_force,0
PH0101228,POL0501228,Elizabeth,Davis,elizabeth.davis1228@example.com,NJ,39,Auto,Direct,2016-08-22,3205.0,3275.32,192300.0,True,2,in_force,0
PH0101229,POL0501229,Michael,Lee,michael.lee1229@example.com,WA,39,Umbrella,Broker,2024-03-09,664.73,678.82,39884.0,True,3,in_force,0
PH0101230,POL0501230,Jessica,Gonzalez,jessica.gonzalez1230@example.com,AZ,59,Home,Direct,2023-05-18,2552.49,2654.4,153149.0,False,3,in_force,0
PH0101231,POL0501231,Richard,Martin,richard.martin1231@example.com,PA,65,Auto,Broker,2023-02-05,3032.66,3160.33,181960.0,False,1,in_force,1
PH0101232,POL0501232,Sarah,Ramirez,sarah.ramirez1232@example.com,CA,77,Life,Agent,2021-05-28,1848.71,1867.08,277306.0,True,2,in_force,0
PH0101233,POL0501233,Mary,Sanchez,mary.sanchez1233@example.com,VA,37,Auto,Direct,2020-07-27,1387.48,1431.3,83249.0,True,1,in_force,0
PH0101234,POL0501234,Joseph,Rodriguez,joseph.rodriguez1234@example.com,NJ,55,Auto,Broker,2018-12-27,3414.06,3456.33,204844.0,False,1,in_force,0
PH0101235,POL0501235,Charles,Lee,charles.lee1235@example.com,GA,40,Home,Agent,2021-10-24,3411.73,3886.58,204704.0,True,2,in_force,1
PH0101236,POL0501236,Mary,Garcia,mary.garcia1236@example.com,WA,57,Auto,Broker,2016-04-28,3404.3,3477.95,204258.0,True,2,in_force,1
PH0101237,POL0501237,Thomas,Clark,thomas.clark1237@example.com,WA,50,Home,Broker,2021-03-09,3625.03,3676.64,217502.0,False,2,in_force,0
PH0101238,POL0501238,Lisa,Martin,lisa.martin1238@example.com,NC,45,Auto,Agent,2018-12-05,2412.64,2521.33,144758.0,False,3,in_force,0
PH0101239,POL0501239,Patricia,White,patricia.white1239@example.com,IL,38,Umbrella,Agent,2018-04-26,3526.59,3632.06,211595.0,True,2,in_force,0
PH0101240,POL0501240,Robert,Sanchez,robert.sanchez1240@example.com,MA,31,Life,Agent,2019-05-17,3151.64,3694.52,472746.0,False,2,in_force,1
PH0101241,POL0501241,Matthew,Taylor,matthew.taylor1241@example.com,WA,61,Auto,Agent,2023-06-02,1726.94,1730.48,103616.0,True,3,in_force,0
PH0101242,POL0501242,Daniel,Sanchez,daniel.sanchez1242@example.com,WA,41,Umbrella,Direct,2020-02-17,2276.57,2580.81,136594.0,False,1,in_force,0
PH0101243,POL0501243,Michael,Taylor,michael.taylor1243@example.com,GA,37,Auto,Direct,2019-03-27,3249.15,3346.0,194949.0,True,1,in_force,0
PH0101244,POL0501244,Margaret,Hernandez,margaret.hernandez1244@example.com,MA,51,Auto,Direct,2022-09-22,3312.81,3434.92,198769.0,True,2,in_force,1
PH0101245,POL0501245,Patricia,Wilson,patricia.wilson1245@example.com,OH,36,Auto,Direct,2018-03-19,1740.94,1814.53,104456.0,True,2,in_force,0
PH0101246,POL0501246,David,Brown,david.brown1246@example.com,GA,68,Auto,Direct,2016-07-21,1555.34,1598.55,93320.0,False,2,in_force,1
PH0101247,POL0501247,Nancy,Perez,nancy.perez1247@example.com,OH,30,Life,Direct,2021-11-14,3796.64,3919.32,569496.0,True,1,in_force,0
PH0101248,POL0501248,Daniel,Miller,daniel.miller1248@example.com,MI,55,Home,Direct,2018-09-22,786.21,812.38,47173.0,False,3,in_force,0
PH0101249,POL0501249,Karen,Miller,karen.miller1249@example.com,NC,47,Home,Direct,2019-03-06,967.89,1005.3,58073.0,True,1,in_force,0
PH0101250,POL0501250,Jennifer,Martinez,jennifer.martinez1250@example.com,FL,75,Home,Broker,2024-08-03,1584.73,1642.41,95084.0,True,2,in_force,1
PH0101251,POL0501251,Anthony,Martin,anthony.martin1251@example.com,NY,64,Auto,Direct,2022-11-30,1447.83,1471.74,86870.0,True,2,in_force,1
PH0101252,POL0501252,Susan,Perez,susan.perez1252@example.com,WA,61,Auto,Direct,2016-09-18,1232.6,1592.43,73956.0,True,3,in_force,1
PH0101253,POL0501253,Joseph,Miller,joseph.miller1253@example.com,NY,59,Life,Direct,2023-12-05,820.35,849.57,123052.0,True,2,in_force,1
PH0101254,POL0501254,Margaret,White,margaret.white1254@example.com,FL,53,Auto,Broker,2023-02-22,2735.31,2770.25,164119.0,True,1,in_force,0
PH0101255,POL0501255,Jennifer,Anderson,jennifer.anderson1255@example.com,CA,51,Auto,Direct,2020-08-10,3728.81,3893.4,223729.0,False,1,in_force,0
PH0101256,POL0501256,Daniel,Jackson,daniel.jackson1256@example.com,NC,58,Home,Agent,2020-09-29,1245.73,1282.54,74744.0,False,2,in_force,0
PH0101257,POL0501257,Mary,Johnson,mary.johnson1257@example.com,IL,37,Life,Agent,2017-06-03,2341.98,2447.39,351297.0,False,2,in_force,0
PH0101258,POL0501258,Barbara,Martin,barbara.martin1258@example.com,MI,29,Umbrella,Agent,2019-09-29,2163.86,2201.87,129832.0,True,1,in_force,0
PH0101259,POL0501259,Michael,Hernandez,michael.hernandez1259@example.com,MA,60,Auto,Direct,2018-03-04,3664.96,4494.98,219898.0,False,3,in_force,0
PH0101260,POL0501260,Susan,Williams,susan.williams1260@example.com,CA,66,Home,Agent,2024-06-03,997.95,1020.69,59877.0,True,1,in_force,0
PH0101261,POL0501261,Mark,Wilson,mark.wilson1261@example.com,IL,49,Auto,Broker,2021-09-20,3091.07,3141.43,185464.0,True,2,in_force,0
PH0101262,POL0501262,Nancy,Davis,nancy.davis1262@example.com,OH,68,Auto,Agent,2021-04-21,1110.71,1116.97,66643.0,True,2,in_force,0
PH0101263,POL0501263,Sandra,Perez,sandra.perez1263@example.com,MA,55,Home,Agent,2022-03-02,2014.05,2460.6,120843.0,True,1,in_force,0
PH0101264,POL0501264,Charles,Martinez,charles.martinez1264@example.com,NY,37,Auto,Direct,2017-03-19,1377.05,1595.81,82623.0,False,2,in_force,0
PH0101265,POL0501265,Christopher,Robinson,christopher.robinson1265@example.com,NJ,49,Auto,Direct,2024-04-15,728.56,739.66,43714.0,False,3,in_force,1
PH0101266,POL0501266,Matthew,Davis,matthew.davis1266@example.com,CA,48,Auto,Direct,2021-05-28,2889.69,2990.91,173381.0,True,3,in_force,0
PH0101267,POL0501267,Patricia,Gonzalez,patricia.gonzalez1267@example.com,WA,44,Home,Broker,2018-08-13,755.62,759.24,45337.0,True,3,in_force,0
PH0101268,POL0501268,Christopher,Clark,christopher.clark1268@example.com,MI,75,Auto,Broker,2021-04-11,2704.22,2754.8,162253.0,True,2,in_force,0
PH0101269,POL0501269,James,Perez,james.perez1269@example.com,GA,52,Auto,Direct,2020-02-19,1485.07,1667.31,89104.0,True,3,in_force,0
PH0101270,POL0501270,John,Brown,john.brown1270@example.com,NC,55,Umbrella,Agent,2021-09-30,3016.41,3780.77,180985.0,False,1,in_force,0
PH0101271,POL0501271,Charles,Rodriguez,charles.rodriguez1271@example.com,AZ,64,Umbrella,Direct,2016-01-15,865.18,867.3,51911.0,True,1,in_force,0
PH0101272,POL0501272,Joseph,Clark,joseph.clark1272@example.com,GA,59,Auto,Direct,2016-07-22,2797.28,2894.86,167837.0,True,1,in_force,0
PH0101273,POL0501273,Barbara,Ramirez,barbara.ramirez1273@example.com,AZ,35,Auto,Broker,2018-04-18,1418.51,1477.66,85111.0,False,3,in_force,0
PH0101274,POL0501274,Joseph,Martin,joseph.martin1274@example.com,NY,51,Life,Direct,2022-11-20,2744.74,2818.44,411711.0,True,3,in_force,0
PH0101275,POL0501275,Jennifer,Lopez,jennifer.lopez1275@example.com,FL,77,Umbrella,Agent,2016-05-27,2607.23,3138.04,156434.0,True,3,in_force,0
PH0101276,POL0501276,Thomas,Sanchez,thomas.sanchez1276@example.com,VA,74,Auto,Agent,2021-05-09,1403.35,1415.84,84201.0,False,1,in_force,1
PH0101277,POL0501277,Elizabeth,Miller,elizabeth.miller1277@example.com,TX,36,Auto,Agent,2023-07-04,1615.79,1644.05,96947.0,True,3,in_force,1
PH0101278,POL0501278,David,Clark,david.clark1278@example.com,MI,37,Auto,Agent,2017-04-14,3372.56,3457.71,202354.0,False,3,in_force,0
PH0101279,POL0501279,Jennifer,Smith,jennifer.smith1279@example.com,MA,39,Umbrella,Agent,2017-05-20,1743.38,1777.32,104603.0,False,1,in_force,0
PH0101280,POL0501280,Richard,Miller,richard.miller1280@example.com,IL,36,Auto,Agent,2016-11-01,3018.68,3494.12,181121.0,True,1,in_force,0
PH0101281,POL0501281,Thomas,Hernandez,thomas.hernandez1281@example.com,MI,32,Home,Direct,2019-09-08,2416.16,2490.17,144970.0,False,3,in_force,1
PH0101282,POL0501282,Daniel,Hernandez,daniel.hernandez1282@example.com,FL,75,Life,Agent,2019-05-30,1194.59,1246.12,179188.0,True,1,in_force,0
PH0101283,POL0501283,Anthony,Garcia,anthony.garcia1283@example.com,AZ,73,Auto,Broker,2016-05-05,1616.31,1828.63,96979.0,False,3,in_force,0
PH0101284,POL0501284,Patricia,Miller,patricia.miller1284@example.com,CA,61,Home,Agent,2019-07-12,977.49,1020.39,58649.0,False,1,in_force,1
PH0101285,POL0501285,Sandra,Thomas,sandra.thomas1285@example.com,PA,31,Auto,Broker,2022-01-17,2207.74,2491.96,132464.0,False,1,in_force,0
PH0101286,POL0501286,Mary,Smith,mary.smith1286@example.com,NY,41,Auto,Direct,2023-11-02,3384.32,4291.68,203059.0,False,3,in_force,1
PH0101287,POL0501287,Barbara,Martinez,barbara.martinez1287@example.com,MA,32,Auto,Direct,2020-11-24,2546.35,2569.0,152781.0,False,2,in_force,1
PH0101288,POL0501288,Daniel,Thompson,daniel.thompson1288@example.com,NY,65,Auto,Agent,2022-03-06,1352.5,1406.93,81150.0,True,3,in_force,0
PH0101289,POL0501289,Christopher,Miller,christopher.miller1289@example.com,NJ,68,Umbrella,Broker,2017-11-12,2407.7,2410.27,144462.0,False,3,in_force,0
PH0101290,POL0501290,Linda,Williams,linda.williams1290@example.com,AZ,33,Home,Direct,2024-02-19,2548.15,2631.07,152889.0,True,2,in_force,0
PH0101291,POL0501291,Barbara,Smith,barbara.smith1291@example.com,AZ,58,Auto,Broker,2023-05-08,2184.36,2714.92,131062.0,False,2,in_force,1
PH0101292,POL0501292,Jennifer,Lewis,jennifer.lewis1292@example.com,IL,65,Auto,Agent,2019-09-25,1277.66,1289.73,76660.0,True,2,in_force,0
PH0101293,POL0501293,Charles,Wilson,charles.wilson1293@example.com,NY,70,Auto,Agent,2023-09-22,3596.3,3761.14,215778.0,True,2,in_force,0
PH0101294,POL0501294,Matthew,Lopez,matthew.lopez1294@example.com,VA,66,Umbrella,Direct,2016-02-10,2998.72,3072.37,179923.0,True,1,in_force,0
PH0101295,POL0501295,Margaret,Taylor,margaret.taylor1295@example.com,AZ,67,Auto,Direct,2023-05-02,3050.37,3181.65,183022.0,False,3,in_force,0
PH0101296,POL0501296,Mark,Jones,mark.jones1296@example.com,AZ,35,Home,Broker,2016-10-16,3047.45,3111.92,182847.0,False,2,in_force,0
PH0101297,POL0501297,Elizabeth,Martin,elizabeth.martin1297@example.com,AZ,41,Auto,Agent,2018-09-04,3838.2,3869.28,230292.0,True,2,in_force,0
PH0101298,POL0501298,John,Thompson,john.thompson1298@example.com,PA,29,Auto,Broker,2022-02-06,795.73,834.42,47744.0,True,3,in_force,0
PH0101299,POL0501299,Nancy,Jones,nancy.jones1299@example.com,CA,45,Auto,Direct,2018-02-07,2775.73,2876.24,166544.0,True,1,in_force,0
PH0101300,POL0501300,Susan,Thomas,susan.thomas1300@example.com,VA,56,Umbrella,Agent,2020-02-28,1346.76,1390.95,80806.0,True,1,in_force,0
PH0101301,POL0501301,Mark,Perez,mark.perez1301@example.com,CA,59,Auto,Broker,2022-06-28,3142.35,3148.64,188541.0,True,1,in_force,0
PH0101302,POL0501302,Sarah,Perez,sarah.perez1302@example.com,PA,39,Auto,Direct,2016-08-13,1798.93,1863.6,107936.0,False,3,in_force,0
PH0101303,POL0501303,Mary,White,mary.white1303@example.com,CA,57,Home,Agent,2024-09-28,3611.81,4646.02,216709.0,True,1,in_force,1
PH0101304,POL0501304,Elizabeth,Gonzalez,elizabeth.gonzalez1304@example.com,TX,72,Auto,Broker,2020-12-21,2369.73,3146.03,142184.0,True,1,in_force,0
PH0101305,POL0501305,Sarah,Wilson,sarah.wilson1305@example.com,OH,58,Life,Broker,2016-12-01,1472.76,1543.45,220914.0,True,2,in_force,0
PH0101306,POL0501306,Anthony,Gonzalez,anthony.gonzalez1306@example.com,NJ,55,Life,Direct,2024-08-30,3824.01,3949.68,573602.0,True,3,in_force,1
PH0101307,POL0501307,Sandra,Lopez,sandra.lopez1307@example.com,VA,52,Auto,Direct,2020-03-02,3168.85,3805.11,190131.0,True,2,in_force,1
PH0101308,POL0501308,David,Brown,david.brown1308@example.com,NJ,32,Life,Agent,2017-04-10,2698.25,3028.91,404738.0,True,3,in_force,0
PH0101309,POL0501309,Jennifer,Sanchez,jennifer.sanchez1309@example.com,NY,36,Auto,Direct,2018-03-09,1835.4,1867.32,110124.0,True,1,in_force,0
PH0101310,POL0501310,Christopher,Hernandez,christopher.hernandez1310@example.com,MA,69,Life,Direct,2017-12-03,746.83,968.86,112024.0,True,2,in_force,0
PH0101311,POL0501311,Linda,Johnson,linda.johnson1311@example.com,PA,55,Umbrella,Agent,2019-03-02,806.19,1003.73,48371.0,False,1,in_force,1
PH0101312,POL0501312,Lisa,Miller,lisa.miller1312@example.com,MI,55,Auto,Broker,2016-06-27,843.43,869.34,50606.0,False,1,in_force,0
PH0101313,POL0501313,Barbara,Clark,barbara.clark1313@example.com,GA,74,Auto,Agent,2021-09-07,2085.6,2096.99,125136.0,False,2,in_force,0
PH0101314,POL0501314,Betty,Jones,betty.jones1314@example.com,GA,74,Life,Agent,2017-03-12,1074.71,1365.11,161206.0,False,1,in_force,0
PH0101315,POL0501315,John,Garcia,john.garcia1315@example.com,NC,52,Life,Agent,2018-08-05,3712.41,3777.42,556862.0,False,3,in_force,0
PH0101316,POL0501316,Thomas,Miller,thomas.miller1316@example.com,MI,54,Auto,Direct,2024-08-18,1248.74,1270.26,74924.0,True,1,in_force,1
PH0101317,POL0501317,Barbara,Johnson,barbara.johnson1317@example.com,GA,67,Umbrella,Agent,2018-05-08,2144.63,2241.63,128678.0,True,1,in_force,0
PH0101318,POL0501318,Mark,Rodriguez,mark.rodriguez1318@example.com,TX,75,Life,Direct,2019-06-29,815.35,821.87,122302.0,False,3,in_force,0
PH0101319,POL0501319,Thomas,Jones,thomas.jones1319@example.com,OH,62,Auto,Agent,2024-01-12,2593.99,2616.4,155639.0,True,3,in_force,0
PH0101320,POL0501320,Matthew,Brown,matthew.brown1320@example.com,NC,65,Auto,Direct,2024-06-09,1225.96,1265.39,73558.0,True,2,in_force,1
PH0101321,POL0501321,Barbara,Anderson,barbara.anderson1321@example.com,WA,67,Home,Agent,2016-05-01,1279.16,1314.39,76750.0,True,2,in_force,0
PH0101322,POL0501322,Elizabeth,Williams,elizabeth.williams1322@example.com,GA,49,Home,Direct,2016-02-18,1039.64,1040.89,62378.0,True,3,in_force,0
PH0101323,POL0501323,William,Johnson,william.johnson1323@example.com,PA,67,Home,Agent,2020-11-27,1900.64,1964.99,114038.0,True,1,in_force,0
PH0101324,POL0501324,Patricia,Moore,patricia.moore1324@example.com,MA,35,Umbrella,Agent,2019-03-25,775.95,811.6,46557.0,False,2,in_force,0
PH0101325,POL0501325,Nancy,Thompson,nancy.thompson1325@example.com,PA,53,Auto,Broker,2017-08-21,3455.57,3488.98,207334.0,True,1,in_force,0
PH0101326,POL0501326,Patricia,Wilson,patricia.wilson1326@example.com,WA,73,Home,Broker,2024-06-07,1470.51,1826.82,88231.0,False,3,in_force,0
PH0101327,POL0501327,Karen,Lewis,karen.lewis1327@example.com,IL,41,Home,Agent,2021-02-04,881.93,1099.32,52916.0,False,1,in_force,0
PH0101328,POL0501328,Nancy,White,nancy.white1328@example.com,FL,58,Auto,Broker,2018-05-03,1026.99,1072.74,61619.0,False,1,in_force,0
PH0101329,POL0501329,James,Jackson,james.jackson1329@example.com,NC,74,Umbrella,Direct,2016-01-04,3583.99,3622.13,215039.0,False,1,in_force,0
PH0101330,POL0501330,Christopher,Miller,christopher.miller1330@example.com,FL,65,Auto,Broker,2021-10-12,2993.28,3085.55,179597.0,False,2,in_force,0
PH0101331,POL0501331,Anthony,Smith,anthony.smith1331@example.com,VA,59,Home,Agent,2016-06-27,729.66,743.43,43780.0,False,1,in_force,1
PH0101332,POL0501332,Joseph,Wilson,joseph.wilson1332@example.com,FL,33,Home,Broker,2020-01-05,3209.97,3328.59,192598.0,True,2,in_force,0
PH0101333,POL0501333,Thomas,Jones,thomas.jones1333@example.com,PA,76,Auto,Broker,2022-01-17,1634.34,1674.3,98060.0,True,1,in_force,0
PH0101334,POL0501334,Margaret,Jones,margaret.jones1334@example.com,NJ,72,Auto,Direct,2016-01-28,3683.84,3827.61,221030.0,True,2,in_force,0
PH0101335,POL0501335,Nancy,White,nancy.white1335@example.com,MA,49,Home,Direct,2023-03-09,2044.53,2077.31,122672.0,True,2,in_force,1
PH0101336,POL0501336,Mary,Johnson,mary.johnson1336@example.com,OH,58,Auto,Broker,2017-07-26,3404.69,3504.13,204281.0,True,1,in_force,1
PH0101337,POL0501337,Patricia,Robinson,patricia.robinson1337@example.com,TX,60,Auto,Agent,2018-12-12,1931.55,1982.91,115893.0,True,2,in_force,0
PH0101338,POL0501338,Nancy,Davis,nancy.davis1338@example.com,IL,50,Home,Direct,2020-06-15,2032.48,2099.25,121949.0,True,3,in_force,0
PH0101339,POL0501339,Charles,Miller,charles.miller1339@example.com,OH,71,Auto,Agent,2022-01-07,2031.17,2116.12,121870.0,True,3,in_force,0
PH0101340,POL0501340,Matthew,Ramirez,matthew.ramirez1340@example.com,WA,51,Auto,Direct,2023-02-21,782.69,796.46,46961.0,False,1,in_force,0
PH0101341,POL0501341,Lisa,Rodriguez,lisa.rodriguez1341@example.com,OH,72,Home,Agent,2018-01-19,950.32,969.71,57019.0,True,1,in_force,0
PH0101342,POL0501342,Barbara,Johnson,barbara.johnson1342@example.com,NC,37,Home,Agent,2019-03-25,1876.43,1939.63,112586.0,True,2,in_force,0
PH0101343,POL0501343,Mary,Jones,mary.jones1343@example.com,MA,46,Auto,Agent,2021-12-07,3059.68,3134.31,183581.0,True,3,in_force,0
PH0101344,POL0501344,Linda,Garcia,linda.garcia1344@example.com,NC,31,Auto,Direct,2022-07-21,2595.92,2614.05,155755.0,True,2,in_force,0
PH0101345,POL0501345,Sandra,Martin,sandra.martin1345@example.com,CA,57,Auto,Direct,2021-06-06,1206.45,1248.83,72387.0,True,1,in_force,0
PH0101346,POL0501346,Robert,Anderson,robert.anderson1346@example.com,IL,58,Auto,Direct,2018-07-11,1641.95,1665.6,98517.0,False,1,in_force,0
PH0101347,POL0501347,William,Lewis,william.lewis1347@example.com,NJ,43,Home,Direct,2022-07-04,3033.92,3575.71,182035.0,True,1,in_force,0
PH0101348,POL0501348,Barbara,Johnson,barbara.johnson1348@example.com,MA,69,Home,Direct,2017-02-06,3307.62,3348.89,198457.0,True,1,in_force,0
PH0101349,POL0501349,Sarah,Martin,sarah.martin1349@example.com,NJ,49,Home,Direct,2021-08-27,3249.54,3284.51,194972.0,False,3,in_force,1
PH0101350,POL0501350,Barbara,Martin,barbara.martin1350@example.com,NY,64,Umbrella,Direct,2023-10-25,1658.19,1665.45,99491.0,True,1,in_force,1
PH0101351,POL0501351,Sandra,Moore,sandra.moore1351@example.com,IL,70,Auto,Agent,2021-05-29,2575.07,2644.65,154504.0,True,1,in_force,1
PH0101352,POL0501352,Christopher,Miller,christopher.miller1352@example.com,NY,39,Auto,Broker,2023-12-25,1781.86,1849.63,106912.0,True,3,in_force,0
PH0101353,POL0501353,Nancy,Gonzalez,nancy.gonzalez1353@example.com,IL,73,Auto,Direct,2022-05-08,1956.84,1958.07,117410.0,False,3,in_force,0
PH0101354,POL0501354,Linda,Thompson,linda.thompson1354@example.com,NY,56,Auto,Agent,2024-05-05,1233.48,1278.92,74009.0,True,3,in_force,1
PH0101355,POL0501355,Margaret,Thomas,margaret.thomas1355@example.com,CA,62,Home,Broker,2016-11-13,1146.82,1155.01,68809.0,True,1,in_force,0
PH0101356,POL0501356,Nancy,Perez,nancy.perez1356@example.com,MA,47,Home,Agent,2022-05-14,2432.37,3155.17,145942.0,False,3,in_force,1
PH0101357,POL0501357,Christopher,Martinez,christopher.martinez1357@example.com,NY,61,Life,Agent,2020-07-31,3462.15,3618.89,519322.0,True,2,in_force,0
PH0101358,POL0501358,Michael,Harris,michael.harris1358@example.com,NJ,71,Auto,Direct,2018-09-13,3450.76,3522.57,207046.0,True,2,in_force,1
PH0101359,POL0501359,Karen,Lewis,karen.lewis1359@example.com,PA,29,Home,Direct,2024-06-15,1802.73,1841.24,108164.0,False,2,in_force,0
PH0101360,POL0501360,Jessica,Wilson,jessica.wilson1360@example.com,MI,32,Auto,Agent,2017-07-07,2230.67,2338.8,133840.0,True,3,in_force,0
PH0101361,POL0501361,Matthew,Lopez,matthew.lopez1361@example.com,FL,29,Auto,Agent,2016-01-25,1419.47,1637.24,85168.0,True,1,in_force,1
PH0101362,POL0501362,Thomas,Davis,thomas.davis1362@example.com,PA,41,Umbrella,Broker,2021-09-21,1013.94,1029.79,60836.0,False,2,in_force,1
PH0101363,POL0501363,Elizabeth,Lee,elizabeth.lee1363@example.com,VA,64,Auto,Agent,2023-03-12,3329.6,4007.83,199776.0,False,1,in_force,0
PH0101364,POL0501364,Patricia,White,patricia.white1364@example.com,WA,33,Home,Direct,2020-06-30,1004.61,1054.2,60277.0,True,3,in_force,0
PH0101365,POL0501365,Karen,Smith,karen.smith1365@example.com,FL,48,Auto,Agent,2017-01-27,2273.04,2358.74,136382.0,True,1,in_force,0
PH0101366,POL0501366,Karen,Jackson,karen.jackson1366@example.com,PA,33,Auto,Direct,2021-06-02,1317.89,1336.53,79073.0,False,2,in_force,1
PH0101367,POL0501367,Christopher,White,christopher.white1367@example.com,NY,29,Home,Broker,2023-04-18,1522.33,1525.4,91340.0,False,1,in_force,0
PH0101368,POL0501368,James,Garcia,james.garcia1368@example.com,PA,30,Auto,Agent,2020-07-01,861.66,892.39,51700.0,True,2,in_force,0
PH0101369,POL0501369,Joseph,Johnson,joseph.johnson1369@example.com,NJ,53,Life,Direct,2019-01-17,3655.31,3758.89,548296.0,False,3,in_force,1
PH0101370,POL0501370,Elizabeth,Lee,elizabeth.lee1370@example.com,PA,62,Auto,Agent,2023-09-05,2385.71,2400.08,143143.0,True,1,in_force,0
PH0101371,POL0501371,Joseph,Perez,joseph.perez1371@example.com,FL,48,Auto,Agent,2018-02-15,839.82,866.53,50389.0,True,1,in_force,0
PH0101372,POL0501372,Thomas,Gonzalez,thomas.gonzalez1372@example.com,NJ,55,Auto,Direct,2018-03-11,3209.71,3271.36,192583.0,True,2,in_force,0
PH0101373,POL0501373,Richard,Lee,richard.lee1373@example.com,FL,31,Home,Broker,2017-03-03,1272.18,1275.94,76331.0,True,1,in_force,0
PH0101374,POL0501374,William,Rodriguez,william.rodriguez1374@example.com,MA,64,Auto,Direct,2018-12-21,1713.84,1728.12,102830.0,False,3,in_force,0
PH0101375,POL0501375,Jennifer,Ramirez,jennifer.ramirez1375@example.com,NJ,77,Home,Agent,2019-05-14,2268.13,2276.59,136088.0,True,1,in_force,0
PH0101376,POL0501376,Linda,Ramirez,linda.ramirez1376@example.com,CA,31,Auto,Agent,2021-03-18,1485.49,1533.84,89129.0,False,1,in_force,0
PH0101377,POL0501377,Lisa,Johnson,lisa.johnson1377@example.com,AZ,68,Auto,Broker,2016-10-17,692.39,718.13,41543.0,True,3,in_force,0
PH0101378,POL0501378,Jennifer,Moore,jennifer.moore1378@example.com,MA,67,Home,Direct,2022-01-25,3728.16,3749.19,223690.0,True,3,in_force,0
PH0101379,POL0501379,Barbara,Garcia,barbara.garcia1379@example.com,NC,73,Auto,Direct,2019-08-12,2917.8,2984.47,175068.0,True,2,in_force,0
PH0101380,POL0501380,Barbara,Jackson,barbara.jackson1380@example.com,NY,66,Auto,Direct,2019-01-21,980.81,1159.09,58849.0,False,3,in_force,0
PH0101381,POL0501381,Thomas,Martinez,thomas.martinez1381@example.com,FL,52,Auto,Agent,2017-11-07,1865.01,1891.65,111901.0,True,1,in_force,0
PH0101382,POL0501382,Matthew,Anderson,matthew.anderson1382@example.com,WA,74,Auto,Agent,2022-08-16,3283.46,3351.98,197008.0,False,2,in_force,1
PH0101383,POL0501383,William,Williams,william.williams1383@example.com,FL,38,Umbrella,Direct,2019-09-17,3304.24,3435.27,198254.0,False,1,in_force,1
PH0101384,POL0501384,Anthony,Davis,anthony.davis1384@example.com,NJ,61,Auto,Agent,2019-10-22,2050.5,2414.85,123030.0,True,3,in_force,0
PH0101385,POL0501385,Elizabeth,Jones,elizabeth.jones1385@example.com,OH,64,Auto,Broker,2024-04-18,3494.62,3616.01,209677.0,True,3,in_force,1
PH0101386,POL0501386,Jessica,Miller,jessica.miller1386@example.com,GA,37,Home,Broker,2021-11-05,3536.19,3694.1,212171.0,True,1,in_force,0
PH0101387,POL0501387,Daniel,Martin,daniel.martin1387@example.com,TX,58,Umbrella,Broker,2016-12-14,804.46,844.1,48268.0,False,3,in_force,0
PH0101388,POL0501388,Barbara,Harris,barbara.harris1388@example.com,VA,74,Auto,Agent,2017-03-30,1097.07,1128.57,65824.0,True,1,in_force,0
PH0101389,POL0501389,Christopher,Taylor,christopher.taylor1389@example.com,IL,49,Umbrella,Agent,2024-05-16,2136.43,2510.49,128186.0,True,2,in_force,0
PH0101390,POL0501390,Nancy,Jones,nancy.jones1390@example.com,GA,72,Home,Agent,2022-06-29,824.5,826.71,49470.0,True,2,in_force,0
PH0101391,POL0501391,Jennifer,Davis,jennifer.davis1391@example.com,VA,77,Life,Direct,2020-01-19,1309.98,1317.29,196497.0,True,1,in_force,0
PH0101392,POL0501392,David,Williams,david.williams1392@example.com,IL,38,Umbrella,Agent,2019-05-26,3780.54,3919.93,226832.0,True,3,in_force,0
PH0101393,POL0501393,David,Thompson,david.thompson1393@example.com,AZ,55,Auto,Agent,2016-06-24,988.71,1251.7,59323.0,True,2,in_force,0
PH0101394,POL0501394,Richard,Lewis,richard.lewis1394@example.com,PA,50,Auto,Agent,2021-05-25,2210.95,2230.76,132657.0,True,3,in_force,0
PH0101395,POL0501395,Matthew,Moore,matthew.moore1395@example.com,WA,53,Auto,Direct,2021-06-29,1733.04,2076.38,103982.0,True,2,in_force,1
PH0101396,POL0501396,Susan,Robinson,susan.robinson1396@example.com,VA,43,Auto,Broker,2020-05-08,2695.53,2814.48,161732.0,True,3,in_force,0
PH0101397,POL0501397,Elizabeth,Taylor,elizabeth.taylor1397@example.com,GA,64,Umbrella,Direct,2024-06-14,2657.91,2756.19,159475.0,True,2,in_force,1
PH0101398,POL0501398,Matthew,Lopez,matthew.lopez1398@example.com,AZ,64,Auto,Broker,2024-03-16,1451.41,1519.72,87085.0,True,2,in_force,1
PH0101399,POL0501399,Michael,Ramirez,michael.ramirez1399@example.com,VA,38,Home,Agent,2021-04-04,1347.61,1736.72,80857.0,True,2,in_force,0
PH0101400,POL0501400,Christopher,Gonzalez,christopher.gonzalez1400@example.com,OH,52,Home,Broker,2020-05-29,2732.98,2774.48,163979.0,True,1,in_force,0
PH0101401,POL0501401,Jessica,Lopez,jessica.lopez1401@example.com,NY,50,Auto,Agent,2023-02-05,2782.14,3238.94,166928.0,False,3,in_force,0
PH0101402,POL0501402,Anthony,Lopez,anthony.lopez1402@example.com,FL,60,Home,Broker,2017-11-13,997.27,1013.61,59836.0,True,3,in_force,0
PH0101403,POL0501403,Nancy,Ramirez,nancy.ramirez1403@example.com,VA,44,Umbrella,Direct,2024-04-20,2115.66,2220.04,126940.0,False,1,in_force,1
PH0101404,POL0501404,Betty,Smith,betty.smith1404@example.com,MA,35,Umbrella,Direct,2022-06-30,928.27,929.69,55696.0,True,3,in_force,1
PH0101405,POL0501405,Matthew,Robinson,matthew.robinson1405@example.com,MI,67,Home,Broker,2020-10-14,2021.55,2038.12,121293.0,True,3,in_force,0
PH0101406,POL0501406,Nancy,Ramirez,nancy.ramirez1406@example.com,IL,59,Umbrella,Agent,2019-03-21,2534.65,2538.95,152079.0,True,2,in_force,0
PH0101407,POL0501407,Christopher,Moore,christopher.moore1407@example.com,GA,75,Auto,Agent,2018-09-14,3066.17,3143.22,183970.0,True,1,in_force,0
PH0101408,POL0501408,Robert,Jackson,robert.jackson1408@example.com,WA,39,Umbrella,Broker,2020-09-26,1058.9,1085.13,63534.0,True,1,in_force,0
PH0101409,POL0501409,Christopher,Martinez,christopher.martinez1409@example.com,VA,59,Home,Broker,2019-03-05,3060.36,3148.15,183622.0,False,3,in_force,0
PH0101410,POL0501410,Charles,Taylor,charles.taylor1410@example.com,IL,64,Home,Agent,2020-03-28,2325.76,2707.76,139546.0,True,2,in_force,0
PH0101411,POL0501411,Mary,White,mary.white1411@example.com,NJ,42,Umbrella,Agent,2024-07-11,1440.09,1472.32,86405.0,True,2,in_force,1
PH0101412,POL0501412,Richard,Harris,richard.harris1412@example.com,OH,43,Home,Agent,2021-09-19,2160.16,2193.53,129610.0,True,2,in_force,0
PH0101413,POL0501413,Margaret,Lee,margaret.lee1413@example.com,FL,45,Life,Broker,2024-07-08,2769.65,3299.2,415448.0,False,2,in_force,0
PH0101414,POL0501414,William,Anderson,william.anderson1414@example.com,OH,46,Home,Broker,2024-04-02,3828.2,3839.74,229692.0,True,3,in_force,0
PH0101415,POL0501415,Christopher,Jones,christopher.jones1415@example.com,OH,40,Life,Agent,2022-01-02,3286.44,3313.75,492966.0,True,3,in_force,0
PH0101416,POL0501416,Joseph,Williams,joseph.williams1416@example.com,OH,35,Life,Broker,2023-06-17,3123.28,3230.72,468492.0,False,2,in_force,0
PH0101417,POL0501417,Sarah,Harris,sarah.harris1417@example.com,GA,76,Home,Broker,2023-10-17,2335.15,2436.47,140109.0,False,3,in_force,1
PH0101418,POL0501418,Anthony,Sanchez,anthony.sanchez1418@example.com,NC,65,Home,Agent,2024-01-02,945.61,1212.85,56737.0,True,3,in_force,1
PH0101419,POL0501419,Michael,Gonzalez,michael.gonzalez1419@example.com,NY,32,Home,Agent,2020-06-12,702.63,716.24,42158.0,True,1,in_force,0
PH0101420,POL0501420,Robert,Taylor,robert.taylor1420@example.com,WA,28,Home,Broker,2018-08-23,1647.11,2143.85,98827.0,True,3,in_force,0
PH0101421,POL0501421,Susan,Sanchez,susan.sanchez1421@example.com,NY,44,Auto,Agent,2023-04-24,3397.03,3435.88,203822.0,True,3,in_force,1
PH0101422,POL0501422,Matthew,Clark,matthew.clark1422@example.com,TX,68,Life,Direct,2016-01-08,2336.56,2813.65,350484.0,False,2,in_force,1
PH0101423,POL0501423,Betty,Johnson,betty.johnson1423@example.com,FL,52,Auto,Broker,2016-01-26,2541.64,2597.84,152498.0,True,2,in_force,0
PH0101424,POL0501424,Sarah,Hernandez,sarah.hernandez1424@example.com,NY,42,Home,Agent,2023-05-15,2248.77,2743.76,134926.0,False,2,in_force,0
PH0101425,POL0501425,Jennifer,Taylor,jennifer.taylor1425@example.com,NJ,63,Auto,Agent,2016-10-22,802.19,842.28,48131.0,True,1,in_force,0
PH0101426,POL0501426,Sarah,Smith,sarah.smith1426@example.com,TX,38,Life,Broker,2020-09-04,1181.98,1232.28,177297.0,False,2,in_force,0
PH0101427,POL0501427,Robert,Rodriguez,robert.rodriguez1427@example.com,VA,66,Home,Direct,2016-09-16,1595.11,2073.7,95707.0,False,1,in_force,1
PH0101428,POL0501428,James,Miller,james.miller1428@example.com,NY,29,Home,Direct,2021-11-11,3277.62,3345.05,196657.0,True,1,in_force,0
PH0101429,POL0501429,Patricia,Moore,patricia.moore1429@example.com,FL,41,Home,Agent,2021-03-26,985.27,1009.08,59116.0,True,2,in_force,0
PH0101430,POL0501430,Daniel,Williams,daniel.williams1430@example.com,GA,35,Auto,Agent,2021-06-07,744.6,757.87,44676.0,True,3,in_force,0
PH0101431,POL0501431,Thomas,Gonzalez,thomas.gonzalez1431@example.com,IL,71,Umbrella,Agent,2021-06-16,2182.36,2247.71,130942.0,True,1,in_force,0
PH0101432,POL0501432,Nancy,Jackson,nancy.jackson1432@example.com,NJ,46,Auto,Agent,2016-01-20,2508.77,2523.44,150526.0,True,2,in_force,0
PH0101433,POL0501433,Jessica,Anderson,jessica.anderson1433@example.com,IL,36,Home,Broker,2023-09-26,2444.04,2558.34,146642.0,True,3,in_force,1
PH0101434,POL0501434,Christopher,Moore,christopher.moore1434@example.com,IL,40,Life,Direct,2018-01-10,3327.38,3375.67,499107.0,False,1,in_force,0
PH0101435,POL0501435,Susan,Martin,susan.martin1435@example.com,NJ,45,Auto,Broker,2018-05-28,3387.56,3523.93,203254.0,False,3,in_force,0
PH0101436,POL0501436,Joseph,Robinson,joseph.robinson1436@example.com,MA,35,Home,Direct,2017-08-18,3239.49,3328.45,194369.0,True,1,in_force,1
PH0101437,POL0501437,Jennifer,Ramirez,jennifer.ramirez1437@example.com,GA,76,Life,Direct,2022-04-21,2278.45,2297.2,341768.0,True,3,in_force,0
PH0101438,POL0501438,Patricia,Taylor,patricia.taylor1438@example.com,IL,51,Home,Broker,2022-05-05,719.76,735.42,43186.0,True,2,in_force,1
PH0101439,POL0501439,Jennifer,White,jennifer.white1439@example.com,NC,60,Auto,Direct,2023-06-03,1142.38,1184.8,68543.0,True,3,in_force,0
PH0101440,POL0501440,Michael,Jackson,michael.jackson1440@example.com,VA,72,Auto,Direct,2017-08-08,826.46,859.79,49588.0,True,3,in_force,0
PH0101441,POL0501441,Mark,Anderson,mark.anderson1441@example.com,MI,73,Auto,Broker,2024-03-29,978.27,1014.53,58696.0,True,2,in_force,0
PH0101442,POL0501442,Jennifer,Thompson,jennifer.thompson1442@example.com,GA,38,Auto,Direct,2022-05-21,3583.68,3621.43,215021.0,True,1,in_force,0
PH0101443,POL0501443,Joseph,Gonzalez,joseph.gonzalez1443@example.com,FL,38,Auto,Agent,2020-11-30,3012.38,3155.58,180743.0,True,1,in_force,0
PH0101444,POL0501444,Christopher,Johnson,christopher.johnson1444@example.com,NJ,41,Life,Agent,2020-11-20,1900.5,1930.93,285075.0,False,2,in_force,0
PH0101445,POL0501445,Anthony,Clark,anthony.clark1445@example.com,VA,55,Home,Broker,2020-04-21,1949.02,2012.95,116941.0,True,3,in_force,0
PH0101446,POL0501446,Daniel,Ramirez,daniel.ramirez1446@example.com,OH,64,Home,Direct,2019-02-10,1365.72,1819.94,81943.0,False,1,in_force,1
PH0101447,POL0501447,Matthew,Robinson,matthew.robinson1447@example.com,MA,69,Home,Direct,2022-04-13,1792.07,1804.02,107524.0,True,1,in_force,1
PH0101448,POL0501448,Nancy,Lopez,nancy.lopez1448@example.com,TX,51,Home,Direct,2016-12-23,3442.18,3606.05,206531.0,True,3,in_force,0
PH0101449,POL0501449,Jennifer,Jackson,jennifer.jackson1449@example.com,VA,56,Life,Direct,2016-10-23,2362.78,3082.99,354417.0,True,3,in_force,0
PH0101450,POL0501450,William,Taylor,william.taylor1450@example.com,NC,65,Umbrella,Agent,2022-10-26,1705.04,1789.38,102302.0,True,1,in_force,0
PH0101451,POL0501451,William,Gonzalez,william.gonzalez1451@example.com,VA,42,Auto,Direct,2019-10-29,2956.11,3075.89,177367.0,True,1,in_force,0
PH0101452,POL0501452,Matthew,Davis,matthew.davis1452@example.com,TX,34,Auto,Broker,2020-08-10,2468.87,2578.7,148132.0,False,1,in_force,0
PH0101453,POL0501453,Betty,Clark,betty.clark1453@example.com,PA,65,Auto,Direct,2023-09-28,2566.22,2616.11,153973.0,False,1,in_force,1
PH0101454,POL0501454,Patricia,Harris,patricia.harris1454@example.com,OH,53,Home,Direct,2019-12-22,2671.5,2709.62,160290.0,True,2,in_force,0
PH0101455,POL0501455,Richard,Rodriguez,richard.rodriguez1455@example.com,TX,39,Auto,Agent,2020-08-19,2792.4,2906.15,167544.0,False,2,in_force,1
PH0101456,POL0501456,Thomas,Lopez,thomas.lopez1456@example.com,MI,62,Auto,Direct,2021-09-19,1200.35,1223.34,72021.0,True,1,in_force,0
PH0101457,POL0501457,Mary,Garcia,mary.garcia1457@example.com,MA,36,Auto,Agent,2021-10-06,3404.86,3520.28,204292.0,True,1,in_force,0
PH0101458,POL0501458,Robert,White,robert.white1458@example.com,OH,70,Life,Direct,2024-07-03,1505.86,1533.32,225879.0,True,1,in_force,0
PH0101459,POL0501459,Elizabeth,Thompson,elizabeth.thompson1459@example.com,NY,67,Auto,Agent,2016-10-26,1246.09,1289.72,74765.0,False,2,in_force,0
PH0101460,POL0501460,Joseph,Ramirez,joseph.ramirez1460@example.com,MI,68,Home,Broker,2016-07-23,2697.14,2731.8,161828.0,True,3,in_force,0
PH0101461,POL0501461,Mark,Harris,mark.harris1461@example.com,GA,58,Umbrella,Agent,2021-01-21,2109.16,2156.18,126550.0,True,1,in_force,0
PH0101462,POL0501462,Barbara,Perez,barbara.perez1462@example.com,NC,66,Home,Broker,2019-06-28,829.13,858.21,49748.0,False,1,in_force,1
PH0101463,POL0501463,Lisa,Anderson,lisa.anderson1463@example.com,NJ,56,Auto,Agent,2021-11-21,2313.42,2373.2,138805.0,True,3,in_force,0
PH0101464,POL0501464,Patricia,Thompson,patricia.thompson1464@example.com,NC,49,Home,Agent,2024-05-23,1384.9,1451.46,83094.0,True,3,in_force,1
PH0101465,POL0501465,Mary,Gonzalez,mary.gonzalez1465@example.com,FL,48,Auto,Broker,2016-12-17,1684.76,1706.1,101086.0,True,1,in_force,0
PH0101466,POL0501466,Christopher,Thompson,christopher.thompson1466@example.com,WA,70,Auto,Direct,2016-02-27,675.35,696.66,40521.0,True,3,in_force,0
PH0101467,POL0501467,Barbara,Thompson,barbara.thompson1467@example.com,NJ,36,Auto,Direct,2022-12-11,1284.8,1719.97,77088.0,True,1,in_force,1
PH0101468,POL0501468,Joseph,Miller,joseph.miller1468@example.com,PA,74,Home,Direct,2017-06-16,2352.5,2358.16,141150.0,False,1,in_force,0
PH0101469,POL0501469,David,Thomas,david.thomas1469@example.com,FL,75,Home,Agent,2017-01-04,3052.24,3934.25,183134.0,True,2,in_force,0
PH0101470,POL0501470,Betty,White,betty.white1470@example.com,CA,41,Auto,Agent,2017-09-21,1887.94,1974.52,113276.0,True,1,in_force,0
PH0101471,POL0501471,Anthony,Gonzalez,anthony.gonzalez1471@example.com,PA,74,Auto,Agent,2020-08-27,1236.92,1253.02,74215.0,False,3,in_force,0
PH0101472,POL0501472,Anthony,Robinson,anthony.robinson1472@example.com,NC,34,Home,Direct,2017-01-05,3098.47,3128.74,185908.0,False,3,in_force,0
PH0101473,POL0501473,William,Jackson,william.jackson1473@example.com,VA,62,Home,Broker,2020-05-26,2150.2,2578.78,129012.0,True,3,in_force,1
PH0101474,POL0501474,Jennifer,Thompson,jennifer.thompson1474@example.com,MI,66,Life,Direct,2020-04-22,3627.43,3755.08,544114.0,True,2,in_force,0
PH0101475,POL0501475,Jessica,Perez,jessica.perez1475@example.com,CA,55,Auto,Agent,2018-03-09,3106.89,3242.0,186413.0,True,1,in_force,0
PH0101476,POL0501476,Barbara,Sanchez,barbara.sanchez1476@example.com,MA,66,Home,Direct,2023-04-11,2200.16,2718.9,132010.0,True,3,in_force,0
PH0101477,POL0501477,Lisa,Perez,lisa.perez1477@example.com,CA,61,Auto,Direct,2022-02-15,2186.59,2220.54,131195.0,False,2,in_force,0
PH0101478,POL0501478,William,Moore,william.moore1478@example.com,TX,69,Auto,Direct,2016-02-19,683.72,901.82,41023.0,True,3,in_force,0
PH0101479,POL0501479,David,White,david.white1479@example.com,MI,54,Home,Broker,2018-07-26,2496.9,2516.4,149814.0,False,3,in_force,0
PH0101480,POL0501480,Thomas,Brown,thomas.brown1480@example.com,MI,32,Auto,Agent,2019-11-13,1349.45,1386.52,80967.0,True,1,in_force,0
PH0101481,POL0501481,Joseph,Harris,joseph.harris1481@example.com,PA,59,Home,Broker,2024-01-30,2044.68,2089.79,122681.0,True,2,in_force,0
PH0101482,POL0501482,Thomas,White,thomas.white1482@example.com,MI,71,Auto,Direct,2023-08-17,2098.59,2182.51,125915.0,True,2,in_force,1
PH0101483,POL0501483,John,Robinson,john.robinson1483@example.com,NC,76,Umbrella,Direct,2022-04-24,2151.04,2214.78,129062.0,False,1,in_force,0
PH0101484,POL0501484,Joseph,Davis,joseph.davis1484@example.com,OH,48,Auto,Direct,2022-03-04,753.73,756.26,45224.0,True,2,in_force,0
PH0101485,POL0501485,Michael,Martin,michael.martin1485@example.com,NY,43,Umbrella,Broker,2016-08-14,1725.95,1801.66,103557.0,True,3,in_force,0
PH0101486,POL0501486,James,Sanchez,james.sanchez1486@example.com,MA,76,Auto,Direct,2016-08-14,1537.81,1541.38,92269.0,False,3,in_force,0
PH0101487,POL0501487,Lisa,Gonzalez,lisa.gonzalez1487@example.com,IL,67,Home,Agent,2023-01-10,2049.61,2113.07,122977.0,True,2,in_force,0
PH0101488,POL0501488,Barbara,Williams,barbara.williams1488@example.com,WA,40,Home,Direct,2016-07-05,1979.31,2056.45,118759.0,True,2,in_force,0
PH0101489,POL0501489,Sandra,Brown,sandra.brown1489@example.com,OH,56,Home,Direct,2017-10-25,1912.93,1952.51,114776.0,False,2,in_force,1
PH0101490,POL0501490,Barbara,Jackson,barbara.jackson1490@example.com,IL,56,Auto,Direct,2018-09-24,1579.95,1605.11,94797.0,False,3,in_force,0
PH0101491,POL0501491,Lisa,Taylor,lisa.taylor1491@example.com,NC,32,Auto,Direct,2016-04-15,3568.22,3662.53,214093.0,True,2,in_force,0
PH0101492,POL0501492,Mary,Sanchez,mary.sanchez1492@example.com,GA,75,Auto,Direct,2024-07-21,1433.02,1434.01,85981.0,False,2,in_force,1
PH0101493,POL0501493,John,Hernandez,john.hernandez1493@example.com,NJ,51,Home,Broker,2023-01-23,935.86,936.64,56152.0,True,3,in_force,0
PH0101494,POL0501494,Margaret,Clark,margaret.clark1494@example.com,PA,49,Auto,Agent,2022-03-10,3686.68,3712.08,221201.0,True,1,in_force,0
PH0101495,POL0501495,Sandra,White,sandra.white1495@example.com,TX,59,Life,Agent,2016-06-06,1404.28,1808.57,210642.0,True,3,in_force,1
PH0101496,POL0501496,Charles,Jackson,charles.jackson1496@example.com,NC,56,Auto,Broker,2018-05-13,3288.83,3371.23,197330.0,True,2,in_force,0
PH0101497,POL0501497,Sandra,Moore,sandra.moore1497@example.com,TX,42,Home,Direct,2016-03-13,1590.98,1645.02,95459.0,True,2,in_force,0
PH0101498,POL0501498,Betty,Harris,betty.harris1498@example.com,MA,65,Home,Direct,2019-12-23,3663.82,3730.48,219829.0,True,3,in_force,0
PH0101499,POL0501499,William,Johnson,william.johnson1499@example.com,AZ,44,Umbrella,Agent,2018-12-11,1833.93,1859.97,110036.0,True,3,in_force,0
PH0101500,POL0501500,Lisa,Garcia,lisa.garcia1500@example.com,PA,39,Auto,Broker,2021-04-30,657.78,667.03,39467.0,False,2,in_force,0
PH0101501,POL0501501,Mark,Rodriguez,mark.rodriguez1501@example.com,CA,38,Auto,Agent,2020-11-18,1259.07,1268.82,75544.0,True,2,in_force,0
PH0101502,POL0501502,Margaret,Thompson,margaret.thompson1502@example.com,IL,50,Umbrella,Agent,2016-10-23,2492.05,2607.9,149523.0,False,3,in_force,0
PH0101503,POL0501503,Sandra,Garcia,sandra.garcia1503@example.com,VA,28,Home,Broker,2020-12-01,879.83,888.87,52790.0,True,3,in_force,1
PH0101504,POL0501504,Matthew,Gonzalez,matthew.gonzalez1504@example.com,NC,56,Auto,Broker,2023-03-07,3058.2,3081.3,183492.0,True,2,in_force,0
PH0101505,POL0501505,Michael,Wilson,michael.wilson1505@example.com,GA,50,Home,Agent,2023-02-22,3812.21,3955.22,228733.0,True,3,in_force,1
PH0101506,POL0501506,Richard,Rodriguez,richard.rodriguez1506@example.com,NC,28,Home,Broker,2017-10-07,1082.55,1240.85,64953.0,True,3,in_force,1
PH0101507,POL0501507,Thomas,Wilson,thomas.wilson1507@example.com,AZ,39,Auto,Broker,2018-08-23,1780.29,1783.66,106817.0,True,3,in_force,0
PH0101508,POL0501508,William,Johnson,william.johnson1508@example.com,OH,36,Auto,Direct,2016-09-23,1575.09,2064.34,94505.0,False,3,in_force,1
PH0101509,POL0501509,Sarah,Robinson,sarah.robinson1509@example.com,WA,71,Auto,Direct,2017-11-02,784.31,802.78,47059.0,True,3,in_force,0
PH0101510,POL0501510,Jennifer,Gonzalez,jennifer.gonzalez1510@example.com,WA,30,Auto,Agent,2021-05-29,3801.83,3895.44,228110.0,True,2,in_force,1
PH0101511,POL0501511,Charles,Perez,charles.perez1511@example.com,AZ,71,Life,Direct,2018-10-16,2215.77,2248.08,332366.0,True,3,in_force,0
PH0101512,POL0501512,Barbara,Martin,barbara.martin1512@example.com,PA,57,Auto,Agent,2022-02-14,2171.77,2261.92,130306.0,True,2,in_force,0
PH0101513,POL0501513,Mary,Martin,mary.martin1513@example.com,MI,31,Home,Agent,2024-03-16,2070.16,2605.57,124210.0,True,1,in_force,0
PH0101514,POL0501514,Daniel,Taylor,daniel.taylor1514@example.com,CA,46,Home,Agent,2018-03-01,1001.97,1035.7,60118.0,True,2,in_force,0
PH0101515,POL0501515,Susan,Garcia,susan.garcia1515@example.com,FL,52,Auto,Direct,2016-08-11,1312.62,1361.4,78757.0,True,2,in_force,0
PH0101516,POL0501516,Betty,Sanchez,betty.sanchez1516@example.com,NY,68,Home,Broker,2020-01-06,3842.78,3913.69,230567.0,True,2,in_force,0
PH0101517,POL0501517,Betty,Harris,betty.harris1517@example.com,OH,58,Auto,Broker,2017-02-04,1975.48,1977.62,118529.0,True,1,in_force,0
PH0101518,POL0501518,Richard,Brown,richard.brown1518@example.com,IL,61,Life,Direct,2021-03-17,2900.05,2976.05,435008.0,False,1,in_force,0
PH0101519,POL0501519,Jessica,Lewis,jessica.lewis1519@example.com,AZ,73,Auto,Direct,2018-12-16,3502.34,4238.43,210140.0,True,2,in_force,0
PH0101520,POL0501520,Sarah,Lopez,sarah.lopez1520@example.com,GA,75,Home,Direct,2016-01-21,673.81,900.01,40429.0,True,2,in_force,1
PH0101521,POL0501521,Nancy,Taylor,nancy.taylor1521@example.com,NJ,69,Home,Agent,2016-12-25,744.76,756.6,44686.0,True,2,in_force,1
PH0101522,POL0501522,James,Williams,james.williams1522@example.com,MI,32,Umbrella,Direct,2023-06-19,1580.46,1908.78,94828.0,True,2,in_force,1
PH0101523,POL0501523,Margaret,Martinez,margaret.martinez1523@example.com,TX,35,Umbrella,Direct,2020-09-21,1308.48,1319.77,78509.0,False,3,in_force,0
PH0101524,POL0501524,David,Lewis,david.lewis1524@example.com,GA,48,Auto,Broker,2019-04-09,3666.41,4840.05,219985.0,True,1,in_force,0
PH0101525,POL0501525,Betty,Hernandez,betty.hernandez1525@example.com,CA,55,Umbrella,Direct,2016-05-18,2715.84,2728.89,162950.0,False,2,in_force,0
PH0101526,POL0501526,Patricia,Robinson,patricia.robinson1526@example.com,NY,69,Auto,Broker,2023-07-24,3027.06,3122.83,181624.0,False,1,in_force,0
PH0101527,POL0501527,Christopher,Thomas,christopher.thomas1527@example.com,NC,55,Umbrella,Direct,2022-06-19,2099.18,2110.88,125951.0,False,3,in_force,0
PH0101528,POL0501528,Linda,Davis,linda.davis1528@example.com,PA,72,Auto,Direct,2018-07-01,2150.15,2214.98,129009.0,True,3,in_force,0
PH0101529,POL0501529,Robert,Clark,robert.clark1529@example.com,IL,43,Auto,Broker,2016-11-09,3200.46,3241.12,192028.0,True,3,in_force,0
PH0101530,POL0501530,John,Wilson,john.wilson1530@example.com,NJ,34,Life,Direct,2017-01-05,3407.87,4334.13,511180.0,False,3,in_force,0
PH0101531,POL0501531,Jennifer,White,jennifer.white1531@example.com,GA,60,Life,Agent,2023-03-31,2283.67,2367.68,342550.0,False,2,in_force,0
PH0101532,POL0501532,Robert,Perez,robert.perez1532@example.com,AZ,35,Life,Direct,2021-02-28,2578.56,2597.71,386784.0,False,1,in_force,0
PH0101533,POL0501533,Jennifer,Robinson,jennifer.robinson1533@example.com,WA,34,Auto,Agent,2023-08-01,687.97,689.16,41278.0,True,2,in_force,0
PH0101534,POL0501534,Nancy,Moore,nancy.moore1534@example.com,GA,59,Umbrella,Direct,2022-10-25,1365.96,1419.49,81958.0,True,2,in_force,0
PH0101535,POL0501535,Charles,Jones,charles.jones1535@example.com,TX,43,Auto,Agent,2019-08-06,2761.06,2794.11,165664.0,True,1,in_force,0
PH0101536,POL0501536,Jennifer,Davis,jennifer.davis1536@example.com,AZ,38,Life,Broker,2016-05-16,3163.13,3214.02,474470.0,False,2,in_force,0
PH0101537,POL0501537,Karen,Sanchez,karen.sanchez1537@example.com,MI,41,Auto,Direct,2021-01-02,991.47,1037.35,59488.0,False,2,in_force,0
PH0101538,POL0501538,Sandra,Lopez,sandra.lopez1538@example.com,IL,69,Life,Agent,2021-09-10,3382.98,3476.31,507447.0,True,1,in_force,0
PH0101539,POL0501539,Matthew,Martinez,matthew.martinez1539@example.com,TX,48,Home,Agent,2018-08-19,2077.99,2515.22,124679.0,False,2,in_force,1
PH0101540,POL0501540,Joseph,Smith,joseph.smith1540@example.com,WA,41,Life,Agent,2021-06-12,737.94,913.91,110691.0,True,1,in_force,1
PH0101541,POL0501541,Elizabeth,Wilson,elizabeth.wilson1541@example.com,NC,45,Home,Agent,2021-05-12,1802.59,1831.55,108155.0,False,2,in_force,0
PH0101542,POL0501542,Margaret,Sanchez,margaret.sanchez1542@example.com,MA,75,Auto,Direct,2018-12-13,2043.39,2089.03,122603.0,False,3,in_force,0
PH0101543,POL0501543,Anthony,White,anthony.white1543@example.com,GA,44,Home,Agent,2019-04-20,3753.15,3927.02,225189.0,True,1,in_force,0
PH0101544,POL0501544,Sandra,Thompson,sandra.thompson1544@example.com,NJ,48,Home,Direct,2020-09-15,680.78,682.43,40847.0,False,3,in_force,1
PH0101545,POL0501545,James,Martinez,james.martinez1545@example.com,VA,54,Umbrella,Direct,2018-11-09,1456.14,1494.61,87368.0,True,3,in_force,0
PH0101546,POL0501546,Barbara,Garcia,barbara.garcia1546@example.com,IL,54,Auto,Direct,2016-03-18,2509.08,2965.84,150545.0,True,2,in_force,0
PH0101547,POL0501547,Thomas,Brown,thomas.brown1547@example.com,FL,70,Umbrella,Broker,2017-03-13,1779.29,1812.46,106757.0,True,1,in_force,0
PH0101548,POL0501548,Anthony,Brown,anthony.brown1548@example.com,NJ,30,Home,Agent,2023-09-30,2891.88,3530.65,173513.0,True,1,in_force,1
PH0101549,POL0501549,Margaret,Williams,margaret.williams1549@example.com,AZ,43,Auto,Agent,2020-12-23,1519.94,1571.67,91196.0,False,3,in_force,0
PH0101550,POL0501550,Matthew,Jackson,matthew.jackson1550@example.com,GA,75,Auto,Direct,2024-01-15,945.41,988.68,56725.0,True,3,in_force,1
PH0101551,POL0501551,Sarah,White,sarah.white1551@example.com,AZ,60,Life,Agent,2021-07-17,2710.86,2743.92,406629.0,True,3,in_force,0
PH0101552,POL0501552,Margaret,Moore,margaret.moore1552@example.com,GA,35,Home,Direct,2020-09-30,2479.28,2533.23,148757.0,True,2,in_force,0
PH0101553,POL0501553,Daniel,Martin,daniel.martin1553@example.com,TX,65,Life,Agent,2017-05-08,3511.21,4580.35,526682.0,True,3,in_force,0
PH0101554,POL0501554,Joseph,Wilson,joseph.wilson1554@example.com,AZ,65,Umbrella,Agent,2021-07-25,2349.03,2437.36,140942.0,True,3,in_force,0
PH0101555,POL0501555,Daniel,Williams,daniel.williams1555@example.com,IL,51,Auto,Direct,2019-03-01,1552.96,1613.85,93178.0,False,3,in_force,0
PH0101556,POL0501556,Susan,Miller,susan.miller1556@example.com,NY,49,Auto,Agent,2023-09-26,660.32,671.35,39619.0,False,2,in_force,0
PH0101557,POL0501557,Nancy,Anderson,nancy.anderson1557@example.com,FL,58,Home,Agent,2024-03-24,2339.51,2430.12,140371.0,True,3,in_force,0
PH0101558,POL0501558,Jessica,Martin,jessica.martin1558@example.com,AZ,53,Home,Direct,2017-02-24,1366.59,1419.95,81995.0,False,2,in_force,0
PH0101559,POL0501559,Michael,Harris,michael.harris1559@example.com,GA,47,Home,Broker,2018-08-07,2487.5,2581.76,149250.0,True,2,in_force,0
PH0101560,POL0501560,Karen,Gonzalez,karen.gonzalez1560@example.com,OH,71,Auto,Direct,2020-11-07,1462.19,1531.46,87731.0,True,1,in_force,0
PH0101561,POL0501561,Nancy,Sanchez,nancy.sanchez1561@example.com,TX,57,Home,Agent,2022-06-15,1933.3,2025.01,115998.0,True,1,in_force,0
PH0101562,POL0501562,Jennifer,Clark,jennifer.clark1562@example.com,VA,46,Auto,Direct,2017-02-14,2205.45,2719.4,132327.0,True,2,in_force,1
PH0101563,POL0501563,Lisa,Hernandez,lisa.hernandez1563@example.com,NC,47,Home,Broker,2020-02-21,3348.7,3364.04,200922.0,True,1,in_force,0
PH0101564,POL0501564,Daniel,Williams,daniel.williams1564@example.com,NJ,72,Auto,Direct,2021-03-03,1259.79,1288.2,75587.0,True,1,in_force,0
PH0101565,POL0501565,James,Garcia,james.garcia1565@example.com,TX,73,Umbrella,Broker,2023-11-08,1331.95,1387.48,79917.0,True,3,in_force,0
PH0101566,POL0501566,Patricia,Perez,patricia.perez1566@example.com,MA,46,Home,Broker,2022-05-06,1150.75,1207.11,69045.0,True,1,in_force,0
PH0101567,POL0501567,Sandra,Lee,sandra.lee1567@example.com,IL,33,Home,Direct,2019-01-14,2385.95,2817.53,143157.0,True,1,in_force,1
PH0101568,POL0501568,James,Sanchez,james.sanchez1568@example.com,CA,47,Auto,Agent,2019-10-20,3511.39,3673.39,210683.0,False,3,in_force,0
PH0101569,POL0501569,Richard,Jones,richard.jones1569@example.com,IL,58,Auto,Direct,2019-12-04,1191.25,1242.77,71475.0,False,2,in_force,0
PH0101570,POL0501570,Sandra,Thomas,sandra.thomas1570@example.com,CA,63,Home,Broker,2017-11-28,3011.65,3155.83,180699.0,False,2,in_force,0
PH0101571,POL0501571,Richard,Perez,richard.perez1571@example.com,NC,33,Auto,Agent,2020-12-03,791.09,826.76,47465.0,True,2,in_force,0
PH0101572,POL0501572,William,Rodriguez,william.rodriguez1572@example.com,TX,57,Auto,Agent,2016-12-08,743.75,744.27,44625.0,False,2,in_force,0
PH0101573,POL0501573,Barbara,Anderson,barbara.anderson1573@example.com,OH,34,Auto,Broker,2021-12-08,3597.13,3605.36,215828.0,True,1,in_force,0
PH0101574,POL0501574,Margaret,Brown,margaret.brown1574@example.com,PA,41,Auto,Direct,2016-02-13,3195.76,3690.65,191746.0,False,3,in_force,0
PH0101575,POL0501575,Daniel,Anderson,daniel.anderson1575@example.com,NJ,77,Life,Direct,2020-05-20,3814.68,3831.96,572202.0,False,1,in_force,0
PH0101576,POL0501576,Margaret,Gonzalez,margaret.gonzalez1576@example.com,AZ,69,Auto,Agent,2017-11-20,3002.72,3038.9,180163.0,True,2,in_force,0
PH0101577,POL0501577,Michael,Robinson,michael.robinson1577@example.com,FL,31,Home,Agent,2022-12-09,1693.93,1697.83,101636.0,True,1,in_force,0
PH0101578,POL0501578,Christopher,Smith,christopher.smith1578@example.com,OH,52,Life,Direct,2019-08-14,2298.88,2410.11,344832.0,True,3,in_force,0
PH0101579,POL0501579,Linda,Smith,linda.smith1579@example.com,WA,28,Home,Agent,2019-02-07,1370.46,1427.78,82228.0,False,1,in_force,0
PH0101580,POL0501580,James,Jones,james.jones1580@example.com,GA,69,Life,Agent,2021-12-09,1161.38,1176.65,174207.0,True,1,in_force,0
PH0101581,POL0501581,Sandra,Thomas,sandra.thomas1581@example.com,IL,47,Home,Direct,2021-05-29,2275.42,2690.01,136525.0,True,1,in_force,0
PH0101582,POL0501582,Christopher,Rodriguez,christopher.rodriguez1582@example.com,TX,60,Auto,Agent,2016-04-10,3279.5,3688.96,196770.0,False,1,in_force,0
PH0101583,POL0501583,David,White,david.white1583@example.com,IL,32,Home,Direct,2019-09-18,2581.86,2609.78,154912.0,False,2,in_force,0
PH0101584,POL0501584,Michael,Thomas,michael.thomas1584@example.com,NY,67,Life,Agent,2019-05-01,1088.09,1141.87,163214.0,True,1,in_force,0
PH0101585,POL0501585,Betty,Rodriguez,betty.rodriguez1585@example.com,IL,54,Umbrella,Agent,2022-03-10,1828.11,1881.46,109687.0,False,2,in_force,0
PH0101586,POL0501586,Thomas,Lee,thomas.lee1586@example.com,WA,43,Auto,Direct,2017-02-28,1887.07,1917.68,113224.0,True,3,in_force,0
PH0101587,POL0501587,Betty,Thomas,betty.thomas1587@example.com,NJ,37,Auto,Agent,2020-05-11,2135.15,2189.19,128109.0,True,2,in_force,1
PH0101588,POL0501588,Lisa,Ramirez,lisa.ramirez1588@example.com,FL,51,Life,Direct,2017-12-04,1857.78,1859.94,278667.0,True,1,in_force,0
PH0101589,POL0501589,Michael,Brown,michael.brown1589@example.com,CA,63,Life,Agent,2016-09-12,1496.09,1542.3,224414.0,False,2,in_force,1
PH0101590,POL0501590,Mark,Jackson,mark.jackson1590@example.com,GA,68,Auto,Agent,2023-09-01,2699.1,2796.92,161946.0,True,3,in_force,1
PH0101591,POL0501591,Robert,Rodriguez,robert.rodriguez1591@example.com,GA,66,Auto,Direct,2022-10-02,1438.01,1473.73,86281.0,True,2,in_force,0
PH0101592,POL0501592,Joseph,Taylor,joseph.taylor1592@example.com,PA,73,Auto,Agent,2020-06-30,3094.72,3164.2,185683.0,True,2,in_force,1
PH0101593,POL0501593,Thomas,Gonzalez,thomas.gonzalez1593@example.com,FL,37,Auto,Direct,2020-01-06,2004.26,2046.48,120256.0,True,2,in_force,0
PH0101594,POL0501594,Robert,Thomas,robert.thomas1594@example.com,NY,68,Auto,Broker,2020-02-06,750.65,756.23,45039.0,True,2,in_force,0
PH0101595,POL0501595,Charles,Sanchez,charles.sanchez1595@example.com,OH,32,Life,Agent,2019-03-12,2463.01,2463.79,369452.0,True,2,in_force,0
PH0101596,POL0501596,Jessica,Harris,jessica.harris1596@example.com,NY,38,Home,Broker,2017-03-22,1845.25,1882.14,110715.0,False,1,in_force,0
PH0101597,POL0501597,Anthony,Jackson,anthony.jackson1597@example.com,NJ,47,Auto,Broker,2024-07-21,1732.98,1791.36,103979.0,False,1,in_force,1
PH0101598,POL0501598,Elizabeth,Thomas,elizabeth.thomas1598@example.com,MA,59,Umbrella,Direct,2023-07-15,904.5,905.17,54270.0,True,3,in_force,0
PH0101599,POL0501599,Betty,Ramirez,betty.ramirez1599@example.com,TX,53,Auto,Agent,2019-01-26,715.51,737.95,42931.0,False,3,in_force,1
PH0101600,POL0501600,Sandra,Robinson,sandra.robinson1600@example.com,GA,72,Auto,Direct,2023-03-20,3460.1,4634.34,207606.0,False,2,in_force,1
PH0101601,POL0501601,Charles,Jackson,charles.jackson1601@example.com,MI,33,Umbrella,Direct,2020-01-21,3028.81,3131.57,181729.0,True,2,in_force,0
PH0101602,POL0501602,Joseph,Thompson,joseph.thompson1602@example.com,CA,60,Auto,Broker,2024-08-28,3380.62,3539.51,202837.0,True,2,in_force,1
PH0101603,POL0501603,Thomas,Garcia,thomas.garcia1603@example.com,TX,68,Umbrella,Agent,2017-02-16,1233.96,1243.35,74038.0,False,3,in_force,0
PH0101604,POL0501604,Richard,Perez,richard.perez1604@example.com,NY,39,Home,Agent,2020-12-22,3631.36,3789.96,217882.0,False,1,in_force,0
PH0101605,POL0501605,Richard,Jackson,richard.jackson1605@example.com,WA,34,Auto,Direct,2021-10-27,1536.75,1950.67,92205.0,True,3,in_force,1
PH0101606,POL0501606,Betty,Perez,betty.perez1606@example.com,NY,69,Umbrella,Broker,2019-05-08,1704.3,1709.72,102258.0,False,3,in_force,0
PH0101607,POL0501607,Mark,Anderson,mark.anderson1607@example.com,CA,77,Auto,Agent,2016-01-21,2686.8,2717.34,161208.0,False,1,in_force,0
PH0101608,POL0501608,Michael,Brown,michael.brown1608@example.com,MI,72,Auto,Agent,2016-01-12,3488.79,3555.61,209327.0,True,1,in_force,0
PH0101609,POL0501609,Joseph,Hernandez,joseph.hernandez1609@example.com,GA,66,Auto,Agent,2018-02-28,1643.54,1664.17,98612.0,True,1,in_force,0
PH0101610,POL0501610,Joseph,Perez,joseph.perez1610@example.com,TX,50,Umbrella,Agent,2021-01-19,2780.44,2826.51,166826.0,True,1,in_force,0
PH0101611,POL0501611,Lisa,Hernandez,lisa.hernandez1611@example.com,CA,73,Home,Direct,2019-01-12,3833.38,3833.57,230003.0,True,3,in_force,1
PH0101612,POL0501612,Elizabeth,Thompson,elizabeth.thompson1612@example.com,GA,68,Umbrella,Broker,2016-04-05,3331.14,3489.5,199868.0,True,2,in_force,0
PH0101613,POL0501613,Patricia,Brown,patricia.brown1613@example.com,GA,70,Auto,Broker,2022-06-09,2067.81,2088.77,124069.0,True,2,in_force,0
PH0101614,POL0501614,Margaret,Jones,margaret.jones1614@example.com,FL,66,Home,Agent,2021-09-25,2291.97,2353.97,137518.0,True,2,in_force,0
PH0101615,POL0501615,Mark,Hernandez,mark.hernandez1615@example.com,PA,59,Life,Direct,2019-09-25,701.06,707.87,105159.0,False,1,in_force,0
PH0101616,POL0501616,Karen,Lee,karen.lee1616@example.com,AZ,35,Home,Broker,2023-03-09,905.13,907.66,54308.0,True,3,in_force,0
PH0101617,POL0501617,Sarah,Jackson,sarah.jackson1617@example.com,MA,33,Auto,Agent,2023-11-20,2641.2,2698.52,158472.0,False,3,in_force,1
PH0101618,POL0501618,William,White,william.white1618@example.com,NC,75,Life,Agent,2019-11-12,1546.42,1566.13,231963.0,True,2,in_force,0
PH0101619,POL0501619,John,Anderson,john.anderson1619@example.com,IL,65,Life,Broker,2022-04-06,1219.83,1449.43,182974.0,True,2,in_force,0
PH0101620,POL0501620,Daniel,Harris,daniel.harris1620@example.com,GA,31,Auto,Direct,2021-12-17,1629.02,1663.44,97741.0,True,3,in_force,0
PH0101621,POL0501621,Richard,Martin,richard.martin1621@example.com,PA,77,Auto,Direct,2017-02-12,3434.3,4316.79,206058.0,False,2,in_force,0
PH0101622,POL0501622,Linda,Garcia,linda.garcia1622@example.com,MA,41,Auto,Agent,2021-04-11,2263.57,2319.59,135814.0,True,2,in_force,0
PH0101623,POL0501623,Robert,Perez,robert.perez1623@example.com,VA,42,Auto,Agent,2017-08-25,1453.57,1864.24,87214.0,True,3,in_force,0
PH0101624,POL0501624,Karen,Lewis,karen.lewis1624@example.com,PA,30,Umbrella,Direct,2021-05-03,1159.56,1180.74,69574.0,True,2,in_force,1
PH0101625,POL0501625,Robert,Harris,robert.harris1625@example.com,NY,73,Auto,Broker,2023-06-14,3829.57,3833.42,229774.0,True,1,in_force,0
PH0101626,POL0501626,Michael,White,michael.white1626@example.com,GA,33,Home,Direct,2018-08-26,2531.12,2597.56,151867.0,False,3,in_force,0
PH0101627,POL0501627,Robert,Garcia,robert.garcia1627@example.com,FL,28,Auto,Agent,2022-01-27,3161.76,3293.15,189706.0,False,1,in_force,0
PH0101628,POL0501628,Thomas,White,thomas.white1628@example.com,FL,67,Auto,Broker,2017-07-31,1116.25,1172.06,66975.0,True,2,in_force,0
PH0101629,POL0501629,Sandra,Garcia,sandra.garcia1629@example.com,IL,68,Auto,Direct,2016-05-21,1876.62,1889.77,112597.0,True,3,in_force,0
PH0101630,POL0501630,Nancy,Moore,nancy.moore1630@example.com,MA,60,Umbrella,Direct,2024-07-08,3645.14,3740.88,218708.0,True,1,in_force,0
PH0101631,POL0501631,Matthew,Wilson,matthew.wilson1631@example.com,NC,29,Auto,Direct,2021-09-10,3790.99,3845.24,227459.0,False,2,in_force,0
PH0101632,POL0501632,Mary,Sanchez,mary.sanchez1632@example.com,PA,42,Auto,Agent,2021-09-30,799.3,818.04,47958.0,False,2,in_force,1
PH0101633,POL0501633,Patricia,Garcia,patricia.garcia1633@example.com,OH,50,Auto,Broker,2022-12-10,1639.34,1856.71,98360.0,False,1,in_force,1
PH0101634,POL0501634,John,Davis,john.davis1634@example.com,OH,68,Home,Agent,2017-11-26,2388.3,2788.04,143298.0,True,1,in_force,0
PH0101635,POL0501635,James,Brown,james.brown1635@example.com,OH,73,Home,Agent,2018-02-06,1691.47,2010.66,101488.0,False,2,in_force,0
PH0101636,POL0501636,James,Thomas,james.thomas1636@example.com,PA,33,Umbrella,Agent,2023-02-25,1731.5,1767.83,103890.0,True,1,in_force,0
PH0101637,POL0501637,Daniel,Martinez,daniel.martinez1637@example.com,OH,61,Auto,Agent,2018-09-14,1507.57,1580.32,90454.0,False,1,in_force,0
PH0101638,POL0501638,Mark,Lopez,mark.lopez1638@example.com,AZ,51,Auto,Direct,2021-09-23,1893.23,1954.08,113594.0,True,3,in_force,1
PH0101639,POL0501639,Joseph,Thomas,joseph.thomas1639@example.com,NJ,50,Auto,Broker,2016-03-26,951.26,958.85,57076.0,True,3,in_force,0
PH0101640,POL0501640,Robert,Lewis,robert.lewis1640@example.com,CA,44,Home,Agent,2022-03-26,3497.25,3564.3,209835.0,False,1,in_force,0
PH0101641,POL0501641,Thomas,Garcia,thomas.garcia1641@example.com,PA,48,Auto,Direct,2016-08-20,1022.57,1056.57,61354.0,True,1,in_force,0
PH0101642,POL0501642,James,Robinson,james.robinson1642@example.com,MI,50,Auto,Broker,2019-05-10,1833.92,1842.74,110035.0,True,2,in_force,0
PH0101643,POL0501643,Betty,Johnson,betty.johnson1643@example.com,WA,52,Home,Direct,2019-03-12,2956.73,3104.56,177404.0,True,2,in_force,0
PH0101644,POL0501644,Christopher,Ramirez,christopher.ramirez1644@example.com,MA,47,Umbrella,Direct,2018-10-12,2507.12,3066.39,150427.0,True,3,in_force,1
PH0101645,POL0501645,Sarah,Harris,sarah.harris1645@example.com,TX,64,Auto,Direct,2021-12-07,1244.16,1294.51,74650.0,False,1,in_force,0
PH0101646,POL0501646,Susan,Thomas,susan.thomas1646@example.com,NY,28,Auto,Direct,2024-03-25,1369.94,1703.72,82196.0,True,1,in_force,0
PH0101647,POL0501647,Patricia,Harris,patricia.harris1647@example.com,VA,68,Auto,Direct,2019-07-24,1972.09,2003.1,118325.0,False,3,in_force,0
PH0101648,POL0501648,Nancy,Sanchez,nancy.sanchez1648@example.com,TX,44,Auto,Agent,2016-09-14,1636.21,1993.94,98173.0,True,1,in_force,0
PH0101649,POL0501649,Michael,Williams,michael.williams1649@example.com,NC,44,Auto,Agent,2018-02-28,1253.02,1283.19,75181.0,True,2,in_force,0
PH0101650,POL0501650,John,Brown,john.brown1650@example.com,VA,46,Home,Agent,2021-03-04,730.55,747.4,43833.0,True,1,in_force,0
PH0101651,POL0501651,Thomas,Moore,thomas.moore1651@example.com,IL,65,Home,Broker,2017-12-22,1390.46,1391.77,83428.0,True,3,in_force,0
PH0101652,POL0501652,Thomas,White,thomas.white1652@example.com,MA,34,Auto,Broker,2020-07-15,681.28,682.89,40877.0,False,2,in_force,1
PH0101653,POL0501653,Sandra,Jones,sandra.jones1653@example.com,WA,37,Auto,Agent,2022-08-11,2314.31,2349.66,138859.0,True,1,in_force,0
PH0101654,POL0501654,Matthew,Moore,matthew.moore1654@example.com,TX,63,Auto,Direct,2016-11-03,3523.83,3556.5,211430.0,False,3,in_force,0
PH0101655,POL0501655,Jessica,Harris,jessica.harris1655@example.com,NC,57,Auto,Agent,2020-07-11,2284.88,2398.45,137093.0,True,2,in_force,1
PH0101656,POL0501656,Patricia,Rodriguez,patricia.rodriguez1656@example.com,OH,64,Home,Direct,2019-11-27,1663.45,1698.53,99807.0,True,1,in_force,1
PH0101657,POL0501657,Nancy,Clark,nancy.clark1657@example.com,WA,77,Home,Agent,2024-06-09,3828.88,3903.31,229733.0,True,1,in_force,0
PH0101658,POL0501658,Thomas,Hernandez,thomas.hernandez1658@example.com,OH,39,Umbrella,Broker,2018-05-26,2392.52,2443.45,143551.0,True,1,in_force,0
PH0101659,POL0501659,John,Thompson,john.thompson1659@example.com,OH,65,Auto,Agent,2022-02-25,3715.74,3888.8,222944.0,True,1,in_force,0
PH0101660,POL0501660,Barbara,Wilson,barbara.wilson1660@example.com,WA,33,Auto,Direct,2021-09-08,1358.57,1391.29,81514.0,True,3,in_force,0
PH0101661,POL0501661,Jessica,Lee,jessica.lee1661@example.com,CA,37,Home,Direct,2017-05-08,1203.79,1261.55,72227.0,True,1,in_force,0
PH0101662,POL0501662,Lisa,Smith,lisa.smith1662@example.com,NY,56,Home,Agent,2024-01-31,3094.98,3095.38,185699.0,False,3,in_force,0
PH0101663,POL0501663,James,Martinez,james.martinez1663@example.com,NY,59,Auto,Agent,2018-11-12,2048.54,2104.76,122912.0,True,3,in_force,0
PH0101664,POL0501664,Richard,Johnson,richard.johnson1664@example.com,AZ,49,Home,Agent,2019-07-12,2324.79,2435.98,139487.0,True,1,in_force,0
PH0101665,POL0501665,Lisa,Wilson,lisa.wilson1665@example.com,MA,52,Home,Agent,2017-04-21,2761.97,2772.92,165718.0,True,1,in_force,1
PH0101666,POL0501666,Joseph,Hernandez,joseph.hernandez1666@example.com,AZ,51,Home,Agent,2018-12-12,1880.42,1953.27,112825.0,True,1,in_force,0
PH0101667,POL0501667,Sarah,Thompson,sarah.thompson1667@example.com,WA,74,Auto,Direct,2023-09-08,2142.01,2201.56,128521.0,True,2,in_force,0
PH0101668,POL0501668,Robert,Sanchez,robert.sanchez1668@example.com,VA,52,Life,Agent,2017-05-10,3423.05,3571.26,513458.0,True,3,in_force,0
PH0101669,POL0501669,Karen,Lee,karen.lee1669@example.com,VA,46,Home,Agent,2019-04-20,2846.82,3312.01,170809.0,False,3,in_force,1
PH0101670,POL0501670,Margaret,Martin,margaret.martin1670@example.com,OH,58,Home,Agent,2018-06-12,2535.93,2577.57,152156.0,True,1,in_force,0
PH0101671,POL0501671,David,Harris,david.harris1671@example.com,NC,61,Umbrella,Direct,2020-10-12,2583.87,2661.71,155032.0,True,2,in_force,0
PH0101672,POL0501672,Elizabeth,Brown,elizabeth.brown1672@example.com,NC,72,Auto,Direct,2018-09-07,772.15,796.21,46329.0,True,3,in_force,0
PH0101673,POL0501673,Christopher,Lee,christopher.lee1673@example.com,IL,62,Home,Broker,2021-07-19,651.36,663.03,39082.0,True,3,in_force,1
PH0101674,POL0501674,John,Gonzalez,john.gonzalez1674@example.com,MA,42,Umbrella,Direct,2018-07-16,1905.45,1916.82,114327.0,True,1,in_force,0
PH0101675,POL0501675,Patricia,Jones,patricia.jones1675@example.com,TX,69,Home,Agent,2021-03-19,804.87,806.13,48292.0,True,1,in_force,0
PH0101676,POL0501676,Elizabeth,Lee,elizabeth.lee1676@example.com,IL,53,Home,Direct,2021-11-18,1990.05,2634.88,119403.0,True,1,in_force,1
PH0101677,POL0501677,Lisa,Clark,lisa.clark1677@example.com,MI,75,Umbrella,Agent,2018-03-19,1373.84,1403.78,82430.0,False,2,in_force,1
PH0101678,POL0501678,Nancy,Garcia,nancy.garcia1678@example.com,NJ,54,Umbrella,Agent,2020-02-18,1328.24,1356.67,79694.0,False,2,in_force,0
PH0101679,POL0501679,Lisa,Harris,lisa.harris1679@example.com,PA,77,Home,Direct,2016-06-26,2629.0,2725.65,157740.0,True,3,in_force,0
PH0101680,POL0501680,Robert,Perez,robert.perez1680@example.com,PA,31,Auto,Direct,2024-07-02,3110.3,3164.94,186618.0,True,2,in_force,1
PH0101681,POL0501681,Mark,Clark,mark.clark1681@example.com,WA,36,Auto,Direct,2022-02-18,1463.36,1827.12,87802.0,True,3,in_force,0
PH0101682,POL0501682,Linda,Harris,linda.harris1682@example.com,PA,68,Umbrella,Agent,2024-03-13,3675.9,3705.13,220554.0,True,1,in_force,0
PH0101683,POL0501683,Betty,Lopez,betty.lopez1683@example.com,VA,56,Auto,Agent,2022-02-15,3319.76,3418.41,199186.0,True,2,in_force,0
PH0101684,POL0501684,Betty,Lewis,betty.lewis1684@example.com,NC,28,Umbrella,Direct,2023-08-12,1738.34,1813.88,104300.0,True,3,in_force,0
PH0101685,POL0501685,Sarah,Martin,sarah.martin1685@example.com,NC,55,Auto,Direct,2020-01-20,3393.06,3442.67,203584.0,False,3,in_force,0
PH0101686,POL0501686,Mary,Sanchez,mary.sanchez1686@example.com,MI,63,Auto,Agent,2016-05-10,760.58,797.91,45635.0,False,1,in_force,1
PH0101687,POL0501687,Sandra,Moore,sandra.moore1687@example.com,NJ,67,Auto,Agent,2024-05-25,1036.54,1075.79,62192.0,False,2,in_force,0
PH0101688,POL0501688,Lisa,Gonzalez,lisa.gonzalez1688@example.com,MI,68,Home,Broker,2018-10-31,914.17,959.05,54850.0,True,2,in_force,0
PH0101689,POL0501689,Sarah,Davis,sarah.davis1689@example.com,TX,71,Umbrella,Agent,2024-07-17,686.6,880.24,41196.0,True,3,in_force,0
PH0101690,POL0501690,Mark,Gonzalez,mark.gonzalez1690@example.com,VA,72,Home,Agent,2019-01-01,2409.49,2855.94,144569.0,True,3,in_force,0
PH0101691,POL0501691,Sarah,Lee,sarah.lee1691@example.com,IL,57,Auto,Broker,2024-06-24,2546.21,2648.77,152773.0,True,3,in_force,0
PH0101692,POL0501692,Christopher,Jackson,christopher.jackson1692@example.com,WA,74,Umbrella,Broker,2019-02-18,3631.33,3782.66,217880.0,True,3,in_force,0
PH0101693,POL0501693,Charles,Clark,charles.clark1693@example.com,NJ,41,Umbrella,Broker,2024-04-28,2343.61,2443.58,140617.0,True,1,in_force,1
PH0101694,POL0501694,James,Jones,james.jones1694@example.com,OH,77,Auto,Direct,2021-04-03,1488.05,1548.5,89283.0,False,2,in_force,0
PH0101695,POL0501695,John,Wilson,john.wilson1695@example.com,NY,61,Auto,Agent,2017-07-25,983.11,990.04,58987.0,False,1,in_force,1
PH0101696,POL0501696,Patricia,Thompson,patricia.thompson1696@example.com,OH,61,Auto,Direct,2017-03-08,2348.56,3138.86,140914.0,False,2,in_force,0
PH0101697,POL0501697,Linda,Robinson,linda.robinson1697@example.com,IL,36,Auto,Agent,2016-12-15,3632.75,3783.17,217965.0,True,1,in_force,0
PH0101698,POL0501698,Christopher,Anderson,christopher.anderson1698@example.com,PA,39,Home,Direct,2019-11-05,2119.97,2177.04,127198.0,False,3,in_force,0
PH0101699,POL0501699,Betty,Harris,betty.harris1699@example.com,NY,71,Auto,Agent,2022-06-03,1891.69,1894.91,113501.0,False,3,in_force,1
PH0101700,POL0501700,Patricia,Rodriguez,patricia.rodriguez1700@example.com,NJ,74,Life,Direct,2016-03-10,2929.95,3029.4,439492.0,False,1,in_force,0
PH0101701,POL0501701,Nancy,Robinson,nancy.robinson1701@example.com,MA,77,Home,Agent,2016-03-11,2402.13,2412.59,144128.0,False,3,in_force,0
PH0101702,POL0501702,David,Clark,david.clark1702@example.com,MI,41,Home,Direct,2020-07-26,2042.38,2735.1,122543.0,True,2,in_force,1
PH0101703,POL0501703,Sandra,Davis,sandra.davis1703@example.com,PA,59,Auto,Direct,2017-08-16,951.11,969.54,57067.0,True,3,in_force,0
PH0101704,POL0501704,Karen,Wilson,karen.wilson1704@example.com,PA,59,Home,Direct,2019-05-19,2698.9,3336.43,161934.0,False,3,in_force,0
PH0101705,POL0501705,Mary,Moore,mary.moore1705@example.com,PA,50,Life,Agent,2018-12-20,1858.41,1942.58,278762.0,True,1,in_force,0
PH0101706,POL0501706,Karen,Anderson,karen.anderson1706@example.com,AZ,75,Auto,Broker,2018-10-30,2011.04,2096.49,120662.0,True,2,in_force,0
PH0101707,POL0501707,Elizabeth,Hernandez,elizabeth.hernandez1707@example.com,PA,69,Auto,Direct,2021-02-03,672.74,872.7,40364.0,True,3,in_force,1
PH0101708,POL0501708,Betty,Harris,betty.harris1708@example.com,NC,62,Home,Agent,2017-05-01,2772.75,2884.62,166365.0,True,2,in_force,0
PH0101709,POL0501709,Elizabeth,Wilson,elizabeth.wilson1709@example.com,TX,44,Auto,Direct,2017-02-08,2748.52,3138.7,164911.0,False,2,in_force,0
PH0101710,POL0501710,Christopher,Garcia,christopher.garcia1710@example.com,AZ,64,Umbrella,Agent,2021-09-05,3660.09,3705.91,219605.0,True,3,in_force,0
PH0101711,POL0501711,Nancy,Miller,nancy.miller1711@example.com,CA,76,Life,Agent,2022-01-12,1183.04,1234.04,177456.0,True,1,in_force,0
PH0101712,POL0501712,William,Moore,william.moore1712@example.com,VA,46,Home,Direct,2016-05-14,1434.34,1457.43,86060.0,False,3,in_force,0
PH0101713,POL0501713,Thomas,Smith,thomas.smith1713@example.com,CA,72,Auto,Agent,2018-10-10,1712.98,1759.07,102779.0,True,2,in_force,0
PH0101714,POL0501714,Christopher,Garcia,christopher.garcia1714@example.com,WA,74,Umbrella,Agent,2023-05-09,813.57,821.32,48814.0,True,1,in_force,0
PH0101715,POL0501715,Joseph,Smith,joseph.smith1715@example.com,AZ,77,Home,Broker,2023-08-13,2998.33,3023.32,179900.0,False,3,in_force,0
PH0101716,POL0501716,John,Perez,john.perez1716@example.com,MI,29,Auto,Direct,2019-12-05,2212.4,2289.63,132744.0,True,2,in_force,0
PH0101717,POL0501717,John,Sanchez,john.sanchez1717@example.com,TX,63,Auto,Broker,2022-11-28,2654.27,2699.02,159256.0,True,3,in_force,1
PH0101718,POL0501718,Nancy,Garcia,nancy.garcia1718@example.com,CA,31,Auto,Agent,2022-04-02,1787.58,1794.76,107255.0,False,2,in_force,0
PH0101719,POL0501719,Nancy,Perez,nancy.perez1719@example.com,IL,56,Auto,Agent,2019-08-09,2754.31,2799.78,165259.0,False,3,in_force,0
PH0101720,POL0501720,Susan,Taylor,susan.taylor1720@example.com,CA,72,Life,Direct,2023-09-17,2007.91,2009.24,301186.0,True,3,in_force,0
PH0101721,POL0501721,Nancy,Johnson,nancy.johnson1721@example.com,CA,36,Auto,Direct,2019-11-13,2866.38,2959.66,171983.0,False,2,in_force,0
PH0101722,POL0501722,Mary,Martin,mary.martin1722@example.com,IL,58,Home,Agent,2023-09-23,3330.44,3411.1,199826.0,True,1,in_force,0
PH0101723,POL0501723,Nancy,Moore,nancy.moore1723@example.com,NY,49,Home,Direct,2020-12-05,2580.3,2592.49,154818.0,False,1,in_force,0
PH0101724,POL0501724,Sandra,Taylor,sandra.taylor1724@example.com,AZ,58,Auto,Broker,2020-03-28,1801.74,1814.24,108104.0,True,3,in_force,0
PH0101725,POL0501725,Mary,Hernandez,mary.hernandez1725@example.com,NJ,75,Home,Agent,2020-04-28,2193.62,2293.38,131617.0,True,1,in_force,0
PH0101726,POL0501726,Michael,Moore,michael.moore1726@example.com,NJ,56,Auto,Direct,2020-01-30,1764.42,1778.85,105865.0,True,1,in_force,0
PH0101727,POL0501727,John,Taylor,john.taylor1727@example.com,CA,34,Auto,Broker,2024-01-02,2062.76,2093.14,123766.0,False,2,in_force,0
PH0101728,POL0501728,Richard,Thompson,richard.thompson1728@example.com,NC,62,Home,Direct,2022-07-13,1987.32,2060.58,119239.0,False,3,in_force,1
PH0101729,POL0501729,Richard,Martinez,richard.martinez1729@example.com,VA,48,Auto,Agent,2021-11-14,2376.93,2470.75,142616.0,True,2,in_force,0
PH0101730,POL0501730,Charles,Ramirez,charles.ramirez1730@example.com,AZ,34,Home,Broker,2023-03-08,2300.72,2357.78,138043.0,True,1,in_force,0
PH0101731,POL0501731,Betty,Thompson,betty.thompson1731@example.com,GA,45,Home,Direct,2024-08-25,978.59,1007.8,58715.0,True,2,in_force,1
PH0101732,POL0501732,Linda,White,linda.white1732@example.com,IL,53,Auto,Broker,2019-02-11,2692.62,2766.3,161557.0,False,1,in_force,0
PH0101733,POL0501733,Barbara,White,barbara.white1733@example.com,VA,33,Auto,Agent,2019-01-06,3680.75,3698.29,220845.0,True,1,in_force,0
PH0101734,POL0501734,Barbara,Johnson,barbara.johnson1734@example.com,PA,74,Umbrella,Direct,2024-05-07,2365.15,2675.66,141909.0,False,1,in_force,0
PH0101735,POL0501735,William,Martinez,william.martinez1735@example.com,NJ,58,Home,Direct,2017-09-21,763.7,791.36,45822.0,True,1,in_force,0
PH0101736,POL0501736,David,Lewis,david.lewis1736@example.com,NY,67,Umbrella,Broker,2022-04-28,1600.68,1647.09,96041.0,True,2,in_force,0
PH0101737,POL0501737,Karen,White,karen.white1737@example.com,FL,53,Home,Agent,2023-01-23,2499.62,2537.61,149977.0,True,2,in_force,0
PH0101738,POL0501738,Daniel,Thompson,daniel.thompson1738@example.com,FL,38,Home,Direct,2018-04-07,1231.38,1232.5,73883.0,True,3,in_force,0
PH0101739,POL0501739,Robert,Jones,robert.jones1739@example.com,PA,75,Home,Agent,2022-09-01,1569.18,1837.38,94151.0,True,3,in_force,0
PH0101740,POL0501740,Christopher,Jackson,christopher.jackson1740@example.com,AZ,59,Auto,Agent,2022-05-12,1724.08,1776.16,103445.0,False,1,in_force,1
PH0101741,POL0501741,Mary,Martin,mary.martin1741@example.com,CA,53,Home,Broker,2018-10-04,825.2,832.94,49512.0,True,2,in_force,0
PH0101742,POL0501742,Jennifer,Wilson,jennifer.wilson1742@example.com,TX,59,Umbrella,Agent,2024-05-13,2023.83,2053.33,121430.0,False,3,in_force,1
PH0101743,POL0501743,Thomas,White,thomas.white1743@example.com,WA,33,Life,Direct,2018-03-17,1215.13,1451.26,182270.0,False,2,in_force,1
PH0101744,POL0501744,Sarah,Clark,sarah.clark1744@example.com,WA,74,Home,Direct,2018-08-17,2079.7,2140.27,124782.0,False,1,in_force,0
PH0101745,POL0501745,Karen,Smith,karen.smith1745@example.com,IL,43,Auto,Direct,2024-07-19,2694.82,2770.46,161689.0,True,2,in_force,0
PH0101746,POL0501746,Margaret,Ramirez,margaret.ramirez1746@example.com,MA,70,Auto,Agent,2016-01-03,1715.41,2179.08,102925.0,False,3,in_force,0
PH0101747,POL0501747,Betty,Brown,betty.brown1747@example.com,VA,70,Umbrella,Direct,2016-09-11,1786.28,1844.63,107177.0,False,1,in_force,0
PH0101748,POL0501748,Matthew,Miller,matthew.miller1748@example.com,VA,37,Home,Direct,2016-04-06,1516.09,1533.14,90965.0,False,3,in_force,1
PH0101749,POL0501749,Jennifer,Lopez,jennifer.lopez1749@example.com,FL,75,Home,Direct,2024-08-25,2526.68,2596.04,151601.0,True,2,in_force,1
PH0101750,POL0501750,Robert,Martinez,robert.martinez1750@example.com,AZ,46,Umbrella,Agent,2021-11-15,1840.14,1867.49,110408.0,True,1,in_force,1
PH0101751,POL0501751,Nancy,Ramirez,nancy.ramirez1751@example.com,PA,71,Auto,Agent,2018-04-27,3212.29,3213.79,192737.0,True,3,in_force,0
PH0101752,POL0501752,Richard,Smith,richard.smith1752@example.com,MI,50,Auto,Agent,2017-05-08,3630.26,3754.65,217816.0,True,1,in_force,0
PH0101753,POL0501753,Patricia,Lee,patricia.lee1753@example.com,AZ,54,Auto,Direct,2019-08-26,3702.09,3736.66,222125.0,True,1,in_force,0
PH0101754,POL0501754,Linda,Clark,linda.clark1754@example.com,NY,54,Auto,Agent,2016-06-08,3602.82,3720.79,216169.0,True,1,in_force,0
PH0101755,POL0501755,Matthew,Thompson,matthew.thompson1755@example.com,AZ,45,Auto,Agent,2024-08-30,3246.28,3328.26,194777.0,True,3,in_force,0
PH0101756,POL0501756,Betty,Jackson,betty.jackson1756@example.com,FL,70,Umbrella,Agent,2023-11-10,2302.31,2405.76,138139.0,False,2,in_force,1
PH0101757,POL0501757,David,Martin,david.martin1757@example.com,FL,50,Auto,Agent,2018-12-20,1603.13,1606.65,96188.0,True,2,in_force,0
PH0101758,POL0501758,Jessica,Thomas,jessica.thomas1758@example.com,MI,61,Auto,Broker,2018-08-14,2107.65,2108.87,126459.0,True,3,in_force,0
PH0101759,POL0501759,Thomas,Martin,thomas.martin1759@example.com,WA,42,Auto,Agent,2023-02-05,2940.75,2972.95,176445.0,False,1,in_force,1
PH0101760,POL0501760,Anthony,Thompson,anthony.thompson1760@example.com,OH,69,Auto,Agent,2017-11-02,2077.89,2093.58,124673.0,False,2,in_force,1
PH0101761,POL0501761,Richard,Lewis,richard.lewis1761@example.com,GA,41,Home,Agent,2024-06-29,3128.48,3267.38,187709.0,True,3,in_force,0
PH0101762,POL0501762,Mary,Gonzalez,mary.gonzalez1762@example.com,OH,72,Auto,Broker,2020-07-14,2020.27,2054.65,121216.0,True,3,in_force,0
PH0101763,POL0501763,Daniel,Thompson,daniel.thompson1763@example.com,MI,76,Umbrella,Agent,2021-08-30,1774.75,1807.65,106485.0,True,2,in_force,0
PH0101764,POL0501764,Anthony,Thompson,anthony.thompson1764@example.com,TX,35,Home,Broker,2024-08-06,2054.44,2153.98,123266.0,False,1,in_force,0
PH0101765,POL0501765,Sarah,Wilson,sarah.wilson1765@example.com,GA,51,Home,Direct,2020-06-08,3380.96,3435.9,202858.0,True,2,in_force,0
PH0101766,POL0501766,David,Robinson,david.robinson1766@example.com,TX,77,Auto,Direct,2020-07-16,2843.15,3474.58,170589.0,True,3,in_force,0
PH0101767,POL0501767,Patricia,Lewis,patricia.lewis1767@example.com,OH,53,Life,Agent,2016-12-11,2245.78,2280.86,336867.0,False,1,in_force,0
PH0101768,POL0501768,Robert,Lewis,robert.lewis1768@example.com,TX,73,Life,Direct,2021-12-12,1875.79,1913.37,281368.0,True,3,in_force,1
PH0101769,POL0501769,Mary,Garcia,mary.garcia1769@example.com,NY,62,Life,Broker,2019-04-19,1963.98,1993.81,294597.0,True,3,in_force,0
PH0101770,POL0501770,Thomas,Thompson,thomas.thompson1770@example.com,NY,69,Home,Direct,2018-11-10,701.32,929.35,42079.0,True,2,in_force,0
PH0101771,POL0501771,Jennifer,Ramirez,jennifer.ramirez1771@example.com,NY,46,Auto,Agent,2020-06-24,1665.5,1740.24,99930.0,True,2,in_force,0
PH0101772,POL0501772,Anthony,Taylor,anthony.taylor1772@example.com,MA,66,Auto,Agent,2020-08-01,713.14,728.37,42788.0,True,3,in_force,0
PH0101773,POL0501773,Lisa,Martinez,lisa.martinez1773@example.com,NJ,49,Auto,Agent,2016-03-13,3470.07,3503.67,208204.0,False,1,in_force,1
PH0101774,POL0501774,Barbara,Perez,barbara.perez1774@example.com,MA,40,Home,Agent,2016-03-31,2142.15,2248.24,128529.0,True,2,in_force,1
PH0101775,POL0501775,Robert,Lewis,robert.lewis1775@example.com,IL,29,Umbrella,Direct,2021-02-18,1361.6,1364.72,81696.0,True,2,in_force,0
PH0101776,POL0501776,Joseph,Taylor,joseph.taylor1776@example.com,OH,56,Umbrella,Direct,2021-01-02,1718.96,2046.57,103138.0,False,2,in_force,0
PH0101777,POL0501777,Christopher,Lee,christopher.lee1777@example.com,MA,52,Auto,Agent,2023-12-30,1905.87,1926.58,114352.0,True,2,in_force,1
PH0101778,POL0501778,Karen,Gonzalez,karen.gonzalez1778@example.com,PA,29,Auto,Agent,2024-02-20,3290.66,3344.53,197440.0,False,1,in_force,1
PH0101779,POL0501779,Susan,Clark,susan.clark1779@example.com,IL,69,Home,Direct,2024-08-26,1228.69,1269.71,73721.0,True,2,in_force,1
PH0101780,POL0501780,Thomas,Lewis,thomas.lewis1780@example.com,VA,72,Life,Agent,2018-04-02,867.8,896.22,130170.0,True,3,in_force,0
PH0101781,POL0501781,Karen,Thompson,karen.thompson1781@example.com,NJ,57,Home,Direct,2024-01-15,1667.34,1737.97,100040.0,False,1,in_force,0
PH0101782,POL0501782,Michael,Williams,michael.williams1782@example.com,PA,29,Auto,Agent,2023-11-01,3548.57,3698.23,212914.0,True,2,in_force,1
PH0101783,POL0501783,Susan,Garcia,susan.garcia1783@example.com,PA,75,Auto,Broker,2023-07-25,2625.45,2720.36,157527.0,True,2,in_force,0
PH0101784,POL0501784,Jennifer,Robinson,jennifer.robinson1784@example.com,VA,32,Home,Agent,2021-08-19,1648.47,1700.33,98908.0,True,2,in_force,0
PH0101785,POL0501785,Matthew,Williams,matthew.williams1785@example.com,NY,77,Home,Direct,2020-12-13,1741.58,2060.13,104495.0,False,1,in_force,1
PH0101786,POL0501786,James,Anderson,james.anderson1786@example.com,AZ,29,Home,Broker,2020-11-15,2740.11,2823.1,164407.0,False,1,in_force,0
PH0101787,POL0501787,Jennifer,Hernandez,jennifer.hernandez1787@example.com,PA,72,Home,Direct,2020-07-10,3111.65,3157.12,186699.0,True,3,in_force,0
PH0101788,POL0501788,Matthew,Miller,matthew.miller1788@example.com,MI,36,Auto,Broker,2023-02-08,3276.2,3321.21,196572.0,False,3,in_force,0
PH0101789,POL0501789,Charles,Harris,charles.harris1789@example.com,AZ,66,Auto,Direct,2016-06-16,3494.07,3660.15,209644.0,False,2,in_force,0
PH0101790,POL0501790,Jessica,Wilson,jessica.wilson1790@example.com,TX,55,Umbrella,Agent,2022-04-07,2963.95,3039.95,177837.0,False,1,in_force,1
PH0101791,POL0501791,Matthew,Miller,matthew.miller1791@example.com,TX,45,Home,Broker,2018-05-15,653.11,661.67,39187.0,True,3,in_force,0
PH0101792,POL0501792,Margaret,Williams,margaret.williams1792@example.com,NY,52,Auto,Broker,2019-04-14,2709.02,2803.75,162541.0,True,2,in_force,0
PH0101793,POL0501793,Susan,Clark,susan.clark1793@example.com,NC,28,Umbrella,Agent,2017-03-15,1739.05,1796.58,104343.0,False,2,in_force,0
PH0101794,POL0501794,Barbara,Davis,barbara.davis1794@example.com,FL,77,Home,Agent,2019-11-09,3616.61,3797.0,216997.0,True,3,in_force,0
PH0101795,POL0501795,Sandra,Lee,sandra.lee1795@example.com,MI,41,Home,Direct,2020-02-22,964.06,1188.57,57844.0,False,1,in_force,0
PH0101796,POL0501796,Richard,Thomas,richard.thomas1796@example.com,GA,71,Life,Direct,2016-04-18,1146.56,1198.95,171984.0,True,3,in_force,0
PH0101797,POL0501797,David,Thompson,david.thompson1797@example.com,NY,66,Home,Direct,2018-12-02,694.83,712.71,41690.0,False,3,in_force,0
PH0101798,POL0501798,Barbara,Miller,barbara.miller1798@example.com,VA,31,Auto,Direct,2021-02-14,2118.01,2203.13,127081.0,True,1,in_force,0
PH0101799,POL0501799,Sandra,Rodriguez,sandra.rodriguez1799@example.com,CA,48,Auto,Agent,2016-08-22,2421.37,2523.61,145282.0,True,2,in_force,0
PH0101800,POL0501800,Jennifer,Hernandez,jennifer.hernandez1800@example.com,IL,43,Life,Broker,2023-11-06,1117.55,1141.65,167632.0,True,1,in_force,0
PH0101801,POL0501801,Anthony,Williams,anthony.williams1801@example.com,FL,35,Umbrella,Broker,2020-05-08,3837.95,3937.02,230277.0,False,3,in_force,1
PH0101802,POL0501802,Elizabeth,Davis,elizabeth.davis1802@example.com,PA,46,Home,Agent,2020-05-29,3216.25,3946.55,192975.0,False,3,in_force,1
PH0101803,POL0501803,Jennifer,Anderson,jennifer.anderson1803@example.com,PA,35,Umbrella,Direct,2016-07-25,2515.62,2630.49,150937.0,False,3,in_force,0
PH0101804,POL0501804,Mark,Williams,mark.williams1804@example.com,IL,49,Auto,Direct,2019-10-08,1648.35,1728.68,98901.0,True,3,in_force,0
PH0101805,POL0501805,James,Lewis,james.lewis1805@example.com,FL,67,Auto,Broker,2016-11-07,3814.75,3962.56,228885.0,False,1,in_force,0
PH0101806,POL0501806,Mary,Miller,mary.miller1806@example.com,CA,36,Umbrella,Agent,2019-02-23,1352.74,1548.73,81164.0,True,2,in_force,0
PH0101807,POL0501807,John,Miller,john.miller1807@example.com,IL,28,Auto,Broker,2021-01-08,3166.04,3226.24,189962.0,True,2,in_force,0
PH0101808,POL0501808,Lisa,Davis,lisa.davis1808@example.com,NY,69,Home,Agent,2024-01-18,3094.67,3673.37,185680.0,True,2,in_force,0
PH0101809,POL0501809,Susan,Gonzalez,susan.gonzalez1809@example.com,VA,67,Home,Direct,2023-06-14,2820.27,2878.55,169216.0,True,2,in_force,1
PH0101810,POL0501810,Anthony,Rodriguez,anthony.rodriguez1810@example.com,WA,60,Auto,Agent,2022-10-03,1533.78,1567.64,92027.0,False,2,in_force,0
PH0101811,POL0501811,Thomas,Garcia,thomas.garcia1811@example.com,VA,59,Home,Agent,2024-01-15,1596.71,1619.72,95803.0,True,3,in_force,0
PH0101812,POL0501812,Anthony,Sanchez,anthony.sanchez1812@example.com,MA,61,Auto,Broker,2017-03-04,2235.62,2249.14,134137.0,True,2,in_force,0
PH0101813,POL0501813,Betty,Lee,betty.lee1813@example.com,MA,68,Auto,Agent,2017-10-27,2243.82,2303.48,134629.0,True,1,in_force,0
PH0101814,POL0501814,Robert,Taylor,robert.taylor1814@example.com,VA,36,Auto,Agent,2017-09-22,1056.99,1057.18,63419.0,True,3,in_force,0
PH0101815,POL0501815,Lisa,Clark,lisa.clark1815@example.com,MI,40,Auto,Direct,2018-01-04,2993.9,3045.9,179634.0,True,3,in_force,0
PH0101816,POL0501816,Charles,Sanchez,charles.sanchez1816@example.com,FL,64,Auto,Direct,2020-07-28,2323.63,2333.0,139418.0,True,1,in_force,0
PH0101817,POL0501817,Michael,White,michael.white1817@example.com,OH,59,Home,Direct,2019-04-15,2978.39,3654.34,178703.0,True,3,in_force,1
PH0101818,POL0501818,Betty,Smith,betty.smith1818@example.com,OH,69,Auto,Agent,2018-09-18,1494.63,1540.18,89678.0,True,2,in_force,1
PH0101819,POL0501819,Jessica,Anderson,jessica.anderson1819@example.com,AZ,30,Life,Broker,2017-11-14,2116.89,2151.83,317534.0,True,2,in_force,0
PH0101820,POL0501820,Linda,Anderson,linda.anderson1820@example.com,AZ,39,Auto,Broker,2024-06-11,2786.15,2922.97,167169.0,False,1,in_force,1
PH0101821,POL0501821,Jennifer,Lopez,jennifer.lopez1821@example.com,MI,73,Auto,Broker,2017-12-02,1221.35,1226.06,73281.0,True,1,in_force,0
PH0101822,POL0501822,Susan,Smith,susan.smith1822@example.com,GA,65,Home,Agent,2022-04-11,3840.66,3939.32,230440.0,False,1,in_force,0
PH0101823,POL0501823,Barbara,Clark,barbara.clark1823@example.com,NJ,64,Umbrella,Broker,2018-01-17,1976.87,2040.57,118612.0,True,1,in_force,0
PH0101824,POL0501824,Jessica,Ramirez,jessica.ramirez1824@example.com,CA,67,Life,Agent,2017-09-28,1401.56,1457.74,210234.0,True,3,in_force,1
PH0101825,POL0501825,John,Sanchez,john.sanchez1825@example.com,MI,50,Life,Agent,2022-11-10,2668.0,2790.75,400200.0,False,1,in_force,1
PH0101826,POL0501826,Karen,Moore,karen.moore1826@example.com,NC,74,Auto,Agent,2016-09-12,2649.91,2745.73,158995.0,True,2,in_force,0
PH0101827,POL0501827,Betty,Jones,betty.jones1827@example.com,VA,73,Auto,Broker,2023-12-21,1224.24,1230.48,73454.0,True,2,in_force,0
PH0101828,POL0501828,William,Ramirez,william.ramirez1828@example.com,FL,69,Home,Broker,2022-06-13,3030.39,3102.95,181823.0,False,1,in_force,1
PH0101829,POL0501829,Daniel,Williams,daniel.williams1829@example.com,NC,44,Auto,Direct,2020-06-24,3403.18,3562.66,204191.0,True,3,in_force,0
PH0101830,POL0501830,Richard,Anderson,richard.anderson1830@example.com,MA,75,Auto,Direct,2020-09-18,1786.62,1853.82,107197.0,True,3,in_force,1
PH0101831,POL0501831,Robert,Garcia,robert.garcia1831@example.com,FL,34,Auto,Direct,2018-01-31,1069.81,1113.14,64189.0,False,2,in_force,0
PH0101832,POL0501832,John,Thompson,john.thompson1832@example.com,GA,32,Auto,Agent,2022-10-15,3510.24,3673.43,210614.0,True,2,in_force,0
PH0101833,POL0501833,Patricia,Miller,patricia.miller1833@example.com,NY,61,Auto,Agent,2020-11-11,1975.68,2059.52,118541.0,True,1,in_force,0
PH0101834,POL0501834,Karen,Harris,karen.harris1834@example.com,MA,51,Umbrella,Agent,2018-09-07,1207.06,1238.97,72424.0,False,2,in_force,0
PH0101835,POL0501835,Sandra,Lewis,sandra.lewis1835@example.com,NJ,56,Auto,Direct,2019-07-08,1882.41,1973.2,112945.0,True,1,in_force,1
PH0101836,POL0501836,Margaret,White,margaret.white1836@example.com,MA,45,Home,Direct,2016-07-19,3443.75,4143.86,206625.0,True,2,in_force,0
PH0101837,POL0501837,Christopher,Johnson,christopher.johnson1837@example.com,MI,46,Auto,Agent,2016-12-30,1788.51,1794.04,107311.0,True,1,in_force,0
PH0101838,POL0501838,John,Anderson,john.anderson1838@example.com,WA,35,Auto,Agent,2020-11-25,3738.65,3880.23,224319.0,True,1,in_force,0
PH0101839,POL0501839,Betty,Johnson,betty.johnson1839@example.com,OH,70,Life,Direct,2022-05-16,1728.03,1739.13,259204.0,True,2,in_force,0
PH0101840,POL0501840,James,Harris,james.harris1840@example.com,IL,38,Auto,Broker,2024-05-07,2687.18,2811.94,161231.0,True,2,in_force,0
PH0101841,POL0501841,Patricia,Martin,patricia.martin1841@example.com,AZ,46,Home,Agent,2016-04-04,3295.01,3341.22,197701.0,False,1,in_force,1
PH0101842,POL0501842,Karen,Jackson,karen.jackson1842@example.com,CA,73,Auto,Direct,2019-11-24,1054.95,1064.86,63297.0,True,2,in_force,0
PH0101843,POL0501843,Barbara,Thomas,barbara.thomas1843@example.com,VA,77,Auto,Broker,2019-04-14,3620.44,3645.13,217226.0,True,1,in_force,0
PH0101844,POL0501844,Sarah,Miller,sarah.miller1844@example.com,WA,31,Home,Direct,2022-04-09,935.43,1134.58,56126.0,True,3,in_force,0
PH0101845,POL0501845,Lisa,Lewis,lisa.lewis1845@example.com,NJ,40,Auto,Agent,2018-04-15,3642.93,3650.67,218576.0,False,2,in_force,1
PH0101846,POL0501846,Sarah,Davis,sarah.davis1846@example.com,MA,53,Auto,Broker,2022-06-22,3561.47,3586.48,213688.0,False,2,in_force,0
PH0101847,POL0501847,Linda,Sanchez,linda.sanchez1847@example.com,IL,55,Auto,Agent,2019-06-22,3541.26,3661.95,212476.0,True,2,in_force,0
PH0101848,POL0501848,Linda,Taylor,linda.taylor1848@example.com,VA,44,Home,Agent,2022-12-26,1371.53,1395.19,82292.0,True,2,in_force,1
PH0101849,POL0501849,Linda,Miller,linda.miller1849@example.com,MA,61,Home,Broker,2018-01-24,3754.62,3795.25,225277.0,False,3,in_force,0
PH0101850,POL0501850,Daniel,Martinez,daniel.martinez1850@example.com,MI,52,Life,Direct,2020-05-21,2489.45,3315.51,373418.0,True,2,in_force,0
PH0101851,POL0501851,James,Williams,james.williams1851@example.com,CA,71,Auto,Direct,2017-04-03,2821.37,2864.84,169282.0,False,2,in_force,0
PH0101852,POL0501852,Barbara,Harris,barbara.harris1852@example.com,PA,75,Life,Direct,2023-01-12,1421.53,1892.7,213230.0,True,1,in_force,1
PH0101853,POL0501853,Linda,Lee,linda.lee1853@example.com,GA,36,Umbrella,Agent,2021-09-12,825.33,1060.98,49520.0,True,1,in_force,0
PH0101854,POL0501854,Joseph,Hernandez,joseph.hernandez1854@example.com,IL,35,Home,Agent,2017-09-29,2132.59,2185.25,127955.0,True,3,in_force,0
PH0101855,POL0501855,Betty,Garcia,betty.garcia1855@example.com,FL,50,Home,Broker,2017-02-27,2024.13,2087.18,121448.0,True,1,in_force,0
PH0101856,POL0501856,Margaret,Miller,margaret.miller1856@example.com,NY,47,Life,Direct,2020-02-01,2447.5,2563.38,367125.0,False,2,in_force,1
PH0101857,POL0501857,Elizabeth,Ramirez,elizabeth.ramirez1857@example.com,PA,32,Auto,Broker,2024-06-01,1816.33,1856.2,108980.0,False,2,in_force,1
PH0101858,POL0501858,Anthony,Garcia,anthony.garcia1858@example.com,IL,54,Umbrella,Direct,2019-04-11,1782.46,1810.24,106948.0,True,2,in_force,0
PH0101859,POL0501859,William,Perez,william.perez1859@example.com,GA,59,Auto,Direct,2024-02-09,1026.36,1045.11,61582.0,False,2,in_force,0
PH0101860,POL0501860,Charles,Wilson,charles.wilson1860@example.com,MA,45,Auto,Agent,2019-10-12,1846.98,1875.89,110819.0,True,2,in_force,0
PH0101861,POL0501861,Anthony,Clark,anthony.clark1861@example.com,FL,60,Auto,Direct,2020-02-29,977.07,1194.21,58624.0,True,3,in_force,0
PH0101862,POL0501862,Robert,Perez,robert.perez1862@example.com,MI,49,Auto,Direct,2019-02-03,2564.54,2634.58,153872.0,True,3,in_force,1
PH0101863,POL0501863,Joseph,Davis,joseph.davis1863@example.com,WA,32,Auto,Direct,2017-05-16,3509.79,3546.63,210587.0,False,3,in_force,0
PH0101864,POL0501864,Sandra,Ramirez,sandra.ramirez1864@example.com,CA,48,Auto,Direct,2023-07-05,2802.18,2886.97,168131.0,True,1,in_force,0
PH0101865,POL0501865,John,Smith,john.smith1865@example.com,VA,47,Auto,Direct,2017-10-29,3545.49,3700.86,212729.0,True,3,in_force,0
PH0101866,POL0501866,Mary,Jackson,mary.jackson1866@example.com,NY,57,Umbrella,Broker,2020-02-23,3079.22,3230.46,184753.0,False,3,in_force,0
PH0101867,POL0501867,Margaret,Perez,margaret.perez1867@example.com,OH,33,Home,Direct,2023-07-09,1531.9,1559.86,91914.0,True,3,in_force,1
PH0101868,POL0501868,David,Lewis,david.lewis1868@example.com,NY,63,Auto,Broker,2019-11-18,1291.4,1328.02,77484.0,True,3,in_force,0
PH0101869,POL0501869,Jessica,Harris,jessica.harris1869@example.com,AZ,67,Auto,Direct,2023-03-30,2968.9,3109.55,178134.0,True,1,in_force,0
PH0101870,POL0501870,Jennifer,Lewis,jennifer.lewis1870@example.com,CA,47,Life,Direct,2019-02-28,2758.19,2877.0,413728.0,True,2,in_force,0
PH0101871,POL0501871,Sarah,Brown,sarah.brown1871@example.com,OH,44,Auto,Broker,2022-07-28,1006.51,1046.83,60391.0,False,3,in_force,0
PH0101872,POL0501872,Charles,Smith,charles.smith1872@example.com,CA,73,Home,Direct,2023-02-01,1592.9,2052.09,95574.0,True,3,in_force,0
PH0101873,POL0501873,Mary,Williams,mary.williams1873@example.com,NJ,49,Life,Broker,2017-09-30,2622.06,2753.07,393309.0,True,1,in_force,1
PH0101874,POL0501874,Christopher,Hernandez,christopher.hernandez1874@example.com,NJ,41,Home,Direct,2020-05-11,1059.18,1072.17,63551.0,False,1,in_force,0
PH0101875,POL0501875,Charles,Jones,charles.jones1875@example.com,AZ,64,Umbrella,Direct,2016-12-04,1562.97,1635.68,93778.0,True,2,in_force,0
PH0101876,POL0501876,David,White,david.white1876@example.com,MI,56,Auto,Direct,2017-07-30,2141.82,2822.58,128509.0,True,2,in_force,0
PH0101877,POL0501877,Elizabeth,Gonzalez,elizabeth.gonzalez1877@example.com,IL,29,Life,Agent,2022-04-13,3514.22,3686.63,527133.0,True,3,in_force,0
PH0101878,POL0501878,Lisa,Brown,lisa.brown1878@example.com,IL,44,Home,Direct,2017-09-12,1019.87,1069.37,61192.0,False,1,in_force,0
PH0101879,POL0501879,Nancy,Miller,nancy.miller1879@example.com,PA,76,Home,Direct,2017-02-05,2169.38,2275.1,130163.0,False,1,in_force,0
PH0101880,POL0501880,Sandra,Taylor,sandra.taylor1880@example.com,NY,68,Auto,Direct,2021-02-27,2833.63,2944.9,170018.0,True,2,in_force,0
PH0101881,POL0501881,Thomas,Martin,thomas.martin1881@example.com,PA,77,Auto,Agent,2024-08-03,2977.23,3028.84,178634.0,True,3,in_force,1
PH0101882,POL0501882,Thomas,Brown,thomas.brown1882@example.com,MA,34,Life,Direct,2022-09-30,1230.3,1599.31,184545.0,False,1,in_force,1
PH0101883,POL0501883,David,Thomas,david.thomas1883@example.com,NC,43,Auto,Agent,2022-06-04,3602.93,4142.58,216176.0,False,1,in_force,0
PH0101884,POL0501884,Sarah,Miller,sarah.miller1884@example.com,TX,33,Life,Broker,2024-09-06,2227.61,2239.5,334142.0,True,1,in_force,1
PH0101885,POL0501885,Mary,Johnson,mary.johnson1885@example.com,IL,45,Auto,Agent,2019-04-30,2143.67,2156.22,128620.0,False,1,in_force,1
PH0101886,POL0501886,Matthew,Moore,matthew.moore1886@example.com,IL,58,Home,Direct,2019-07-02,3141.93,3298.04,188516.0,True,2,in_force,0
PH0101887,POL0501887,Lisa,Thompson,lisa.thompson1887@example.com,NC,45,Life,Agent,2020-02-08,3420.5,3428.62,513075.0,True,1,in_force,0
PH0101888,POL0501888,John,Jones,john.jones1888@example.com,MI,70,Auto,Agent,2021-11-05,3706.1,3715.87,222366.0,True,1,in_force,0
PH0101889,POL0501889,Richard,Davis,richard.davis1889@example.com,WA,32,Life,Agent,2020-11-06,1600.06,1647.68,240009.0,False,1,in_force,0
PH0101890,POL0501890,Matthew,Jones,matthew.jones1890@example.com,PA,74,Home,Agent,2024-06-26,1802.07,1825.56,108124.0,False,2,in_force,0
PH0101891,POL0501891,Betty,Garcia,betty.garcia1891@example.com,PA,28,Auto,Agent,2017-01-17,2815.09,2933.41,168905.0,True,1,in_force,1
PH0101892,POL0501892,Sandra,Garcia,sandra.garcia1892@example.com,NJ,65,Auto,Direct,2023-04-08,1331.59,1384.67,79895.0,True,3,in_force,1
PH0101893,POL0501893,Joseph,Lewis,joseph.lewis1893@example.com,TX,29,Auto,Agent,2016-02-04,2980.2,3098.21,178812.0,False,3,in_force,1
PH0101894,POL0501894,David,Johnson,david.johnson1894@example.com,TX,33,Auto,Agent,2021-02-11,3480.88,3646.15,208853.0,True,3,in_force,0
PH0101895,POL0501895,Jennifer,Thomas,jennifer.thomas1895@example.com,PA,54,Auto,Agent,2016-07-12,701.92,723.3,42115.0,False,2,in_force,0
PH0101896,POL0501896,Robert,White,robert.white1896@example.com,TX,38,Home,Direct,2023-11-16,3302.05,3457.89,198123.0,True,1,in_force,0
PH0101897,POL0501897,Matthew,Robinson,matthew.robinson1897@example.com,MA,62,Auto,Broker,2016-10-06,2462.14,2551.55,147728.0,True,2,in_force,0
PH0101898,POL0501898,Patricia,Wilson,patricia.wilson1898@example.com,GA,37,Auto,Broker,2017-03-20,713.23,742.21,42794.0,True,2,in_force,0
PH0101899,POL0501899,Christopher,Taylor,christopher.taylor1899@example.com,CA,49,Home,Direct,2023-10-19,2626.6,2626.86,157596.0,False,2,in_force,1
PH0101900,POL0501900,Mary,Johnson,mary.johnson1900@example.com,MA,47,Home,Agent,2022-11-12,750.13,764.63,45008.0,True,2,in_force,1
PH0101901,POL0501901,Lisa,Martinez,lisa.martinez1901@example.com,MA,54,Home,Broker,2019-11-10,2944.29,3743.17,176657.0,False,2,in_force,0
PH0101902,POL0501902,Robert,Robinson,robert.robinson1902@example.com,WA,77,Umbrella,Broker,2017-12-11,3106.03,3155.79,186362.0,False,3,in_force,0
PH0101903,POL0501903,Robert,Lee,robert.lee1903@example.com,TX,47,Home,Broker,2018-08-15,1694.35,1776.1,101661.0,True,1,in_force,0
PH0101904,POL0501904,Richard,Wilson,richard.wilson1904@example.com,NC,38,Umbrella,Direct,2017-06-26,2565.75,2619.04,153945.0,True,2,in_force,0
PH0101905,POL0501905,Patricia,Miller,patricia.miller1905@example.com,NY,68,Auto,Broker,2021-03-26,884.32,924.12,53059.0,False,2,in_force,0
PH0101906,POL0501906,Karen,Rodriguez,karen.rodriguez1906@example.com,FL,63,Auto,Direct,2016-10-27,2395.15,2505.26,143709.0,True,3,in_force,0
PH0101907,POL0501907,Nancy,Gonzalez,nancy.gonzalez1907@example.com,IL,53,Auto,Agent,2022-05-06,2078.7,2098.31,124722.0,True,3,in_force,0
PH0101908,POL0501908,Daniel,Lee,daniel.lee1908@example.com,TX,33,Home,Agent,2019-06-21,3039.13,3073.88,182348.0,True,2,in_force,0
PH0101909,POL0501909,Mark,Brown,mark.brown1909@example.com,PA,40,Auto,Agent,2021-09-04,3317.93,3462.61,199076.0,True,2,in_force,0
PH0101910,POL0501910,Sarah,Garcia,sarah.garcia1910@example.com,FL,46,Auto,Direct,2019-10-24,734.42,744.69,44065.0,True,1,in_force,0
PH0101911,POL0501911,Christopher,Lopez,christopher.lopez1911@example.com,VA,50,Life,Direct,2018-03-11,3404.09,3512.95,510614.0,True,1,in_force,0
PH0101912,POL0501912,Nancy,White,nancy.white1912@example.com,NY,34,Umbrella,Direct,2017-12-20,1155.98,1197.56,69359.0,True,1,in_force,0
PH0101913,POL0501913,Jessica,Williams,jessica.williams1913@example.com,GA,32,Auto,Direct,2018-08-04,1340.4,1385.24,80424.0,False,1,in_force,0
PH0101914,POL0501914,Betty,Clark,betty.clark1914@example.com,PA,62,Umbrella,Agent,2024-08-25,1708.55,2255.11,102513.0,True,2,in_force,0
PH0101915,POL0501915,Karen,Jones,karen.jones1915@example.com,MA,63,Auto,Direct,2020-09-19,2765.88,2843.1,165953.0,True,3,in_force,1
PH0101916,POL0501916,William,Ramirez,william.ramirez1916@example.com,VA,53,Auto,Direct,2021-10-22,3405.89,3477.48,204353.0,False,1,in_force,1
PH0101917,POL0501917,Patricia,Taylor,patricia.taylor1917@example.com,CA,53,Auto,Agent,2024-01-14,2940.45,3000.56,176427.0,True,3,in_force,0
PH0101918,POL0501918,Anthony,Anderson,anthony.anderson1918@example.com,VA,43,Life,Broker,2022-12-15,901.31,924.35,135196.0,False,2,in_force,0
PH0101919,POL0501919,Linda,Ramirez,linda.ramirez1919@example.com,WA,43,Home,Agent,2023-11-30,777.23,790.96,46634.0,False,2,in_force,1
PH0101920,POL0501920,David,Ramirez,david.ramirez1920@example.com,TX,69,Auto,Agent,2023-12-14,1228.03,1269.44,73682.0,False,1,in_force,0
PH0101921,POL0501921,Sarah,Thomas,sarah.thomas1921@example.com,MA,66,Auto,Broker,2017-06-10,1713.91,2117.44,102835.0,True,3,in_force,1
PH0101922,POL0501922,Sandra,Sanchez,sandra.sanchez1922@example.com,AZ,53,Auto,Agent,2020-11-22,2209.98,2218.57,132599.0,True,3,in_force,0
PH0101923,POL0501923,Linda,Thomas,linda.thomas1923@example.com,OH,70,Auto,Agent,2020-02-24,3406.37,3460.96,204382.0,False,2,in_force,0
PH0101924,POL0501924,James,Thompson,james.thompson1924@example.com,GA,47,Home,Direct,2022-08-24,2061.13,2127.68,123668.0,True,3,in_force,0
PH0101925,POL0501925,William,White,william.white1925@example.com,NY,69,Umbrella,Agent,2021-10-25,1493.59,1495.5,89615.0,True,2,in_force,0
PH0101926,POL0501926,Mary,Ramirez,mary.ramirez1926@example.com,VA,71,Auto,Agent,2022-04-07,2523.31,2617.85,151399.0,False,3,in_force,0
PH0101927,POL0501927,Lisa,Lewis,lisa.lewis1927@example.com,IL,57,Life,Broker,2023-11-09,922.97,950.6,138446.0,True,3,in_force,1
PH0101928,POL0501928,Betty,Hernandez,betty.hernandez1928@example.com,CA,69,Auto,Direct,2018-07-24,3580.76,3598.06,214846.0,False,1,in_force,1
PH0101929,POL0501929,Barbara,Ramirez,barbara.ramirez1929@example.com,TX,42,Auto,Agent,2018-06-03,3335.3,3397.6,200118.0,True,1,in_force,0
PH0101930,POL0501930,Matthew,Williams,matthew.williams1930@example.com,PA,74,Umbrella,Agent,2018-07-17,1752.23,1810.5,105134.0,True,1,in_force,0
PH0101931,POL0501931,Mark,Davis,mark.davis1931@example.com,WA,59,Home,Agent,2024-02-08,898.4,926.86,53904.0,True,2,in_force,0
PH0101932,POL0501932,Matthew,Jones,matthew.jones1932@example.com,TX,73,Auto,Broker,2019-10-27,3103.21,3216.79,186193.0,True,3,in_force,0
PH0101933,POL0501933,Mark,Wilson,mark.wilson1933@example.com,VA,69,Auto,Agent,2023-02-06,2603.05,2665.71,156183.0,True,2,in_force,0
PH0101934,POL0501934,Margaret,Martinez,margaret.martinez1934@example.com,NY,28,Auto,Agent,2023-11-04,2590.59,2673.12,155435.0,True,2,in_force,0
PH0101935,POL0501935,Anthony,Jackson,anthony.jackson1935@example.com,PA,75,Auto,Direct,2022-09-10,1976.76,2058.17,118606.0,True,3,in_force,0
PH0101936,POL0501936,Michael,Smith,michael.smith1936@example.com,MI,37,Auto,Broker,2018-12-03,1571.18,1934.37,94271.0,True,1,in_force,0
PH0101937,POL0501937,Jennifer,Jones,jennifer.jones1937@example.com,WA,70,Home,Broker,2018-11-03,2021.11,2077.24,121267.0,False,3,in_force,1
PH0101938,POL0501938,Barbara,Taylor,barbara.taylor1938@example.com,TX,56,Life,Broker,2018-05-11,3743.65,5014.73,561548.0,True,3,in_force,0
PH0101939,POL0501939,Betty,Harris,betty.harris1939@example.com,NC,54,Auto,Agent,2020-12-20,2893.93,2971.02,173636.0,True,3,in_force,0
PH0101940,POL0501940,Thomas,Moore,thomas.moore1940@example.com,PA,77,Auto,Direct,2022-10-16,2366.87,2413.43,142012.0,True,3,in_force,0
PH0101941,POL0501941,Thomas,Harris,thomas.harris1941@example.com,AZ,28,Life,Direct,2016-04-20,3247.74,3317.36,487161.0,False,3,in_force,0
PH0101942,POL0501942,David,Lee,david.lee1942@example.com,WA,48,Auto,Direct,2023-09-27,857.35,858.58,51441.0,True,2,in_force,1
PH0101943,POL0501943,Matthew,Hernandez,matthew.hernandez1943@example.com,MA,43,Auto,Agent,2018-08-28,1122.83,1371.25,67370.0,True,1,in_force,1
PH0101944,POL0501944,Sandra,Wilson,sandra.wilson1944@example.com,NC,32,Umbrella,Agent,2017-09-26,2243.47,2249.6,134608.0,True,3,in_force,0
PH0101945,POL0501945,Barbara,Taylor,barbara.taylor1945@example.com,MA,50,Home,Direct,2022-05-17,3509.84,4041.94,210590.0,True,2,in_force,1
PH0101946,POL0501946,Sandra,Johnson,sandra.johnson1946@example.com,GA,28,Auto,Broker,2019-12-01,2562.76,2564.43,153766.0,True,1,in_force,0
PH0101947,POL0501947,James,Perez,james.perez1947@example.com,OH,64,Home,Direct,2022-09-28,1114.85,1122.23,66891.0,True,3,in_force,0
PH0101948,POL0501948,Mark,Jackson,mark.jackson1948@example.com,OH,36,Life,Agent,2021-08-31,673.82,692.43,101073.0,True,1,in_force,0
PH0101949,POL0501949,Robert,Davis,robert.davis1949@example.com,CA,74,Umbrella,Direct,2016-07-12,1905.99,2406.73,114359.0,True,3,in_force,0
PH0101950,POL0501950,Daniel,Anderson,daniel.anderson1950@example.com,OH,49,Life,Direct,2021-06-08,1330.83,1368.95,199624.0,False,3,in_force,0
PH0101951,POL0501951,Matthew,Perez,matthew.perez1951@example.com,FL,43,Home,Agent,2021-06-09,3824.5,3845.36,229470.0,True,1,in_force,0
PH0101952,POL0501952,Sandra,Moore,sandra.moore1952@example.com,CA,30,Auto,Direct,2016-07-22,3553.74,3615.87,213224.0,False,1,in_force,0
PH0101953,POL0501953,Christopher,Johnson,christopher.johnson1953@example.com,GA,57,Auto,Direct,2022-12-18,2631.51,2645.54,157891.0,True,3,in_force,0
PH0101954,POL0501954,Patricia,Lopez,patricia.lopez1954@example.com,NJ,76,Umbrella,Agent,2023-02-12,3706.54,3781.85,222392.0,False,3,in_force,0
PH0101955,POL0501955,Jessica,Robinson,jessica.robinson1955@example.com,WA,59,Home,Direct,2020-10-09,2584.37,2664.26,155062.0,True,3,in_force,0
PH0101956,POL0501956,Nancy,Lopez,nancy.lopez1956@example.com,WA,41,Auto,Direct,2018-04-02,912.61,943.53,54757.0,True,2,in_force,0
PH0101957,POL0501957,Matthew,Gonzalez,matthew.gonzalez1957@example.com,TX,67,Umbrella,Broker,2023-11-02,2434.21,2476.35,146053.0,True,3,in_force,0
PH0101958,POL0501958,Sandra,Clark,sandra.clark1958@example.com,PA,70,Auto,Agent,2018-03-18,2680.69,2774.01,160841.0,False,2,in_force,1
PH0101959,POL0501959,Thomas,Johnson,thomas.johnson1959@example.com,MI,48,Auto,Direct,2018-12-03,899.37,929.16,53962.0,True,2,in_force,1
PH0101960,POL0501960,James,Brown,james.brown1960@example.com,AZ,51,Life,Agent,2020-04-10,1533.48,1541.85,230022.0,False,2,in_force,1
PH0101961,POL0501961,Patricia,Martinez,patricia.martinez1961@example.com,MI,50,Auto,Direct,2017-02-08,3392.88,3448.34,203573.0,False,3,in_force,0
PH0101962,POL0501962,Anthony,Martin,anthony.martin1962@example.com,MI,30,Auto,Direct,2021-02-09,2965.08,3002.25,177905.0,True,1,in_force,0
PH0101963,POL0501963,David,Lopez,david.lopez1963@example.com,VA,74,Auto,Direct,2017-05-24,2616.96,2726.69,157018.0,True,1,in_force,0
PH0101964,POL0501964,Linda,Clark,linda.clark1964@example.com,OH,67,Auto,Direct,2019-08-20,3309.68,4179.39,198581.0,False,2,in_force,1
PH0101965,POL0501965,Charles,Miller,charles.miller1965@example.com,CA,76,Umbrella,Agent,2019-11-09,3726.43,3892.0,223586.0,False,2,in_force,1
PH0101966,POL0501966,Susan,Lopez,susan.lopez1966@example.com,OH,47,Auto,Agent,2024-01-16,2884.03,3011.68,173042.0,True,1,in_force,1
PH0101967,POL0501967,Joseph,Anderson,joseph.anderson1967@example.com,IL,53,Auto,Agent,2020-02-09,1169.66,1217.05,70180.0,False,3,in_force,0
PH0101968,POL0501968,Michael,Moore,michael.moore1968@example.com,NY,55,Home,Broker,2021-07-01,1760.58,1779.08,105635.0,False,1,in_force,0
PH0101969,POL0501969,Michael,Moore,michael.moore1969@example.com,VA,36,Home,Direct,2020-01-22,3426.3,3533.07,205578.0,True,2,in_force,0
PH0101970,POL0501970,William,Garcia,william.garcia1970@example.com,TX,50,Home,Agent,2016-09-15,2826.89,2880.57,169613.0,False,1,in_force,0
PH0101971,POL0501971,Patricia,Garcia,patricia.garcia1971@example.com,TX,54,Life,Agent,2022-09-08,1086.47,1301.72,162970.0,True,2,in_force,1
PH0101972,POL0501972,Susan,Clark,susan.clark1972@example.com,NY,68,Home,Agent,2017-06-29,1014.13,1024.42,60848.0,True,2,in_force,0
PH0101973,POL0501973,Anthony,Martin,anthony.martin1973@example.com,OH,59,Umbrella,Broker,2022-02-04,2229.97,2233.56,133798.0,False,1,in_force,1
PH0101974,POL0501974,Barbara,Martinez,barbara.martinez1974@example.com,IL,49,Home,Direct,2017-07-17,2984.66,3100.79,179080.0,True,1,in_force,1
PH0101975,POL0501975,William,Wilson,william.wilson1975@example.com,PA,29,Life,Agent,2023-07-31,696.54,717.99,104481.0,True,3,in_force,1
PH0101976,POL0501976,Christopher,Brown,christopher.brown1976@example.com,MA,68,Auto,Direct,2022-05-16,3754.1,3840.47,225246.0,True,1,in_force,1
PH0101977,POL0501977,Michael,Sanchez,michael.sanchez1977@example.com,MI,53,Auto,Direct,2024-03-25,3046.97,3640.46,182818.0,True,1,in_force,1
PH0101978,POL0501978,Nancy,Johnson,nancy.johnson1978@example.com,NJ,77,Home,Direct,2017-08-12,2484.47,3285.83,149068.0,True,3,in_force,0
PH0101979,POL0501979,Sarah,Johnson,sarah.johnson1979@example.com,NJ,45,Auto,Direct,2016-07-14,3442.96,3568.33,206578.0,True,1,in_force,0
PH0101980,POL0501980,Mark,Garcia,mark.garcia1980@example.com,FL,54,Home,Agent,2019-05-26,1674.86,1693.22,100492.0,True,1,in_force,0
PH0101981,POL0501981,Charles,Brown,charles.brown1981@example.com,NC,69,Auto,Agent,2022-02-26,1137.72,1181.48,68263.0,True,2,in_force,0
PH0101982,POL0501982,Sarah,Johnson,sarah.johnson1982@example.com,MI,59,Home,Agent,2016-01-07,2595.54,2671.71,155732.0,True,2,in_force,0
PH0101983,POL0501983,Anthony,Clark,anthony.clark1983@example.com,NJ,48,Auto,Agent,2022-12-25,2151.38,2176.74,129083.0,True,1,in_force,0
PH0101984,POL0501984,Mark,Lee,mark.lee1984@example.com,NY,57,Home,Direct,2024-07-23,2411.09,2455.43,144665.0,True,2,in_force,1
PH0101985,POL0501985,Jessica,Williams,jessica.williams1985@example.com,NY,53,Home,Agent,2019-06-07,1701.84,1727.49,102110.0,True,3,in_force,0
PH0101986,POL0501986,Lisa,Garcia,lisa.garcia1986@example.com,AZ,73,Home,Direct,2022-09-05,2468.0,2541.56,148080.0,True,2,in_force,0
PH0101987,POL0501987,James,Wilson,james.wilson1987@example.com,PA,33,Home,Agent,2017-08-11,1685.09,2001.55,101105.0,False,3,in_force,1
PH0101988,POL0501988,Nancy,Martinez,nancy.martinez1988@example.com,OH,58,Umbrella,Agent,2023-01-22,1886.48,1953.38,113189.0,True,1,in_force,0
PH0101989,POL0501989,Betty,Brown,betty.brown1989@example.com,AZ,56,Home,Broker,2016-01-05,2782.12,2866.0,166927.0,True,2,in_force,0
PH0101990,POL0501990,Margaret,Moore,margaret.moore1990@example.com,IL,35,Auto,Broker,2019-06-16,1785.0,1871.99,107100.0,False,1,in_force,0
PH0101991,POL0501991,William,Thompson,william.thompson1991@example.com,OH,32,Umbrella,Agent,2019-06-10,3060.64,3118.85,183638.0,True,2,in_force,0
PH0101992,POL0501992,Thomas,Hernandez,thomas.hernandez1992@example.com,WA,30,Life,Agent,2020-09-30,1261.94,1317.37,189291.0,True,3,in_force,0
PH0101993,POL0501993,John,Garcia,john.garcia1993@example.com,CA,36,Home,Agent,2021-04-04,3310.54,3460.17,198632.0,False,3,in_force,1
PH0101994,POL0501994,Christopher,Harris,christopher.harris1994@example.com,MI,65,Umbrella,Broker,2021-07-29,3591.92,3739.85,215515.0,True,1,in_force,0
PH0101995,POL0501995,Richard,Anderson,richard.anderson1995@example.com,NC,38,Home,Agent,2018-10-04,2681.41,2705.86,160885.0,True,2,in_force,0
PH0101996,POL0501996,Anthony,Wilson,anthony.wilson1996@example.com,IL,34,Auto,Direct,2019-06-01,3197.99,3271.47,191879.0,True,2,in_force,0
PH0101997,POL0501997,Charles,Taylor,charles.taylor1997@example.com,VA,56,Auto,Agent,2017-08-01,3347.49,3358.03,200849.0,True,1,in_force,0
PH0101998,POL0501998,Matthew,Williams,matthew.williams1998@example.com,VA,68,Life,Broker,2020-11-29,1447.39,1492.67,217109.0,False,2,in_force,0
PH0101999,POL0501999,Daniel,Taylor,daniel.taylor1999@example.com,PA,69,Umbrella,Agent,2018-12-16,3197.8,3305.59,191868.0,True,3,in_force,0
PH0102000,POL0502000,David,Clark,david.clark2000@example.com,CA,61,Life,Direct,2024-04-23,3791.59,4989.88,568738.0,False,1,in_force,0
PH0102001,POL0502001,Mary,Sanchez,mary.sanchez2001@example.com,MA,34,Auto,Agent,2024-09-13,3312.56,3468.23,198754.0,True,3,in_force,0
PH0102002,POL0502002,Sarah,Lopez,sarah.lopez2002@example.com,NC,33,Umbrella,Agent,2017-05-09,950.0,956.25,57000.0,False,2,in_force,0
PH0102003,POL0502003,Richard,Moore,richard.moore2003@example.com,MI,39,Life,Direct,2021-03-12,2429.18,2491.44,364377.0,False,2,in_force,0
PH0102004,POL0502004,Christopher,Lewis,christopher.lewis2004@example.com,AZ,33,Auto,Agent,2024-04-16,716.91,727.99,43015.0,True,3,in_force,0
PH0102005,POL0502005,Linda,Davis,linda.davis2005@example.com,PA,51,Auto,Direct,2016-01-30,982.78,1015.54,58967.0,True,1,in_force,0
PH0102006,POL0502006,Sandra,Martin,sandra.martin2006@example.com,NC,59,Life,Direct,2017-06-02,3108.79,3246.41,466318.0,True,3,in_force,1
PH0102007,POL0502007,James,Perez,james.perez2007@example.com,PA,65,Auto,Agent,2023-08-05,2176.62,2270.68,130597.0,True,3,in_force,0
PH0102008,POL0502008,Betty,Sanchez,betty.sanchez2008@example.com,PA,58,Umbrella,Direct,2016-06-10,2870.28,3780.62,172217.0,True,2,in_force,0
PH0102009,POL0502009,James,Brown,james.brown2009@example.com,NC,72,Auto,Direct,2023-05-15,2653.21,2678.65,159193.0,True,2,in_force,0
PH0102010,POL0502010,Robert,Lopez,robert.lopez2010@example.com,GA,54,Auto,Agent,2016-11-16,2926.55,3071.08,175593.0,True,2,in_force,0
PH0102011,POL0502011,Daniel,Davis,daniel.davis2011@example.com,NY,65,Life,Agent,2022-02-06,680.72,763.51,102108.0,True,2,in_force,1
PH0102012,POL0502012,Sandra,Wilson,sandra.wilson2012@example.com,TX,54,Home,Broker,2023-11-09,3701.46,3789.37,222088.0,True,3,in_force,0
PH0102013,POL0502013,Daniel,Jones,daniel.jones2013@example.com,PA,48,Umbrella,Broker,2017-11-02,3057.18,3112.46,183431.0,False,2,in_force,1
PH0102014,POL0502014,Michael,Taylor,michael.taylor2014@example.com,GA,31,Auto,Agent,2020-11-30,1606.18,1834.69,96371.0,True,3,in_force,0
PH0102015,POL0502015,Margaret,Martinez,margaret.martinez2015@example.com,NY,63,Home,Direct,2024-05-18,2774.0,2903.77,166440.0,True,2,in_force,1
PH0102016,POL0502016,William,Martinez,william.martinez2016@example.com,MI,52,Home,Agent,2022-04-21,2208.96,2282.44,132538.0,True,2,in_force,0
PH0102017,POL0502017,Thomas,Smith,thomas.smith2017@example.com,IL,57,Umbrella,Direct,2024-07-02,3766.61,3771.0,225997.0,False,2,in_force,0
PH0102018,POL0502018,Jessica,Lopez,jessica.lopez2018@example.com,OH,37,Auto,Agent,2018-02-06,1013.56,1042.36,60814.0,False,3,in_force,0
PH0102019,POL0502019,Jessica,Ramirez,jessica.ramirez2019@example.com,NJ,46,Umbrella,Direct,2020-11-25,2344.9,2396.37,140694.0,True,2,in_force,1
PH0102020,POL0502020,Margaret,Wilson,margaret.wilson2020@example.com,NJ,62,Umbrella,Direct,2021-09-01,2793.61,2893.42,167617.0,True,1,in_force,0
PH0102021,POL0502021,Nancy,Clark,nancy.clark2021@example.com,AZ,48,Life,Direct,2021-04-11,1941.01,2203.68,291152.0,True,2,in_force,0
PH0102022,POL0502022,Sandra,Lee,sandra.lee2022@example.com,PA,55,Umbrella,Agent,2020-08-05,3156.67,3545.25,189400.0,False,2,in_force,0
PH0102023,POL0502023,Betty,Robinson,betty.robinson2023@example.com,NY,48,Home,Direct,2017-04-14,1413.15,1836.49,84789.0,True,2,in_force,0
PH0102024,POL0502024,Thomas,Johnson,thomas.johnson2024@example.com,CA,37,Auto,Direct,2016-12-02,2572.43,3288.49,154346.0,False,2,in_force,1
PH0102025,POL0502025,Sarah,Sanchez,sarah.sanchez2025@example.com,AZ,68,Home,Broker,2018-09-14,2506.47,2539.38,150388.0,True,2,in_force,0
PH0102026,POL0502026,Mary,Gonzalez,mary.gonzalez2026@example.com,OH,29,Auto,Broker,2022-06-07,2328.27,2423.31,139696.0,True,2,in_force,0
PH0102027,POL0502027,Robert,Jones,robert.jones2027@example.com,CA,39,Auto,Direct,2024-06-06,2748.64,2837.34,164918.0,True,1,in_force,1
PH0102028,POL0502028,Daniel,Wilson,daniel.wilson2028@example.com,MA,58,Auto,Direct,2018-08-25,2403.54,2412.81,144212.0,True,3,in_force,0
PH0102029,POL0502029,Sarah,Brown,sarah.brown2029@example.com,PA,35,Umbrella,Direct,2017-06-06,2145.58,2193.91,128735.0,True,2,in_force,0
PH0102030,POL0502030,Lisa,White,lisa.white2030@example.com,NJ,69,Umbrella,Direct,2018-02-02,1461.7,1486.81,87702.0,False,2,in_force,0
PH0102031,POL0502031,Margaret,Lopez,margaret.lopez2031@example.com,NC,71,Life,Broker,2019-11-13,1082.77,1092.92,162416.0,False,2,in_force,0
PH0102032,POL0502032,Jennifer,Davis,jennifer.davis2032@example.com,NC,77,Umbrella,Agent,2020-12-02,3623.91,3776.42,217435.0,True,1,in_force,0
PH0102033,POL0502033,Anthony,Gonzalez,anthony.gonzalez2033@example.com,NJ,68,Home,Agent,2018-12-30,1755.57,2190.69,105334.0,False,1,in_force,1
PH0102034,POL0502034,Sarah,Jackson,sarah.jackson2034@example.com,NY,64,Auto,Broker,2024-01-21,3804.84,4739.59,228290.0,True,2,in_force,1
PH0102035,POL0502035,James,Gonzalez,james.gonzalez2035@example.com,AZ,40,Auto,Broker,2017-06-02,3160.71,3308.18,189643.0,False,2,in_force,1
PH0102036,POL0502036,Patricia,Rodriguez,patricia.rodriguez2036@example.com,FL,73,Auto,Agent,2021-08-30,705.51,734.98,42331.0,False,1,in_force,0
PH0102037,POL0502037,Anthony,Wilson,anthony.wilson2037@example.com,TX,30,Auto,Agent,2023-10-31,764.37,787.24,45862.0,False,1,in_force,1
PH0102038,POL0502038,Christopher,Perez,christopher.perez2038@example.com,OH,42,Auto,Direct,2016-12-19,2676.75,2683.15,160605.0,True,2,in_force,1
PH0102039,POL0502039,John,Johnson,john.johnson2039@example.com,OH,51,Home,Agent,2018-02-27,1757.2,1829.79,105432.0,True,1,in_force,1
PH0102040,POL0502040,Sarah,Jones,sarah.jones2040@example.com,MA,52,Auto,Broker,2017-11-06,2147.21,2230.37,128833.0,False,3,in_force,0
PH0102041,POL0502041,Susan,Thompson,susan.thompson2041@example.com,CA,47,Life,Broker,2017-04-19,2621.96,2702.02,393294.0,True,2,in_force,0
PH0102042,POL0502042,Susan,Jackson,susan.jackson2042@example.com,TX,61,Home,Agent,2023-09-11,2759.65,2814.11,165579.0,True,2,in_force,0
PH0102043,POL0502043,Lisa,Martinez,lisa.martinez2043@example.com,MI,34,Umbrella,Agent,2024-01-24,2272.26,2298.68,136336.0,False,3,in_force,1
PH0102044,POL0502044,James,Davis,james.davis2044@example.com,PA,30,Auto,Broker,2017-12-15,3439.51,3525.17,206371.0,True,2,in_force,0
PH0102045,POL0502045,Charles,Garcia,charles.garcia2045@example.com,TX,50,Auto,Direct,2023-05-29,3416.1,3515.2,204966.0,True,2,in_force,0
PH0102046,POL0502046,Lisa,Robinson,lisa.robinson2046@example.com,VA,47,Life,Direct,2020-10-12,3496.36,3616.68,524454.0,True,1,in_force,0
PH0102047,POL0502047,Betty,Davis,betty.davis2047@example.com,NY,61,Umbrella,Broker,2017-06-21,1762.14,2155.84,105728.0,True,3,in_force,1
PH0102048,POL0502048,Lisa,Thompson,lisa.thompson2048@example.com,GA,56,Auto,Direct,2023-07-23,3247.84,3375.28,194870.0,True,2,in_force,0
PH0102049,POL0502049,Barbara,Clark,barbara.clark2049@example.com,MI,56,Auto,Direct,2020-12-16,2571.48,2634.54,154289.0,True,3,in_force,0
PH0102050,POL0502050,Thomas,Smith,thomas.smith2050@example.com,CA,57,Auto,Broker,2019-07-26,2328.33,2413.43,139700.0,False,1,in_force,0
PH0102051,POL0502051,Jessica,Moore,jessica.moore2051@example.com,NC,53,Home,Agent,2019-10-15,2079.62,2136.25,124777.0,False,2,in_force,0
PH0102052,POL0502052,Thomas,Lewis,thomas.lewis2052@example.com,CA,38,Umbrella,Agent,2024-01-04,2532.95,2575.21,151977.0,False,2,in_force,0
PH0102053,POL0502053,Anthony,Thompson,anthony.thompson2053@example.com,NJ,66,Auto,Broker,2024-02-23,1057.67,1092.0,63460.0,True,2,in_force,0
PH0102054,POL0502054,John,Lewis,john.lewis2054@example.com,VA,43,Umbrella,Agent,2017-08-07,1840.99,1880.0,110459.0,True,3,in_force,0
PH0102055,POL0502055,William,Johnson,william.johnson2055@example.com,NY,47,Auto,Agent,2020-04-25,2165.78,2267.38,129947.0,True,3,in_force,0
PH0102056,POL0502056,William,Lopez,william.lopez2056@example.com,MI,32,Umbrella,Direct,2020-08-26,3037.19,3839.9,182231.0,True,1,in_force,0
PH0102057,POL0502057,Joseph,Robinson,joseph.robinson2057@example.com,PA,44,Auto,Agent,2018-05-05,3527.77,3642.68,211666.0,True,3,in_force,0
PH0102058,POL0502058,Lisa,Harris,lisa.harris2058@example.com,TX,61,Auto,Broker,2019-02-09,3652.32,3762.08,219139.0,True,3,in_force,0
PH0102059,POL0502059,David,Harris,david.harris2059@example.com,GA,73,Auto,Direct,2016-04-15,2444.93,2464.27,146696.0,True,1,in_force,0
PH0102060,POL0502060,Jessica,White,jessica.white2060@example.com,WA,35,Auto,Direct,2017-03-31,1190.26,1224.41,71416.0,True,3,in_force,0
PH0102061,POL0502061,Michael,Smith,michael.smith2061@example.com,MA,29,Home,Agent,2020-10-17,3076.09,3588.59,184565.0,False,3,in_force,1
PH0102062,POL0502062,Susan,Thomas,susan.thomas2062@example.com,MI,33,Home,Broker,2021-07-14,1041.51,1064.25,62491.0,True,1,in_force,1
PH0102063,POL0502063,Daniel,Harris,daniel.harris2063@example.com,NC,57,Home,Direct,2024-01-26,3791.15,3911.27,227469.0,False,3,in_force,1
PH0102064,POL0502064,James,Jackson,james.jackson2064@example.com,PA,34,Umbrella,Broker,2018-12-27,2778.41,3620.76,166705.0,True,3,in_force,0
PH0102065,POL0502065,Sarah,Lee,sarah.lee2065@example.com,FL,46,Home,Direct,2019-03-15,1165.36,1188.68,69922.0,True,3,in_force,0
PH0102066,POL0502066,Richard,Taylor,richard.taylor2066@example.com,VA,33,Auto,Direct,2017-10-11,982.89,989.59,58973.0,True,2,in_force,0
PH0102067,POL0502067,Matthew,Lopez,matthew.lopez2067@example.com,NY,39,Home,Agent,2022-06-29,1507.87,1557.84,90472.0,False,2,in_force,0
PH0102068,POL0502068,Michael,Perez,michael.perez2068@example.com,AZ,56,Auto,Direct,2020-12-21,2610.42,2731.29,156625.0,True,3,in_force,1
PH0102069,POL0502069,Sarah,Jones,sarah.jones2069@example.com,VA,31,Umbrella,Agent,2022-04-11,2277.89,2788.74,136673.0,True,1,in_force,1
PH0102070,POL0502070,Christopher,Thompson,christopher.thompson2070@example.com,WA,65,Umbrella,Agent,2019-01-26,1275.7,1292.23,76542.0,True,1,in_force,0
PH0102071,POL0502071,Betty,Jackson,betty.jackson2071@example.com,AZ,60,Home,Direct,2021-11-22,3174.24,3291.56,190454.0,True,1,in_force,0
PH0102072,POL0502072,Mark,Gonzalez,mark.gonzalez2072@example.com,NC,48,Auto,Broker,2017-08-30,693.21,727.83,41593.0,False,2,in_force,0
PH0102073,POL0502073,Sarah,Hernandez,sarah.hernandez2073@example.com,TX,50,Umbrella,Agent,2016-12-11,1098.93,1121.82,65936.0,True,1,in_force,0
PH0102074,POL0502074,Nancy,Ramirez,nancy.ramirez2074@example.com,FL,74,Auto,Direct,2022-05-11,2804.11,2887.52,168247.0,False,2,in_force,0
PH0102075,POL0502075,Sandra,Moore,sandra.moore2075@example.com,NJ,55,Home,Agent,2020-09-18,3796.96,3923.53,227818.0,True,1,in_force,0
PH0102076,POL0502076,Susan,Martinez,susan.martinez2076@example.com,NC,35,Home,Agent,2019-02-15,1347.61,1365.39,80857.0,False,3,in_force,1
PH0102077,POL0502077,Christopher,Perez,christopher.perez2077@example.com,IL,48,Home,Direct,2016-09-23,1010.93,1022.98,60656.0,True,1,in_force,0
PH0102078,POL0502078,David,Lopez,david.lopez2078@example.com,MI,73,Life,Direct,2018-11-16,1305.75,1324.27,195862.0,True,3,in_force,0
PH0102079,POL0502079,Michael,Robinson,michael.robinson2079@example.com,MA,40,Home,Broker,2016-12-17,2535.13,2584.48,152108.0,True,1,in_force,0
PH0102080,POL0502080,Linda,Thompson,linda.thompson2080@example.com,CA,56,Auto,Direct,2019-11-22,2454.56,2457.88,147274.0,False,2,in_force,0
PH0102081,POL0502081,William,Martin,william.martin2081@example.com,FL,29,Home,Direct,2022-01-22,1338.45,1377.21,80307.0,True,2,in_force,0
PH0102082,POL0502082,Mark,Jackson,mark.jackson2082@example.com,NY,44,Life,Agent,2021-03-08,3187.76,3253.16,478164.0,True,3,in_force,0
PH0102083,POL0502083,Robert,Davis,robert.davis2083@example.com,VA,39,Auto,Direct,2019-09-01,2391.67,3068.36,143500.0,False,3,in_force,1
PH0102084,POL0502084,James,Thompson,james.thompson2084@example.com,MA,65,Auto,Direct,2016-03-28,3628.71,3784.02,217723.0,True,3,in_force,0
PH0102085,POL0502085,Susan,Lopez,susan.lopez2085@example.com,NY,63,Home,Agent,2022-11-24,3191.3,3317.96,191478.0,False,2,in_force,0
PH0102086,POL0502086,Robert,Rodriguez,robert.rodriguez2086@example.com,IL,76,Umbrella,Broker,2016-08-27,2050.52,2073.46,123031.0,True,3,in_force,0
PH0102087,POL0502087,Charles,Jones,charles.jones2087@example.com,FL,57,Umbrella,Broker,2017-05-05,1978.41,2068.21,118705.0,True,2,in_force,0
PH0102088,POL0502088,Robert,Miller,robert.miller2088@example.com,NY,69,Umbrella,Agent,2024-09-07,2709.66,2716.64,162580.0,True,3,in_force,0
PH0102089,POL0502089,Lisa,Moore,lisa.moore2089@example.com,MA,57,Home,Agent,2019-10-22,3135.28,3281.64,188117.0,False,1,in_force,0
PH0102090,POL0502090,Anthony,Thompson,anthony.thompson2090@example.com,AZ,49,Home,Direct,2019-10-09,3750.46,3766.89,225028.0,True,2,in_force,0
PH0102091,POL0502091,Charles,Lewis,charles.lewis2091@example.com,PA,45,Auto,Direct,2023-10-27,2664.4,2783.7,159864.0,False,3,in_force,0
PH0102092,POL0502092,Patricia,Lee,patricia.lee2092@example.com,GA,49,Auto,Direct,2020-04-08,2957.58,3959.54,177455.0,True,1,in_force,1
PH0102093,POL0502093,Betty,Martin,betty.martin2093@example.com,MI,67,Auto,Agent,2021-01-23,3587.09,4267.49,215225.0,False,3,in_force,0
PH0102094,POL0502094,Lisa,Harris,lisa.harris2094@example.com,TX,59,Umbrella,Agent,2024-07-07,890.51,1117.38,53431.0,True,3,in_force,0
PH0102095,POL0502095,Anthony,Hernandez,anthony.hernandez2095@example.com,FL,69,Auto,Direct,2016-07-10,1739.31,1775.63,104359.0,False,3,in_force,0
PH0102096,POL0502096,Matthew,Taylor,matthew.taylor2096@example.com,NY,64,Auto,Direct,2018-01-18,676.11,683.36,40567.0,True,3,in_force,0
PH0102097,POL0502097,James,Thomas,james.thomas2097@example.com,WA,54,Umbrella,Broker,2022-09-17,1792.07,1827.81,107524.0,True,3,in_force,0
PH0102098,POL0502098,William,Williams,william.williams2098@example.com,VA,44,Auto,Direct,2017-12-26,2133.1,2195.65,127986.0,True,2,in_force,0
PH0102099,POL0502099,Joseph,Gonzalez,joseph.gonzalez2099@example.com,WA,46,Home,Agent,2023-06-09,3663.84,4694.62,219830.0,True,2,in_force,0
PH0102100,POL0502100,James,Anderson,james.anderson2100@example.com,NY,67,Auto,Direct,2021-08-11,2693.4,2694.87,161604.0,True,3,in_force,0
PH0102101,POL0502101,Charles,Martin,charles.martin2101@example.com,GA,49,Auto,Agent,2018-04-13,873.01,905.73,52381.0,True,2,in_force,0
PH0102102,POL0502102,Elizabeth,Johnson,elizabeth.johnson2102@example.com,NJ,29,Auto,Direct,2023-06-21,3674.16,3763.76,220450.0,True,2,in_force,1
PH0102103,POL0502103,Linda,Rodriguez,linda.rodriguez2103@example.com,NJ,40,Auto,Direct,2020-11-03,1894.29,1938.33,113657.0,True,3,in_force,1
PH0102104,POL0502104,Barbara,Lopez,barbara.lopez2104@example.com,IL,42,Auto,Broker,2017-10-28,3243.5,3363.06,194610.0,False,3,in_force,1
PH0102105,POL0502105,Barbara,Hernandez,barbara.hernandez2105@example.com,CA,37,Umbrella,Direct,2020-05-06,1562.45,1590.0,93747.0,True,1,in_force,0
PH0102106,POL0502106,Robert,Sanchez,robert.sanchez2106@example.com,VA,62,Life,Broker,2023-02-10,3454.76,3546.04,518214.0,True,2,in_force,0
PH0102107,POL0502107,Jennifer,Perez,jennifer.perez2107@example.com,NY,75,Auto,Direct,2020-10-07,3428.03,3502.1,205682.0,False,1,in_force,0
PH0102108,POL0502108,Mary,Garcia,mary.garcia2108@example.com,NJ,67,Umbrella,Agent,2019-04-18,3486.92,3593.93,209215.0,True,2,in_force,0
PH0102109,POL0502109,Mary,Robinson,mary.robinson2109@example.com,PA,60,Life,Agent,2020-02-22,3652.72,3657.24,547908.0,True,2,in_force,0
PH0102110,POL0502110,Christopher,Harris,christopher.harris2110@example.com,MI,30,Auto,Broker,2023-01-18,2424.96,2426.63,145498.0,False,2,in_force,1
PH0102111,POL0502111,Matthew,Anderson,matthew.anderson2111@example.com,NC,49,Home,Broker,2020-09-12,974.25,993.59,58455.0,False,3,in_force,0
PH0102112,POL0502112,Nancy,Robinson,nancy.robinson2112@example.com,WA,63,Home,Agent,2021-11-13,3161.83,3284.06,189710.0,True,1,in_force,0
PH0102113,POL0502113,Lisa,Smith,lisa.smith2113@example.com,NC,29,Home,Agent,2024-05-27,2520.93,2602.07,151256.0,True,2,in_force,0
PH0102114,POL0502114,Richard,Wilson,richard.wilson2114@example.com,MI,68,Umbrella,Agent,2017-06-23,2198.13,2260.96,131888.0,True,1,in_force,0
PH0102115,POL0502115,Thomas,Lee,thomas.lee2115@example.com,GA,29,Home,Agent,2021-09-14,1315.88,1365.55,78953.0,True,1,in_force,0
PH0102116,POL0502116,Margaret,Lewis,margaret.lewis2116@example.com,CA,63,Life,Agent,2017-12-07,2852.25,2954.83,427838.0,True,3,in_force,0
PH0102117,POL0502117,Daniel,Jones,daniel.jones2117@example.com,NJ,52,Auto,Direct,2022-03-11,2627.44,2717.38,157646.0,False,2,in_force,0
PH0102118,POL0502118,David,Martinez,david.martinez2118@example.com,GA,48,Auto,Agent,2016-12-01,3516.18,3545.49,210971.0,False,1,in_force,0
PH0102119,POL0502119,Jennifer,Garcia,jennifer.garcia2119@example.com,TX,36,Life,Agent,2021-10-06,1925.91,2493.8,288886.0,True,3,in_force,0
PH0102120,POL0502120,Mark,Garcia,mark.garcia2120@example.com,VA,37,Home,Broker,2018-07-21,1109.64,1117.31,66578.0,True,2,in_force,0
PH0102121,POL0502121,Mary,Taylor,mary.taylor2121@example.com,VA,34,Life,Broker,2024-08-03,1279.78,1337.82,191967.0,True,1,in_force,0
PH0102122,POL0502122,William,Thompson,william.thompson2122@example.com,NJ,39,Umbrella,Direct,2016-11-26,1753.17,1779.64,105190.0,True,1,in_force,0
PH0102123,POL0502123,Margaret,Rodriguez,margaret.rodriguez2123@example.com,NC,67,Auto,Direct,2023-08-22,3820.96,3968.5,229258.0,True,1,in_force,0
PH0102124,POL0502124,Anthony,Lee,anthony.lee2124@example.com,WA,63,Auto,Broker,2018-10-06,2210.04,2292.55,132602.0,True,2,in_force,0
PH0102125,POL0502125,Susan,Martin,susan.martin2125@example.com,VA,46,Umbrella,Broker,2023-08-13,1865.41,2340.39,111925.0,True,3,in_force,1
PH0102126,POL0502126,Joseph,Martin,joseph.martin2126@example.com,NJ,53,Auto,Direct,2017-09-25,765.13,788.61,45908.0,True,2,in_force,0
PH0102127,POL0502127,William,Wilson,william.wilson2127@example.com,TX,56,Home,Broker,2024-01-14,1133.93,1482.32,68036.0,False,1,in_force,1
PH0102128,POL0502128,Charles,Johnson,charles.johnson2128@example.com,WA,73,Auto,Broker,2021-07-03,2212.24,2311.37,132734.0,False,3,in_force,0
PH0102129,POL0502129,Matthew,Clark,matthew.clark2129@example.com,NY,60,Home,Direct,2016-02-10,1512.31,2000.41,90739.0,True,1,in_force,0
PH0102130,POL0502130,Richard,Thomas,richard.thomas2130@example.com,CA,57,Home,Direct,2023-04-12,3686.73,3842.81,221204.0,False,2,in_force,0
PH0102131,POL0502131,Sarah,Lopez,sarah.lopez2131@example.com,TX,30,Auto,Direct,2017-03-09,2790.49,2926.09,167429.0,True,2,in_force,0
PH0102132,POL0502132,Daniel,Rodriguez,daniel.rodriguez2132@example.com,NY,46,Auto,Broker,2016-10-04,1877.86,1928.76,112672.0,True,2,in_force,0
PH0102133,POL0502133,Joseph,Jones,joseph.jones2133@example.com,GA,56,Auto,Direct,2021-03-24,2278.57,2281.6,136714.0,True,2,in_force,0
PH0102134,POL0502134,William,Lee,william.lee2134@example.com,MA,56,Umbrella,Agent,2019-03-19,2614.02,2644.38,156841.0,False,3,in_force,0
PH0102135,POL0502135,Karen,Taylor,karen.taylor2135@example.com,GA,34,Auto,Direct,2020-10-15,3071.25,3095.56,184275.0,True,1,in_force,0
PH0102136,POL0502136,Sandra,Williams,sandra.williams2136@example.com,TX,28,Auto,Broker,2016-04-05,3368.86,3408.69,202132.0,False,3,in_force,1
PH0102137,POL0502137,Margaret,Lopez,margaret.lopez2137@example.com,PA,70,Auto,Direct,2023-10-11,3109.92,3257.21,186595.0,True,2,in_force,0
PH0102138,POL0502138,Elizabeth,Martinez,elizabeth.martinez2138@example.com,WA,56,Auto,Broker,2023-08-04,3601.0,4280.14,216060.0,True,2,in_force,0
PH0102139,POL0502139,Thomas,Williams,thomas.williams2139@example.com,FL,33,Home,Agent,2017-10-22,1661.42,1720.79,99685.0,True,2,in_force,0
PH0102140,POL0502140,Karen,Miller,karen.miller2140@example.com,NY,48,Home,Direct,2020-09-13,3418.75,3502.04,205125.0,True,3,in_force,0
PH0102141,POL0502141,Jessica,Garcia,jessica.garcia2141@example.com,MI,75,Auto,Direct,2018-12-27,2600.08,2661.91,156005.0,True,2,in_force,0
PH0102142,POL0502142,Sandra,Jackson,sandra.jackson2142@example.com,PA,30,Home,Direct,2020-03-08,1578.1,1628.11,94686.0,False,1,in_force,0
PH0102143,POL0502143,Mary,Clark,mary.clark2143@example.com,GA,51,Life,Broker,2017-12-16,2915.06,3005.02,437259.0,True,2,in_force,0
PH0102144,POL0502144,Daniel,Hernandez,daniel.hernandez2144@example.com,CA,36,Auto,Direct,2017-12-16,1445.19,1453.69,86711.0,True,1,in_force,1
PH0102145,POL0502145,Robert,Hernandez,robert.hernandez2145@example.com,PA,55,Home,Agent,2021-04-06,1410.7,1457.74,84642.0,True,3,in_force,0
PH0102146,POL0502146,Jennifer,Martin,jennifer.martin2146@example.com,VA,35,Home,Direct,2021-08-08,2354.99,2363.11,141299.0,True,2,in_force,0
PH0102147,POL0502147,Anthony,Jackson,anthony.jackson2147@example.com,NY,50,Auto,Broker,2016-09-19,3124.47,3279.43,187468.0,True,1,in_force,0
PH0102148,POL0502148,David,Davis,david.davis2148@example.com,IL,70,Auto,Broker,2023-10-30,1848.66,1889.1,110920.0,True,1,in_force,0
PH0102149,POL0502149,Mary,Taylor,mary.taylor2149@example.com,NC,73,Life,Broker,2022-10-29,1802.52,1875.91,270378.0,True,2,in_force,0
PH0102150,POL0502150,Mark,Thomas,mark.thomas2150@example.com,MA,71,Auto,Broker,2021-03-07,776.91,807.79,46615.0,False,3,in_force,0
PH0102151,POL0502151,Lisa,Clark,lisa.clark2151@example.com,IL,55,Home,Broker,2020-01-30,2102.62,2200.43,126157.0,True,2,in_force,0
PH0102152,POL0502152,Sandra,Thompson,sandra.thompson2152@example.com,MA,54,Home,Broker,2016-06-09,2680.68,2707.62,160841.0,True,2,in_force,0
PH0102153,POL0502153,Mary,Jackson,mary.jackson2153@example.com,CA,29,Umbrella,Direct,2017-09-13,3634.89,4086.74,218093.0,False,3,in_force,1
PH0102154,POL0502154,Karen,Harris,karen.harris2154@example.com,PA,76,Auto,Agent,2017-10-24,3075.55,3994.7,184533.0,True,2,in_force,0
PH0102155,POL0502155,Anthony,Perez,anthony.perez2155@example.com,CA,76,Home,Agent,2024-06-03,1019.84,1066.64,61190.0,True,2,in_force,0
PH0102156,POL0502156,David,Martin,david.martin2156@example.com,GA,52,Auto,Broker,2017-12-09,1567.5,1633.31,94050.0,False,1,in_force,0
PH0102157,POL0502157,Richard,Rodriguez,richard.rodriguez2157@example.com,NC,74,Home,Broker,2024-04-05,2340.42,2362.3,140425.0,False,3,in_force,1
PH0102158,POL0502158,Jennifer,Sanchez,jennifer.sanchez2158@example.com,NC,46,Life,Broker,2023-10-20,1339.43,1401.14,200914.0,False,1,in_force,0
PH0102159,POL0502159,William,Sanchez,william.sanchez2159@example.com,MI,46,Auto,Direct,2018-11-15,2466.31,2484.54,147979.0,False,1,in_force,1
PH0102160,POL0502160,Karen,Johnson,karen.johnson2160@example.com,VA,69,Umbrella,Direct,2019-08-12,1556.28,1773.34,93377.0,True,2,in_force,0
PH0102161,POL0502161,James,Clark,james.clark2161@example.com,OH,44,Life,Broker,2023-08-15,1103.5,1145.36,165525.0,False,3,in_force,1
PH0102162,POL0502162,John,Rodriguez,john.rodriguez2162@example.com,MA,54,Home,Broker,2018-11-17,1813.1,1815.81,108786.0,True,3,in_force,0
PH0102163,POL0502163,Mark,Lewis,mark.lewis2163@example.com,TX,62,Auto,Agent,2019-07-15,847.43,851.88,50846.0,True,1,in_force,0
PH0102164,POL0502164,Mary,White,mary.white2164@example.com,NC,58,Life,Direct,2020-07-13,2784.24,2829.81,417636.0,False,1,in_force,1
PH0102165,POL0502165,Elizabeth,Jones,elizabeth.jones2165@example.com,MI,39,Home,Direct,2021-07-17,723.78,729.08,43427.0,True,3,in_force,0
PH0102166,POL0502166,Linda,Taylor,linda.taylor2166@example.com,OH,73,Home,Agent,2018-05-23,3064.1,3205.03,183846.0,True,2,in_force,0
PH0102167,POL0502167,Christopher,Davis,christopher.davis2167@example.com,VA,59,Life,Direct,2024-06-12,3848.29,4025.26,577244.0,False,3,in_force,0
PH0102168,POL0502168,Sarah,Anderson,sarah.anderson2168@example.com,OH,35,Auto,Broker,2022-12-31,1652.38,1658.87,99143.0,False,2,in_force,0
PH0102169,POL0502169,Mary,Thomas,mary.thomas2169@example.com,MA,47,Auto,Direct,2022-09-03,1042.39,1083.84,62543.0,True,2,in_force,0
PH0102170,POL0502170,Richard,Johnson,richard.johnson2170@example.com,IL,68,Umbrella,Agent,2016-10-10,1942.1,1988.85,116526.0,True,2,in_force,0
PH0102171,POL0502171,Mary,Clark,mary.clark2171@example.com,VA,58,Home,Direct,2018-10-06,3690.35,3843.83,221421.0,True,1,in_force,0
PH0102172,POL0502172,Lisa,Johnson,lisa.johnson2172@example.com,NJ,69,Umbrella,Broker,2019-02-20,1320.5,1372.69,79230.0,True,2,in_force,0
PH0102173,POL0502173,Margaret,Smith,margaret.smith2173@example.com,NJ,32,Life,Broker,2022-05-08,2360.52,2401.81,354078.0,False,2,in_force,0
PH0102174,POL0502174,James,Robinson,james.robinson2174@example.com,MI,65,Home,Direct,2021-08-08,3283.87,3390.81,197032.0,False,2,in_force,1
PH0102175,POL0502175,John,Martinez,john.martinez2175@example.com,MA,49,Umbrella,Direct,2018-08-16,1550.65,1611.02,93039.0,False,1,in_force,0
PH0102176,POL0502176,William,Garcia,william.garcia2176@example.com,GA,65,Umbrella,Direct,2018-02-25,1464.19,1529.26,87851.0,True,3,in_force,0
PH0102177,POL0502177,Susan,Taylor,susan.taylor2177@example.com,MI,60,Auto,Agent,2023-04-19,1180.78,1230.89,70847.0,False,1,in_force,0
PH0102178,POL0502178,Linda,Robinson,linda.robinson2178@example.com,GA,28,Life,Broker,2019-10-22,3465.3,3591.48,519795.0,True,1,in_force,0
PH0102179,POL0502179,Mark,Lee,mark.lee2179@example.com,NJ,38,Auto,Agent,2024-02-11,2998.59,3457.58,179915.0,False,2,in_force,1
PH0102180,POL0502180,Betty,Johnson,betty.johnson2180@example.com,FL,34,Auto,Broker,2019-07-09,1417.63,1444.39,85058.0,True,3,in_force,0
PH0102181,POL0502181,Betty,Hernandez,betty.hernandez2181@example.com,VA,48,Auto,Agent,2018-10-11,2558.71,2583.0,153523.0,False,3,in_force,0
PH0102182,POL0502182,James,Harris,james.harris2182@example.com,IL,71,Auto,Direct,2018-11-27,1014.21,1061.47,60853.0,True,1,in_force,0
PH0102183,POL0502183,Barbara,Sanchez,barbara.sanchez2183@example.com,NY,50,Home,Direct,2017-02-19,1444.47,1474.31,86668.0,False,1,in_force,0
PH0102184,POL0502184,Nancy,Miller,nancy.miller2184@example.com,NY,77,Auto,Agent,2019-05-07,1649.23,1697.06,98954.0,True,3,in_force,0
PH0102185,POL0502185,Thomas,Wilson,thomas.wilson2185@example.com,AZ,61,Home,Agent,2021-01-18,660.39,752.23,39623.0,True,3,in_force,1
PH0102186,POL0502186,Nancy,Johnson,nancy.johnson2186@example.com,VA,35,Home,Direct,2019-11-05,2429.53,2545.22,145772.0,True,2,in_force,0
PH0102187,POL0502187,Margaret,Brown,margaret.brown2187@example.com,MA,58,Home,Broker,2019-03-28,905.67,1192.48,54340.0,True,2,in_force,0
PH0102188,POL0502188,Mary,White,mary.white2188@example.com,NY,50,Auto,Direct,2021-01-29,1366.1,1700.3,81966.0,True,1,in_force,0
PH0102189,POL0502189,James,Miller,james.miller2189@example.com,IL,45,Auto,Broker,2023-07-10,1516.75,1556.81,91005.0,True,2,in_force,1
PH0102190,POL0502190,Richard,Rodriguez,richard.rodriguez2190@example.com,VA,41,Auto,Agent,2020-04-11,1436.5,1473.72,86190.0,False,2,in_force,0
PH0102191,POL0502191,David,Gonzalez,david.gonzalez2191@example.com,MI,67,Life,Agent,2019-02-19,3798.7,3963.98,569805.0,True,2,in_force,0
PH0102192,POL0502192,Sandra,Williams,sandra.williams2192@example.com,AZ,67,Life,Agent,2022-05-26,1052.84,1065.89,157926.0,True,3,in_force,0
PH0102193,POL0502193,Christopher,Lopez,christopher.lopez2193@example.com,VA,56,Umbrella,Direct,2023-03-15,3799.65,3959.17,227979.0,False,2,in_force,1
PH0102194,POL0502194,Michael,Thompson,michael.thompson2194@example.com,NC,70,Auto,Agent,2024-06-20,3582.6,4532.45,214956.0,True,1,in_force,1
PH0102195,POL0502195,Sarah,Clark,sarah.clark2195@example.com,FL,29,Auto,Direct,2019-05-22,2077.12,2153.68,124627.0,True,1,in_force,0
PH0102196,POL0502196,Karen,Smith,karen.smith2196@example.com,TX,39,Home,Direct,2022-09-25,3315.28,3417.9,198917.0,False,1,in_force,0
PH0102197,POL0502197,Linda,Moore,linda.moore2197@example.com,AZ,37,Home,Direct,2024-09-01,1367.64,1368.59,82058.0,True,3,in_force,0
PH0102198,POL0502198,Mary,Martinez,mary.martinez2198@example.com,GA,71,Auto,Direct,2020-08-22,1573.36,1644.33,94402.0,True,3,in_force,0
PH0102199,POL0502199,Michael,Lee,michael.lee2199@example.com,NJ,37,Auto,Agent,2016-06-20,3836.22,3988.41,230173.0,False,1,in_force,1
PH0102200,POL0502200,Linda,Sanchez,linda.sanchez2200@example.com,CA,33,Umbrella,Direct,2023-01-03,1505.88,2000.16,90353.0,True,2,in_force,1
PH0102201,POL0502201,Margaret,Williams,margaret.williams2201@example.com,CA,46,Home,Direct,2023-03-11,2072.83,2156.79,124370.0,False,1,in_force,0
PH0102202,POL0502202,James,Perez,james.perez2202@example.com,VA,37,Home,Direct,2019-05-17,797.41,812.96,47845.0,True,2,in_force,1
PH0102203,POL0502203,Betty,Thompson,betty.thompson2203@example.com,NC,68,Auto,Agent,2016-12-26,2853.24,2862.28,171194.0,False,3,in_force,0
PH0102204,POL0502204,Charles,Smith,charles.smith2204@example.com,IL,30,Auto,Direct,2021-09-03,3019.75,3032.9,181185.0,False,1,in_force,0
PH0102205,POL0502205,Matthew,Martinez,matthew.martinez2205@example.com,GA,41,Life,Broker,2016-03-30,2438.5,2478.91,365775.0,True,1,in_force,0
PH0102206,POL0502206,James,Wilson,james.wilson2206@example.com,FL,57,Auto,Agent,2019-06-24,3023.22,3079.15,181393.0,False,3,in_force,0
PH0102207,POL0502207,Thomas,Miller,thomas.miller2207@example.com,FL,60,Umbrella,Agent,2020-05-29,1494.37,1517.65,89662.0,True,2,in_force,0
PH0102208,POL0502208,Barbara,Perez,barbara.perez2208@example.com,NC,50,Auto,Agent,2018-08-25,3384.82,3486.76,203089.0,True,3,in_force,1
PH0102209,POL0502209,Karen,Sanchez,karen.sanchez2209@example.com,MI,45,Auto,Direct,2022-11-12,2745.11,2851.29,164707.0,True,1,in_force,0
PH0102210,POL0502210,William,Ramirez,william.ramirez2210@example.com,NJ,31,Home,Agent,2017-10-02,2693.16,3128.91,161590.0,False,2,in_force,1
PH0102211,POL0502211,David,Smith,david.smith2211@example.com,CA,56,Umbrella,Agent,2020-12-26,3215.03,3316.5,192902.0,True,1,in_force,0
PH0102212,POL0502212,Linda,Harris,linda.harris2212@example.com,TX,56,Auto,Direct,2018-09-16,2973.94,2999.98,178436.0,True,1,in_force,0
PH0102213,POL0502213,Linda,Hernandez,linda.hernandez2213@example.com,CA,68,Home,Agent,2016-07-03,2444.04,2476.71,146642.0,False,3,in_force,1
PH0102214,POL0502214,Elizabeth,Williams,elizabeth.williams2214@example.com,OH,74,Auto,Direct,2018-08-10,3451.05,3563.2,207063.0,False,2,in_force,1
PH0102215,POL0502215,Anthony,Sanchez,anthony.sanchez2215@example.com,IL,75,Home,Agent,2023-04-16,3178.91,3316.79,190735.0,True,3,in_force,0
PH0102216,POL0502216,Christopher,Robinson,christopher.robinson2216@example.com,CA,37,Auto,Agent,2022-10-31,3787.01,4329.99,227221.0,False,1,in_force,1
PH0102217,POL0502217,Margaret,Wilson,margaret.wilson2217@example.com,MA,41,Life,Direct,2018-10-30,3016.35,3051.68,452452.0,True,1,in_force,0
PH0102218,POL0502218,John,Davis,john.davis2218@example.com,GA,69,Life,Direct,2016-12-15,2839.22,2948.97,425883.0,True,1,in_force,0
PH0102219,POL0502219,Matthew,Jones,matthew.jones2219@example.com,GA,31,Life,Direct,2019-07-02,1415.01,1448.75,212252.0,False,1,in_force,1
PH0102220,POL0502220,Anthony,Ramirez,anthony.ramirez2220@example.com,FL,46,Auto,Broker,2024-07-08,1129.32,1335.65,67759.0,True,1,in_force,1
PH0102221,POL0502221,Daniel,Brown,daniel.brown2221@example.com,NJ,44,Life,Agent,2017-03-11,2290.0,2310.67,343500.0,False,2,in_force,0
PH0102222,POL0502222,Michael,Lopez,michael.lopez2222@example.com,WA,42,Auto,Agent,2021-07-22,963.9,966.46,57834.0,True,1,in_force,1
PH0102223,POL0502223,Robert,Davis,robert.davis2223@example.com,TX,31,Home,Direct,2017-12-26,2851.58,2922.47,171095.0,True,3,in_force,1
PH0102224,POL0502224,Anthony,Wilson,anthony.wilson2224@example.com,GA,33,Life,Direct,2021-11-22,3297.71,3451.02,494656.0,False,1,in_force,0
PH0102225,POL0502225,Matthew,Gonzalez,matthew.gonzalez2225@example.com,NY,30,Home,Direct,2016-06-07,2348.06,2372.46,140884.0,True,3,in_force,0
PH0102226,POL0502226,Jessica,Taylor,jessica.taylor2226@example.com,GA,76,Auto,Direct,2018-04-17,3414.01,3445.61,204841.0,True,2,in_force,0
PH0102227,POL0502227,Lisa,Gonzalez,lisa.gonzalez2227@example.com,FL,52,Umbrella,Direct,2023-03-17,2333.04,2371.34,139982.0,False,1,in_force,0
PH0102228,POL0502228,Mary,Moore,mary.moore2228@example.com,GA,64,Life,Broker,2017-06-27,2376.99,2404.6,356548.0,False,2,in_force,0
PH0102229,POL0502229,Matthew,Taylor,matthew.taylor2229@example.com,MI,31,Auto,Broker,2017-02-04,1665.61,2064.84,99937.0,True,3,in_force,0
PH0102230,POL0502230,Mark,Robinson,mark.robinson2230@example.com,NC,29,Home,Agent,2017-08-15,2824.18,2878.96,169451.0,True,3,in_force,0
PH0102231,POL0502231,Elizabeth,Robinson,elizabeth.robinson2231@example.com,NY,62,Home,Agent,2021-12-10,3063.24,4095.04,183794.0,False,3,in_force,1
PH0102232,POL0502232,William,Martinez,william.martinez2232@example.com,GA,37,Umbrella,Direct,2016-07-15,1076.91,1124.0,64615.0,False,1,in_force,0
PH0102233,POL0502233,Richard,Gonzalez,richard.gonzalez2233@example.com,NJ,30,Home,Agent,2016-08-02,693.92,702.59,41635.0,False,2,in_force,0
PH0102234,POL0502234,Jennifer,Rodriguez,jennifer.rodriguez2234@example.com,IL,69,Home,Agent,2023-11-23,2676.79,3434.26,160607.0,False,1,in_force,1
PH0102235,POL0502235,Mary,Martin,mary.martin2235@example.com,NJ,65,Home,Direct,2016-03-28,2490.97,2505.13,149458.0,True,1,in_force,0
PH0102236,POL0502236,David,Martinez,david.martinez2236@example.com,MI,31,Auto,Agent,2021-07-20,1365.43,1394.37,81926.0,False,1,in_force,0
PH0102237,POL0502237,Anthony,Jackson,anthony.jackson2237@example.com,GA,69,Home,Direct,2016-08-08,3030.63,3146.04,181838.0,True,1,in_force,0
PH0102238,POL0502238,David,Lewis,david.lewis2238@example.com,TX,44,Umbrella,Agent,2023-06-27,1177.96,1223.59,70678.0,True,3,in_force,1
PH0102239,POL0502239,Barbara,Moore,barbara.moore2239@example.com,OH,39,Auto,Agent,2023-10-23,3653.92,3742.68,219235.0,True,1,in_force,0
PH0102240,POL0502240,John,Thompson,john.thompson2240@example.com,NJ,44,Auto,Broker,2017-03-22,873.94,911.72,52436.0,True,1,in_force,0
PH0102241,POL0502241,Robert,Jones,robert.jones2241@example.com,MI,60,Auto,Direct,2018-04-07,1135.31,1327.62,68119.0,False,1,in_force,1
PH0102242,POL0502242,Lisa,Davis,lisa.davis2242@example.com,TX,52,Auto,Agent,2016-06-11,2163.11,2267.98,129787.0,False,3,in_force,0
PH0102243,POL0502243,Matthew,Lewis,matthew.lewis2243@example.com,IL,74,Auto,Agent,2020-05-24,1076.56,1129.97,64594.0,False,3,in_force,1
PH0102244,POL0502244,William,Gonzalez,william.gonzalez2244@example.com,WA,53,Auto,Direct,2021-04-17,2841.63,2948.82,170498.0,True,1,in_force,0
PH0102245,POL0502245,David,Moore,david.moore2245@example.com,NC,49,Life,Agent,2022-09-26,1888.36,2214.8,283254.0,False,2,in_force,1
PH0102246,POL0502246,Charles,Martin,charles.martin2246@example.com,CA,39,Umbrella,Broker,2016-01-04,2137.82,2194.81,128269.0,False,1,in_force,0
PH0102247,POL0502247,Barbara,Jones,barbara.jones2247@example.com,MI,59,Home,Direct,2022-06-26,1399.03,1448.37,83942.0,True,3,in_force,0
PH0102248,POL0502248,Matthew,Moore,matthew.moore2248@example.com,NC,44,Auto,Agent,2024-08-22,1622.26,1878.6,97336.0,True,1,in_force,1
PH0102249,POL0502249,Patricia,Garcia,patricia.garcia2249@example.com,TX,56,Auto,Broker,2022-03-26,3731.09,3896.06,223865.0,True,3,in_force,0
PH0102250,POL0502250,David,Hernandez,david.hernandez2250@example.com,IL,30,Home,Direct,2016-12-13,700.68,732.64,42041.0,True,2,in_force,0
PH0102251,POL0502251,Mark,Jackson,mark.jackson2251@example.com,MA,65,Life,Agent,2023-05-26,2850.95,2991.92,427642.0,True,2,in_force,0
PH0102252,POL0502252,Charles,Clark,charles.clark2252@example.com,MA,37,Auto,Direct,2021-01-08,736.37,762.23,44182.0,True,3,in_force,0
PH0102253,POL0502253,Susan,Johnson,susan.johnson2253@example.com,PA,74,Auto,Direct,2019-05-01,1120.84,1291.46,67250.0,False,2,in_force,0
PH0102254,POL0502254,Betty,Thompson,betty.thompson2254@example.com,TX,39,Auto,Broker,2022-01-15,2699.39,2830.05,161963.0,True,3,in_force,0
PH0102255,POL0502255,Jennifer,Rodriguez,jennifer.rodriguez2255@example.com,AZ,73,Life,Direct,2022-07-16,2127.02,2190.86,319053.0,True,3,in_force,0
PH0102256,POL0502256,Sandra,Gonzalez,sandra.gonzalez2256@example.com,NC,45,Auto,Agent,2021-11-02,1860.97,2272.68,111658.0,False,2,in_force,0
PH0102257,POL0502257,Elizabeth,Anderson,elizabeth.anderson2257@example.com,WA,58,Auto,Broker,2016-02-01,3676.56,3702.02,220594.0,True,3,in_force,1
PH0102258,POL0502258,Anthony,Martin,anthony.martin2258@example.com,MA,51,Auto,Agent,2017-07-19,1736.54,2050.96,104192.0,True,1,in_force,0
PH0102259,POL0502259,Lisa,Gonzalez,lisa.gonzalez2259@example.com,NJ,52,Home,Agent,2024-07-26,1844.88,1898.26,110693.0,True,3,in_force,1
PH0102260,POL0502260,Linda,Moore,linda.moore2260@example.com,NY,42,Home,Direct,2020-03-27,1561.7,1598.11,93702.0,True,1,in_force,0
PH0102261,POL0502261,John,Thomas,john.thomas2261@example.com,MA,62,Auto,Direct,2017-10-07,1868.75,2445.2,112125.0,False,2,in_force,0
PH0102262,POL0502262,Susan,Martin,susan.martin2262@example.com,WA,65,Home,Direct,2019-06-02,3194.36,3211.24,191662.0,True,2,in_force,0
PH0102263,POL0502263,Sarah,Ramirez,sarah.ramirez2263@example.com,TX,49,Home,Broker,2023-02-06,2499.97,2558.57,149998.0,True,1,in_force,0
PH0102264,POL0502264,Patricia,Williams,patricia.williams2264@example.com,WA,59,Home,Agent,2019-07-18,3279.6,3325.41,196776.0,True,1,in_force,0
PH0102265,POL0502265,Karen,Clark,karen.clark2265@example.com,NC,41,Umbrella,Direct,2023-07-29,3044.31,3098.62,182659.0,True,2,in_force,0
PH0102266,POL0502266,Jennifer,Jones,jennifer.jones2266@example.com,FL,36,Auto,Agent,2024-04-15,3111.64,3165.54,186698.0,False,2,in_force,1
PH0102267,POL0502267,Elizabeth,Rodriguez,elizabeth.rodriguez2267@example.com,FL,68,Auto,Direct,2016-08-18,2756.52,3645.13,165391.0,False,1,in_force,0
PH0102268,POL0502268,Sandra,Moore,sandra.moore2268@example.com,GA,39,Home,Agent,2016-10-04,1547.86,1580.19,92872.0,False,3,in_force,0
PH0102269,POL0502269,Betty,Thompson,betty.thompson2269@example.com,MA,70,Auto,Broker,2022-04-04,2603.92,2962.55,156235.0,True,1,in_force,0
PH0102270,POL0502270,Susan,Perez,susan.perez2270@example.com,OH,50,Umbrella,Agent,2022-02-13,3311.44,3378.95,198686.0,True,1,in_force,0
PH0102271,POL0502271,Mary,Moore,mary.moore2271@example.com,OH,32,Auto,Agent,2023-09-06,971.52,1005.97,58291.0,True,3,in_force,1
PH0102272,POL0502272,Karen,Jackson,karen.jackson2272@example.com,PA,59,Home,Direct,2022-03-05,2344.93,2763.6,140696.0,True,3,in_force,0
PH0102273,POL0502273,Richard,Wilson,richard.wilson2273@example.com,AZ,52,Umbrella,Direct,2016-12-31,1924.98,2228.08,115499.0,False,3,in_force,0
PH0102274,POL0502274,Patricia,Robinson,patricia.robinson2274@example.com,NJ,65,Umbrella,Broker,2021-06-02,912.75,918.89,54765.0,True,2,in_force,0
PH0102275,POL0502275,Sarah,Anderson,sarah.anderson2275@example.com,FL,52,Home,Agent,2023-07-02,3442.52,3455.55,206551.0,True,1,in_force,0
PH0102276,POL0502276,Karen,Smith,karen.smith2276@example.com,PA,49,Life,Agent,2023-01-10,1912.9,1993.01,286935.0,True,1,in_force,0
PH0102277,POL0502277,Joseph,Lewis,joseph.lewis2277@example.com,OH,50,Home,Agent,2020-08-10,1244.45,1533.58,74667.0,False,3,in_force,1
PH0102278,POL0502278,Daniel,White,daniel.white2278@example.com,OH,55,Umbrella,Direct,2016-12-17,2485.67,2853.92,149140.0,True,3,in_force,0
PH0102279,POL0502279,Linda,Garcia,linda.garcia2279@example.com,WA,32,Auto,Broker,2017-04-13,1195.48,1239.47,71729.0,False,1,in_force,0
PH0102280,POL0502280,Sarah,Wilson,sarah.wilson2280@example.com,TX,56,Auto,Direct,2021-10-03,2232.16,2667.05,133930.0,False,3,in_force,0
PH0102281,POL0502281,Susan,Lopez,susan.lopez2281@example.com,MI,77,Life,Agent,2020-03-12,1660.97,2126.21,249146.0,False,2,in_force,1
PH0102282,POL0502282,Jennifer,Martin,jennifer.martin2282@example.com,CA,72,Auto,Broker,2018-12-08,3036.85,3130.28,182211.0,False,1,in_force,0
PH0102283,POL0502283,John,White,john.white2283@example.com,GA,37,Auto,Agent,2016-12-17,2186.39,2233.52,131183.0,True,2,in_force,0
PH0102284,POL0502284,Anthony,Williams,anthony.williams2284@example.com,WA,49,Auto,Agent,2018-10-12,2911.77,2936.16,174706.0,True,1,in_force,0
PH0102285,POL0502285,Mark,Anderson,mark.anderson2285@example.com,VA,30,Home,Direct,2022-10-19,3155.4,3704.72,189324.0,False,3,in_force,1
PH0102286,POL0502286,Thomas,Taylor,thomas.taylor2286@example.com,MI,37,Umbrella,Agent,2023-02-07,2069.92,2162.24,124195.0,False,2,in_force,0
PH0102287,POL0502287,Jessica,Ramirez,jessica.ramirez2287@example.com,GA,59,Home,Direct,2019-09-16,3077.38,3191.96,184643.0,False,3,in_force,1
PH0102288,POL0502288,Anthony,Jackson,anthony.jackson2288@example.com,AZ,39,Auto,Agent,2018-09-04,1867.27,1873.36,112036.0,False,3,in_force,1
PH0102289,POL0502289,Christopher,Sanchez,christopher.sanchez2289@example.com,PA,59,Auto,Direct,2018-03-25,728.31,741.15,43699.0,True,3,in_force,0
PH0102290,POL0502290,Michael,Jones,michael.jones2290@example.com,NY,39,Home,Direct,2019-02-03,1352.04,1380.33,81122.0,True,3,in_force,0
PH0102291,POL0502291,Susan,Hernandez,susan.hernandez2291@example.com,OH,46,Auto,Agent,2019-12-26,3177.15,3202.94,190629.0,True,1,in_force,0
PH0102292,POL0502292,Sarah,White,sarah.white2292@example.com,NY,74,Home,Agent,2016-03-10,2873.23,3012.05,172394.0,True,2,in_force,0
PH0102293,POL0502293,Nancy,Miller,nancy.miller2293@example.com,NC,55,Auto,Broker,2023-06-25,2997.71,3899.19,179863.0,True,1,in_force,1
PH0102294,POL0502294,Betty,Brown,betty.brown2294@example.com,NC,61,Life,Broker,2019-05-21,3310.6,3870.81,496590.0,True,3,in_force,0
PH0102295,POL0502295,Patricia,Ramirez,patricia.ramirez2295@example.com,NC,39,Life,Agent,2021-12-29,1443.21,1466.48,216482.0,True,2,in_force,0
PH0102296,POL0502296,William,White,william.white2296@example.com,PA,40,Umbrella,Broker,2018-12-05,3205.68,3257.75,192341.0,True,2,in_force,0
PH0102297,POL0502297,Matthew,Smith,matthew.smith2297@example.com,TX,33,Life,Direct,2017-07-11,1079.44,1118.43,161916.0,True,2,in_force,0
PH0102298,POL0502298,Matthew,Robinson,matthew.robinson2298@example.com,GA,73,Auto,Direct,2020-02-13,1405.22,1465.65,84313.0,True,2,in_force,0
PH0102299,POL0502299,Mary,Johnson,mary.johnson2299@example.com,MI,59,Umbrella,Direct,2019-06-10,654.65,684.69,39279.0,True,2,in_force,0
PH0102300,POL0502300,Elizabeth,Taylor,elizabeth.taylor2300@example.com,MI,53,Home,Agent,2019-10-04,2416.65,2461.23,144999.0,False,3,in_force,1
PH0102301,POL0502301,Lisa,Thompson,lisa.thompson2301@example.com,MA,64,Home,Direct,2021-03-27,1829.4,1899.2,109764.0,True,2,in_force,0
PH0102302,POL0502302,Joseph,Anderson,joseph.anderson2302@example.com,VA,60,Home,Direct,2021-04-28,1003.23,1051.4,60194.0,True,1,in_force,1
PH0102303,POL0502303,Lisa,Ramirez,lisa.ramirez2303@example.com,AZ,71,Home,Direct,2020-01-28,2357.24,2452.55,141434.0,True,3,in_force,0
PH0102304,POL0502304,Elizabeth,Moore,elizabeth.moore2304@example.com,WA,53,Auto,Broker,2024-03-11,3373.54,3530.15,202412.0,True,3,in_force,1
PH0102305,POL0502305,Christopher,Thomas,christopher.thomas2305@example.com,NJ,31,Auto,Agent,2017-05-24,3483.13,3486.71,208988.0,True,2,in_force,0
PH0102306,POL0502306,Elizabeth,Harris,elizabeth.harris2306@example.com,MI,61,Auto,Direct,2016-06-17,1894.66,1912.43,113680.0,True,3,in_force,0
PH0102307,POL0502307,Betty,Miller,betty.miller2307@example.com,TX,72,Auto,Agent,2017-09-29,2948.97,2966.3,176938.0,False,1,in_force,0
PH0102308,POL0502308,Sandra,Smith,sandra.smith2308@example.com,VA,54,Home,Direct,2020-04-28,2764.57,2792.21,165874.0,True,1,in_force,0
PH0102309,POL0502309,Charles,Hernandez,charles.hernandez2309@example.com,AZ,41,Home,Direct,2021-06-18,2959.31,3847.74,177559.0,True,1,in_force,1
PH0102310,POL0502310,Mary,Ramirez,mary.ramirez2310@example.com,TX,59,Life,Direct,2018-07-27,1684.51,1714.32,252676.0,True,3,in_force,0
PH0102311,POL0502311,Sandra,Lewis,sandra.lewis2311@example.com,GA,71,Umbrella,Agent,2020-03-23,1612.77,1646.58,96766.0,True,1,in_force,0
PH0102312,POL0502312,Thomas,Jackson,thomas.jackson2312@example.com,IL,53,Home,Direct,2018-12-25,1130.27,1142.41,67816.0,True,3,in_force,0
PH0102313,POL0502313,Jessica,Miller,jessica.miller2313@example.com,PA,40,Life,Direct,2019-06-13,2595.23,2598.5,389284.0,False,1,in_force,1
PH0102314,POL0502314,Richard,Gonzalez,richard.gonzalez2314@example.com,MA,36,Auto,Direct,2020-03-08,1835.45,1885.38,110127.0,True,1,in_force,1
PH0102315,POL0502315,James,Jackson,james.jackson2315@example.com,GA,43,Home,Agent,2024-07-30,3504.43,3595.79,210266.0,True,3,in_force,0
PH0102316,POL0502316,Jennifer,Davis,jennifer.davis2316@example.com,FL,43,Auto,Agent,2020-03-01,1438.48,1489.57,86309.0,True,3,in_force,0
PH0102317,POL0502317,Daniel,Hernandez,daniel.hernandez2317@example.com,NJ,45,Auto,Agent,2024-07-03,3846.19,4028.34,230771.0,False,1,in_force,1
PH0102318,POL0502318,Betty,Anderson,betty.anderson2318@example.com,FL,63,Auto,Agent,2020-05-03,894.93,897.3,53696.0,True,1,in_force,0
PH0102319,POL0502319,Richard,Thompson,richard.thompson2319@example.com,TX,72,Life,Agent,2022-11-17,3403.67,3504.25,510550.0,False,2,in_force,1
PH0102320,POL0502320,Sandra,Thompson,sandra.thompson2320@example.com,TX,70,Auto,Broker,2020-02-15,2295.42,2334.43,137725.0,True,3,in_force,0
PH0102321,POL0502321,Daniel,Gonzalez,daniel.gonzalez2321@example.com,MI,48,Auto,Agent,2019-04-04,1264.45,1326.0,75867.0,False,2,in_force,1
PH0102322,POL0502322,Thomas,Harris,thomas.harris2322@example.com,GA,62,Auto,Agent,2022-11-20,791.57,827.28,47494.0,False,2,in_force,0
PH0102323,POL0502323,Charles,Gonzalez,charles.gonzalez2323@example.com,AZ,72,Auto,Broker,2018-01-23,1111.48,1120.4,66689.0,True,3,in_force,0
PH0102324,POL0502324,Michael,Anderson,michael.anderson2324@example.com,OH,38,Umbrella,Agent,2017-05-01,2967.66,3021.03,178060.0,True,2,in_force,0
PH0102325,POL0502325,Matthew,Rodriguez,matthew.rodriguez2325@example.com,IL,72,Life,Direct,2016-09-05,1301.99,1338.49,195298.0,True,2,in_force,0
PH0102326,POL0502326,Sandra,Lewis,sandra.lewis2326@example.com,CA,45,Auto,Broker,2022-06-29,2211.96,2226.96,132718.0,False,1,in_force,1
PH0102327,POL0502327,Susan,Robinson,susan.robinson2327@example.com,AZ,41,Auto,Direct,2021-01-25,2323.69,2327.84,139421.0,False,2,in_force,1
PH0102328,POL0502328,Patricia,Smith,patricia.smith2328@example.com,MA,41,Home,Direct,2020-07-12,3263.93,3788.0,195836.0,False,3,in_force,0
PH0102329,POL0502329,Betty,Jackson,betty.jackson2329@example.com,NC,41,Auto,Direct,2017-03-17,3382.82,3393.08,202969.0,False,1,in_force,0
PH0102330,POL0502330,David,Garcia,david.garcia2330@example.com,AZ,49,Auto,Broker,2016-02-04,1541.71,1613.53,92503.0,False,3,in_force,0
PH0102331,POL0502331,Betty,Williams,betty.williams2331@example.com,MA,37,Auto,Agent,2019-01-10,916.92,918.65,55015.0,True,3,in_force,0
PH0102332,POL0502332,Robert,Rodriguez,robert.rodriguez2332@example.com,PA,41,Life,Direct,2018-01-15,3040.53,3041.17,456080.0,True,2,in_force,0
PH0102333,POL0502333,Elizabeth,Jones,elizabeth.jones2333@example.com,MI,53,Auto,Broker,2024-05-09,1203.24,1263.35,72194.0,True,1,in_force,0
PH0102334,POL0502334,Thomas,Ramirez,thomas.ramirez2334@example.com,NC,64,Auto,Broker,2021-07-03,3576.23,3645.84,214574.0,True,2,in_force,1
PH0102335,POL0502335,Susan,Perez,susan.perez2335@example.com,MA,47,Auto,Direct,2023-06-18,1077.84,1094.79,64670.0,True,1,in_force,1
PH0102336,POL0502336,Mary,Sanchez,mary.sanchez2336@example.com,CA,45,Auto,Direct,2021-08-14,1802.15,2064.88,108129.0,True,2,in_force,0
PH0102337,POL0502337,Daniel,Thompson,daniel.thompson2337@example.com,IL,55,Home,Broker,2019-06-14,1348.26,1403.12,80896.0,True,1,in_force,1
PH0102338,POL0502338,Elizabeth,Harris,elizabeth.harris2338@example.com,FL,38,Home,Direct,2017-03-29,3027.3,3047.86,181638.0,False,3,in_force,0
PH0102339,POL0502339,William,Martin,william.martin2339@example.com,CA,31,Umbrella,Direct,2019-10-01,970.77,997.98,58246.0,True,1,in_force,0
PH0102340,POL0502340,William,Martin,william.martin2340@example.com,NJ,33,Home,Broker,2022-01-08,1970.76,2015.82,118246.0,False,1,in_force,0
PH0102341,POL0502341,William,Robinson,william.robinson2341@example.com,MI,50,Life,Direct,2022-06-11,2475.64,2918.68,371346.0,True,2,in_force,1
PH0102342,POL0502342,Elizabeth,Clark,elizabeth.clark2342@example.com,AZ,62,Umbrella,Agent,2017-05-09,968.41,982.66,58105.0,False,3,in_force,0
PH0102343,POL0502343,Patricia,Thomas,patricia.thomas2343@example.com,NY,58,Home,Agent,2016-02-29,1849.65,1920.31,110979.0,True,1,in_force,0
PH0102344,POL0502344,John,Hernandez,john.hernandez2344@example.com,NY,65,Umbrella,Direct,2019-02-04,696.29,698.97,41777.0,False,2,in_force,0
PH0102345,POL0502345,William,Thompson,william.thompson2345@example.com,NC,45,Life,Direct,2022-09-07,1474.92,1491.13,221238.0,True,1,in_force,1
PH0102346,POL0502346,James,Robinson,james.robinson2346@example.com,IL,28,Umbrella,Agent,2021-05-17,784.12,786.54,47047.0,False,3,in_force,0
PH0102347,POL0502347,Karen,Clark,karen.clark2347@example.com,WA,75,Life,Agent,2018-02-20,2474.11,3013.18,371116.0,True,3,in_force,1
PH0102348,POL0502348,Sarah,Lewis,sarah.lewis2348@example.com,NC,35,Auto,Broker,2024-08-13,1827.44,1901.26,109646.0,True,1,in_force,1
PH0102349,POL0502349,Susan,Thompson,susan.thompson2349@example.com,NJ,73,Umbrella,Agent,2016-03-01,2774.04,2890.39,166442.0,True,3,in_force,0
PH0102350,POL0502350,Lisa,Jackson,lisa.jackson2350@example.com,PA,35,Home,Broker,2024-02-11,1601.99,1639.69,96119.0,True,1,in_force,0
PH0102351,POL0502351,Margaret,Martinez,margaret.martinez2351@example.com,CA,74,Auto,Direct,2024-09-02,2080.98,2138.89,124859.0,False,1,in_force,1
PH0102352,POL0502352,Patricia,Thomas,patricia.thomas2352@example.com,NJ,37,Life,Direct,2019-12-16,1077.34,1091.26,161601.0,True,3,in_force,1
PH0102353,POL0502353,Elizabeth,Anderson,elizabeth.anderson2353@example.com,CA,73,Home,Broker,2017-11-02,3093.73,3118.96,185624.0,True,3,in_force,0
PH0102354,POL0502354,William,Harris,william.harris2354@example.com,MA,50,Umbrella,Agent,2017-10-03,2570.87,2632.9,154252.0,True,2,in_force,1
PH0102355,POL0502355,Elizabeth,Lopez,elizabeth.lopez2355@example.com,NC,48,Umbrella,Direct,2019-07-11,1085.37,1102.81,65122.0,False,3,in_force,0
PH0102356,POL0502356,Karen,Taylor,karen.taylor2356@example.com,NJ,72,Life,Broker,2023-08-28,2083.38,2121.51,312507.0,False,1,in_force,0
PH0102357,POL0502357,Susan,White,susan.white2357@example.com,NY,37,Auto,Agent,2018-04-24,2654.52,2735.27,159271.0,False,2,in_force,0
PH0102358,POL0502358,Mary,Davis,mary.davis2358@example.com,NJ,29,Home,Broker,2018-05-20,1428.69,1459.23,85721.0,False,1,in_force,0
PH0102359,POL0502359,Charles,Rodriguez,charles.rodriguez2359@example.com,NJ,75,Life,Broker,2023-10-07,1475.6,1965.62,221340.0,True,2,in_force,1
PH0102360,POL0502360,William,Lee,william.lee2360@example.com,IL,39,Auto,Agent,2018-12-01,3181.47,3270.57,190888.0,False,1,in_force,0
PH0102361,POL0502361,Susan,Smith,susan.smith2361@example.com,NJ,58,Auto,Agent,2016-11-03,2212.36,2254.77,132742.0,False,1,in_force,0
PH0102362,POL0502362,Richard,Harris,richard.harris2362@example.com,CA,55,Auto,Agent,2016-08-05,2926.91,2978.83,175615.0,True,1,in_force,0
PH0102363,POL0502363,John,Davis,john.davis2363@example.com,MA,44,Auto,Direct,2016-11-19,3285.65,3979.77,197139.0,True,1,in_force,1
PH0102364,POL0502364,Karen,Ramirez,karen.ramirez2364@example.com,NY,33,Auto,Broker,2022-12-12,2466.36,2507.1,147982.0,True,3,in_force,0
PH0102365,POL0502365,Anthony,Martin,anthony.martin2365@example.com,TX,30,Auto,Direct,2021-09-22,2927.9,3029.66,175674.0,False,2,in_force,0
PH0102366,POL0502366,Elizabeth,Anderson,elizabeth.anderson2366@example.com,CA,60,Auto,Direct,2023-05-05,1536.9,1556.52,92214.0,False,1,in_force,0
PH0102367,POL0502367,Robert,Lopez,robert.lopez2367@example.com,OH,58,Auto,Agent,2017-07-02,2451.1,2460.4,147066.0,False,1,in_force,0
PH0102368,POL0502368,John,Martinez,john.martinez2368@example.com,WA,55,Auto,Agent,2017-12-08,3370.02,4515.7,202201.0,True,3,in_force,1
PH0102369,POL0502369,Christopher,Wilson,christopher.wilson2369@example.com,PA,75,Auto,Agent,2017-03-13,2115.13,2132.06,126908.0,True,2,in_force,0
PH0102370,POL0502370,Anthony,Clark,anthony.clark2370@example.com,IL,72,Umbrella,Broker,2018-03-02,3798.02,3971.38,227881.0,True,2,in_force,0
PH0102371,POL0502371,Anthony,Clark,anthony.clark2371@example.com,MA,61,Auto,Agent,2022-01-06,2329.31,2340.52,139759.0,False,1,in_force,0
PH0102372,POL0502372,Matthew,Perez,matthew.perez2372@example.com,CA,48,Umbrella,Direct,2023-06-21,3595.8,3692.06,215748.0,True,3,in_force,0
PH0102373,POL0502373,David,Jones,david.jones2373@example.com,IL,42,Home,Broker,2023-10-06,1950.12,1989.75,117007.0,False,1,in_force,1
PH0102374,POL0502374,Charles,Gonzalez,charles.gonzalez2374@example.com,OH,29,Umbrella,Agent,2021-06-13,1213.25,1226.27,72795.0,False,2,in_force,0
PH0102375,POL0502375,Barbara,Anderson,barbara.anderson2375@example.com,TX,37,Home,Broker,2017-04-19,1225.63,1280.59,73538.0,True,3,in_force,0
PH0102376,POL0502376,John,Perez,john.perez2376@example.com,AZ,75,Home,Agent,2018-07-28,3597.71,3614.79,215863.0,True,1,in_force,0
PH0102377,POL0502377,Betty,Jones,betty.jones2377@example.com,TX,36,Auto,Broker,2024-05-24,3221.43,3224.89,193286.0,False,3,in_force,1
PH0102378,POL0502378,Matthew,Rodriguez,matthew.rodriguez2378@example.com,MI,32,Auto,Broker,2023-12-25,1770.48,1814.42,106229.0,False,1,in_force,1
PH0102379,POL0502379,Lisa,Martin,lisa.martin2379@example.com,AZ,48,Home,Agent,2017-08-03,2195.98,2247.62,131759.0,False,2,in_force,0
PH0102380,POL0502380,Daniel,White,daniel.white2380@example.com,WA,58,Auto,Agent,2017-07-28,3119.69,3221.43,187181.0,True,2,in_force,0
PH0102381,POL0502381,Linda,Smith,linda.smith2381@example.com,AZ,30,Auto,Agent,2019-05-28,3478.48,3648.66,208709.0,True,2,in_force,0
PH0102382,POL0502382,William,Moore,william.moore2382@example.com,WA,33,Home,Broker,2022-01-16,1178.92,1195.47,70735.0,True,1,in_force,0
PH0102383,POL0502383,John,Taylor,john.taylor2383@example.com,MI,40,Home,Direct,2024-01-10,2877.83,2905.6,172670.0,True,2,in_force,0
PH0102384,POL0502384,Nancy,Williams,nancy.williams2384@example.com,NC,32,Home,Direct,2022-04-18,1811.88,2119.87,108713.0,True,3,in_force,0
PH0102385,POL0502385,Nancy,Gonzalez,nancy.gonzalez2385@example.com,CA,43,Home,Direct,2023-04-15,2536.03,2658.3,152162.0,True,2,in_force,0
PH0102386,POL0502386,William,Ramirez,william.ramirez2386@example.com,MA,32,Auto,Agent,2018-11-27,3057.61,3080.22,183457.0,False,3,in_force,1
PH0102387,POL0502387,Linda,Miller,linda.miller2387@example.com,VA,40,Home,Agent,2023-04-26,1762.92,2322.0,105775.0,False,1,in_force,1
PH0102388,POL0502388,Michael,Johnson,michael.johnson2388@example.com,MI,69,Home,Direct,2016-09-15,3227.37,3329.08,193642.0,True,2,in_force,0
PH0102389,POL0502389,Margaret,Harris,margaret.harris2389@example.com,AZ,60,Life,Direct,2017-09-19,1952.44,2023.93,292866.0,True,3,in_force,0
PH0102390,POL0502390,Susan,Moore,susan.moore2390@example.com,GA,64,Home,Direct,2016-07-29,1557.86,1570.21,93472.0,True,2,in_force,0
PH0102391,POL0502391,Charles,Moore,charles.moore2391@example.com,CA,33,Home,Broker,2019-05-18,2380.82,2482.0,142849.0,True,2,in_force,0
PH0102392,POL0502392,Richard,Lopez,richard.lopez2392@example.com,NC,70,Life,Agent,2019-01-03,2328.78,2436.59,349317.0,True,1,in_force,1
PH0102393,POL0502393,Patricia,Thomas,patricia.thomas2393@example.com,PA,48,Auto,Direct,2020-12-05,2061.81,2075.21,123709.0,False,2,in_force,0
PH0102394,POL0502394,Sandra,Taylor,sandra.taylor2394@example.com,MI,70,Home,Agent,2021-05-05,1356.4,1398.17,81384.0,False,1,in_force,0
PH0102395,POL0502395,Lisa,Williams,lisa.williams2395@example.com,WA,58,Home,Broker,2024-02-18,2888.84,2949.85,173330.0,True,3,in_force,1
PH0102396,POL0502396,Michael,Lewis,michael.lewis2396@example.com,FL,41,Auto,Broker,2016-12-09,2898.64,3021.57,173918.0,True,2,in_force,0
PH0102397,POL0502397,Betty,Thompson,betty.thompson2397@example.com,GA,74,Auto,Direct,2018-11-15,3565.01,3687.77,213901.0,True,1,in_force,0
PH0102398,POL0502398,Betty,White,betty.white2398@example.com,MA,34,Home,Agent,2024-09-07,2537.8,2631.71,152268.0,True,1,in_force,1
PH0102399,POL0502399,William,Rodriguez,william.rodriguez2399@example.com,GA,42,Auto,Direct,2021-03-26,2124.72,2198.27,127483.0,False,1,in_force,0
PH0102400,POL0502400,Lisa,Anderson,lisa.anderson2400@example.com,MI,40,Auto,Direct,2017-05-22,2377.77,2392.99,142666.0,True,2,in_force,0
PH0102401,POL0502401,William,Lopez,william.lopez2401@example.com,PA,76,Umbrella,Agent,2017-10-16,2054.59,2115.37,123275.0,True,3,in_force,0
PH0102402,POL0502402,David,Clark,david.clark2402@example.com,VA,49,Life,Broker,2022-01-22,918.14,927.08,137721.0,True,3,in_force,0
PH0102403,POL0502403,Mary,Gonzalez,mary.gonzalez2403@example.com,NY,36,Home,Broker,2021-09-02,1676.1,1697.89,100566.0,False,2,in_force,0
PH0102404,POL0502404,Jessica,White,jessica.white2404@example.com,NJ,62,Auto,Agent,2022-09-20,3252.12,3399.26,195127.0,True,1,in_force,1
PH0102405,POL0502405,Barbara,Martinez,barbara.martinez2405@example.com,NJ,52,Auto,Direct,2021-03-23,3416.39,3465.58,204983.0,False,1,in_force,0
PH0102406,POL0502406,Charles,Hernandez,charles.hernandez2406@example.com,PA,58,Home,Agent,2019-03-20,741.04,762.17,44462.0,True,2,in_force,0
PH0102407,POL0502407,Sarah,Ramirez,sarah.ramirez2407@example.com,PA,30,Umbrella,Direct,2024-04-11,1939.72,1970.42,116383.0,True,3,in_force,0
PH0102408,POL0502408,Linda,Garcia,linda.garcia2408@example.com,NJ,72,Home,Agent,2016-12-10,2134.66,2136.46,128080.0,True,2,in_force,1
PH0102409,POL0502409,Robert,Garcia,robert.garcia2409@example.com,FL,46,Home,Agent,2017-04-06,3033.83,3043.19,182030.0,True,1,in_force,0
PH0102410,POL0502410,Mary,Thompson,mary.thompson2410@example.com,WA,33,Umbrella,Direct,2022-09-22,1736.28,1819.96,104177.0,True,3,in_force,0
PH0102411,POL0502411,Betty,Martinez,betty.martinez2411@example.com,MA,69,Auto,Direct,2018-10-07,3340.13,3443.51,200408.0,True,3,in_force,0
PH0102412,POL0502412,Sandra,Martinez,sandra.martinez2412@example.com,NJ,63,Home,Agent,2021-11-07,1950.58,1987.68,117035.0,True,3,in_force,1
PH0102413,POL0502413,Barbara,Wilson,barbara.wilson2413@example.com,VA,74,Life,Agent,2021-03-16,3467.13,3631.15,520070.0,True,1,in_force,0
PH0102414,POL0502414,Mark,Martin,mark.martin2414@example.com,PA,45,Auto,Agent,2023-11-28,1380.5,1420.29,82830.0,True,1,in_force,1
PH0102415,POL0502415,David,Smith,david.smith2415@example.com,FL,53,Auto,Broker,2024-05-31,3414.81,3503.57,204889.0,True,3,in_force,0
PH0102416,POL0502416,Patricia,Garcia,patricia.garcia2416@example.com,OH,64,Auto,Direct,2021-10-03,3285.48,3442.27,197129.0,True,1,in_force,0
PH0102417,POL0502417,James,Martin,james.martin2417@example.com,NJ,36,Life,Broker,2020-09-06,2266.26,2289.98,339939.0,True,3,in_force,0
PH0102418,POL0502418,Michael,Rodriguez,michael.rodriguez2418@example.com,PA,31,Life,Direct,2019-10-27,2048.77,2132.18,307316.0,True,2,in_force,0
PH0102419,POL0502419,John,Clark,john.clark2419@example.com,TX,56,Life,Direct,2023-10-25,3623.05,3786.76,543458.0,False,1,in_force,1
PH0102420,POL0502420,Sarah,Moore,sarah.moore2420@example.com,AZ,38,Auto,Agent,2021-09-04,692.86,704.51,41572.0,False,1,in_force,0
PH0102421,POL0502421,Susan,Lewis,susan.lewis2421@example.com,OH,51,Home,Agent,2020-02-19,3501.09,3540.05,210065.0,True,3,in_force,0
PH0102422,POL0502422,Richard,Sanchez,richard.sanchez2422@example.com,FL,51,Home,Broker,2024-06-18,1488.56,1795.9,89314.0,False,2,in_force,1
PH0102423,POL0502423,Charles,Gonzalez,charles.gonzalez2423@example.com,MI,42,Home,Direct,2022-11-27,3502.95,3665.7,210177.0,True,2,in_force,1
PH0102424,POL0502424,Barbara,Miller,barbara.miller2424@example.com,PA,75,Auto,Agent,2019-10-03,1700.33,1759.07,102020.0,False,2,in_force,1
PH0102425,POL0502425,Nancy,Lopez,nancy.lopez2425@example.com,MA,47,Auto,Direct,2022-11-07,2658.59,2742.02,159515.0,True,3,in_force,1
PH0102426,POL0502426,Christopher,Jones,christopher.jones2426@example.com,TX,57,Home,Broker,2018-07-05,3042.91,3109.13,182575.0,True,3,in_force,0
PH0102427,POL0502427,Robert,Clark,robert.clark2427@example.com,NY,44,Auto,Direct,2022-07-12,3256.29,3329.33,195377.0,True,2,in_force,0
PH0102428,POL0502428,Christopher,Harris,christopher.harris2428@example.com,CA,59,Home,Agent,2016-02-21,3045.92,3162.31,182755.0,False,1,in_force,0
PH0102429,POL0502429,Mary,Clark,mary.clark2429@example.com,NY,28,Umbrella,Direct,2022-01-31,2060.84,2100.5,123650.0,True,3,in_force,0
PH0102430,POL0502430,Mary,Sanchez,mary.sanchez2430@example.com,PA,77,Auto,Broker,2019-01-02,888.0,916.52,53280.0,False,1,in_force,0
PH0102431,POL0502431,William,Ramirez,william.ramirez2431@example.com,NJ,58,Umbrella,Direct,2018-12-09,2322.91,2364.75,139375.0,False,2,in_force,1
PH0102432,POL0502432,Jennifer,Martinez,jennifer.martinez2432@example.com,WA,65,Life,Broker,2018-09-25,863.27,889.17,129490.0,False,2,in_force,0
PH0102433,POL0502433,Margaret,White,margaret.white2433@example.com,GA,40,Auto,Agent,2023-04-24,2542.64,2559.45,152558.0,True,2,in_force,1
PH0102434,POL0502434,Joseph,Lee,joseph.lee2434@example.com,NC,38,Auto,Broker,2019-04-23,2008.72,2013.44,120523.0,True,3,in_force,0
PH0102435,POL0502435,Mary,White,mary.white2435@example.com,VA,68,Umbrella,Agent,2016-09-02,1703.6,2172.45,102216.0,True,1,in_force,1
PH0102436,POL0502436,Karen,Anderson,karen.anderson2436@example.com,WA,36,Auto,Direct,2023-06-24,2086.95,2453.22,125217.0,True,3,in_force,0
PH0102437,POL0502437,Nancy,Jackson,nancy.jackson2437@example.com,OH,30,Life,Broker,2022-02-27,2137.58,2206.45,320637.0,True,3,in_force,0
PH0102438,POL0502438,Nancy,Garcia,nancy.garcia2438@example.com,NY,32,Home,Agent,2018-01-06,1379.62,1390.63,82777.0,True,2,in_force,0
PH0102439,POL0502439,Robert,Johnson,robert.johnson2439@example.com,OH,37,Auto,Direct,2021-09-10,1748.95,1749.72,104937.0,True,3,in_force,0
PH0102440,POL0502440,Betty,Davis,betty.davis2440@example.com,NJ,52,Life,Direct,2021-07-22,2339.91,2453.72,350986.0,False,2,in_force,1
PH0102441,POL0502441,David,Davis,david.davis2441@example.com,NC,70,Auto,Direct,2019-10-31,2308.28,2926.72,138497.0,True,2,in_force,0
PH0102442,POL0502442,Matthew,Lopez,matthew.lopez2442@example.com,PA,38,Home,Direct,2022-04-04,2677.77,2741.95,160666.0,True,1,in_force,0
PH0102443,POL0502443,James,Harris,james.harris2443@example.com,VA,57,Umbrella,Agent,2020-02-14,3849.21,3984.54,230953.0,True,2,in_force,0
PH0102444,POL0502444,Christopher,Smith,christopher.smith2444@example.com,MA,74,Home,Broker,2020-02-12,1390.19,1453.8,83411.0,True,3,in_force,0
PH0102445,POL0502445,Barbara,Taylor,barbara.taylor2445@example.com,MA,58,Umbrella,Direct,2020-05-11,1929.36,1954.15,115762.0,True,3,in_force,0
PH0102446,POL0502446,Richard,Hernandez,richard.hernandez2446@example.com,VA,59,Auto,Agent,2016-09-13,2768.11,2861.62,166087.0,False,3,in_force,1
PH0102447,POL0502447,Susan,Gonzalez,susan.gonzalez2447@example.com,GA,41,Umbrella,Agent,2020-10-13,1350.54,1541.26,81032.0,True,3,in_force,1
PH0102448,POL0502448,Robert,Robinson,robert.robinson2448@example.com,NY,59,Auto,Direct,2017-03-24,2545.07,2942.53,152704.0,True,3,in_force,0
PH0102449,POL0502449,Sandra,Hernandez,sandra.hernandez2449@example.com,NC,75,Auto,Agent,2023-12-31,978.38,1219.19,58703.0,False,3,in_force,1
PH0102450,POL0502450,Joseph,Williams,joseph.williams2450@example.com,NC,51,Auto,Direct,2016-10-15,2793.31,2854.98,167599.0,False,2,in_force,0
PH0102451,POL0502451,Nancy,Taylor,nancy.taylor2451@example.com,MA,42,Auto,Direct,2019-09-25,3522.21,3621.99,211333.0,True,3,in_force,0
PH0102452,POL0502452,Michael,Miller,michael.miller2452@example.com,WA,39,Auto,Direct,2020-06-06,3336.11,3436.31,200167.0,True,2,in_force,0
PH0102453,POL0502453,Matthew,Jones,matthew.jones2453@example.com,CA,61,Home,Broker,2019-04-30,1397.63,1405.26,83858.0,False,1,in_force,1
PH0102454,POL0502454,Christopher,Perez,christopher.perez2454@example.com,WA,36,Auto,Broker,2017-09-12,1141.45,1167.77,68487.0,False,3,in_force,0
PH0102455,POL0502455,Sandra,Johnson,sandra.johnson2455@example.com,OH,54,Auto,Direct,2019-12-05,3585.38,3752.09,215123.0,True,2,in_force,0
PH0102456,POL0502456,Barbara,Thomas,barbara.thomas2456@example.com,WA,50,Life,Direct,2018-08-14,3696.83,4419.14,554524.0,False,3,in_force,0
PH0102457,POL0502457,Christopher,Gonzalez,christopher.gonzalez2457@example.com,MI,34,Auto,Broker,2023-09-19,3344.19,3428.0,200651.0,True,2,in_force,0
PH0102458,POL0502458,Barbara,Moore,barbara.moore2458@example.com,MI,35,Auto,Broker,2021-12-04,1094.82,1120.36,65689.0,True,3,in_force,0
PH0102459,POL0502459,Betty,Jackson,betty.jackson2459@example.com,WA,46,Home,Direct,2016-07-01,3516.39,3657.66,210983.0,True,1,in_force,0
PH0102460,POL0502460,Michael,Anderson,michael.anderson2460@example.com,NJ,55,Home,Agent,2017-07-18,2965.81,3035.76,177949.0,False,1,in_force,0
PH0102461,POL0502461,Robert,Ramirez,robert.ramirez2461@example.com,TX,44,Life,Broker,2024-01-09,2048.85,2612.42,307328.0,True,1,in_force,1
PH0102462,POL0502462,Thomas,Thomas,thomas.thomas2462@example.com,NC,35,Home,Agent,2024-02-12,2467.8,2486.13,148068.0,False,3,in_force,1
PH0102463,POL0502463,Mark,Taylor,mark.taylor2463@example.com,GA,31,Auto,Direct,2020-03-05,3228.53,4273.98,193712.0,False,2,in_force,1
PH0102464,POL0502464,Nancy,Brown,nancy.brown2464@example.com,CA,72,Umbrella,Agent,2021-04-08,2160.32,2215.86,129619.0,True,2,in_force,0
PH0102465,POL0502465,James,Rodriguez,james.rodriguez2465@example.com,AZ,77,Umbrella,Direct,2019-07-07,1743.88,1756.06,104633.0,False,1,in_force,0
PH0102466,POL0502466,Joseph,Jones,joseph.jones2466@example.com,PA,47,Life,Broker,2019-01-27,2965.61,3920.04,444842.0,True,3,in_force,0
PH0102467,POL0502467,Margaret,Martinez,margaret.martinez2467@example.com,VA,31,Life,Broker,2017-07-04,3565.88,3668.55,534882.0,True,3,in_force,0
PH0102468,POL0502468,Richard,Williams,richard.williams2468@example.com,CA,49,Life,Direct,2024-01-28,2718.59,3587.81,407788.0,True,2,in_force,1
PH0102469,POL0502469,William,Johnson,william.johnson2469@example.com,WA,75,Auto,Agent,2023-09-23,1717.02,1718.12,103021.0,False,1,in_force,1
PH0102470,POL0502470,Mary,Harris,mary.harris2470@example.com,MI,34,Umbrella,Agent,2021-06-11,3764.64,3833.03,225878.0,True,3,in_force,0
PH0102471,POL0502471,Lisa,Williams,lisa.williams2471@example.com,OH,47,Auto,Agent,2018-05-28,2857.02,2875.65,171421.0,True,2,in_force,0
PH0102472,POL0502472,James,Johnson,james.johnson2472@example.com,MI,57,Umbrella,Agent,2018-10-29,3370.45,3440.41,202227.0,False,3,in_force,0
PH0102473,POL0502473,Sandra,Thomas,sandra.thomas2473@example.com,VA,50,Auto,Direct,2021-06-28,2807.06,2871.6,168424.0,True,3,in_force,1
PH0102474,POL0502474,Margaret,Lee,margaret.lee2474@example.com,VA,37,Life,Agent,2024-08-03,1388.92,1432.55,208338.0,True,3,in_force,1
PH0102475,POL0502475,Sandra,Lewis,sandra.lewis2475@example.com,NY,29,Home,Direct,2021-05-20,2334.11,2399.64,140047.0,True,1,in_force,0
PH0102476,POL0502476,Mary,Williams,mary.williams2476@example.com,CA,56,Auto,Direct,2023-03-01,1221.12,1265.41,73267.0,False,1,in_force,1
PH0102477,POL0502477,Karen,Lee,karen.lee2477@example.com,VA,57,Auto,Direct,2017-04-23,740.01,763.24,44401.0,True,3,in_force,0
PH0102478,POL0502478,David,Lopez,david.lopez2478@example.com,TX,47,Auto,Broker,2017-05-15,2903.64,3048.76,174218.0,False,2,in_force,1
PH0102479,POL0502479,Jennifer,Harris,jennifer.harris2479@example.com,NY,71,Auto,Direct,2018-03-01,2174.72,2805.78,130483.0,False,1,in_force,0
PH0102480,POL0502480,William,Taylor,william.taylor2480@example.com,NC,32,Life,Direct,2017-02-15,1770.74,1812.43,265611.0,True,2,in_force,0
PH0102481,POL0502481,Linda,Smith,linda.smith2481@example.com,GA,41,Auto,Direct,2023-11-23,1398.88,1408.95,83933.0,True,2,in_force,0
PH0102482,POL0502482,Sarah,Smith,sarah.smith2482@example.com,CA,74,Umbrella,Direct,2021-03-27,1879.23,2470.27,112754.0,True,1,in_force,0
PH0102483,POL0502483,Matthew,Jackson,matthew.jackson2483@example.com,PA,45,Auto,Direct,2020-08-09,1188.06,1212.66,71284.0,True,2,in_force,0
PH0102484,POL0502484,Jennifer,Jackson,jennifer.jackson2484@example.com,AZ,43,Life,Agent,2016-08-27,3602.47,3687.48,540370.0,False,3,in_force,0
PH0102485,POL0502485,James,Anderson,james.anderson2485@example.com,NJ,28,Auto,Direct,2018-12-13,735.83,766.08,44150.0,True,3,in_force,0
PH0102486,POL0502486,Elizabeth,Anderson,elizabeth.anderson2486@example.com,CA,44,Auto,Direct,2021-12-03,796.44,806.33,47786.0,True,3,in_force,0
PH0102487,POL0502487,John,Jones,john.jones2487@example.com,CA,37,Umbrella,Agent,2024-01-17,3563.08,3635.15,213785.0,False,1,in_force,0
PH0102488,POL0502488,Matthew,Wilson,matthew.wilson2488@example.com,NJ,58,Auto,Broker,2022-06-03,1651.72,1712.01,99103.0,True,3,in_force,0
PH0102489,POL0502489,Patricia,Lee,patricia.lee2489@example.com,IL,34,Auto,Direct,2017-03-26,900.96,909.88,54058.0,False,2,in_force,0
PH0102490,POL0502490,Robert,Lopez,robert.lopez2490@example.com,IL,72,Home,Direct,2016-08-14,2380.69,2453.23,142841.0,False,2,in_force,0
PH0102491,POL0502491,Anthony,Wilson,anthony.wilson2491@example.com,OH,74,Home,Direct,2023-08-25,2217.51,2578.58,133051.0,False,1,in_force,1
PH0102492,POL0502492,Michael,Garcia,michael.garcia2492@example.com,CA,28,Auto,Agent,2021-03-30,2421.34,2461.16,145280.0,True,2,in_force,0
PH0102493,POL0502493,Barbara,Miller,barbara.miller2493@example.com,TX,35,Umbrella,Broker,2019-07-10,989.9,1028.11,59394.0,True,1,in_force,1
PH0102494,POL0502494,Richard,Taylor,richard.taylor2494@example.com,PA,54,Umbrella,Broker,2020-09-29,1793.49,1842.07,107609.0,True,1,in_force,0
PH0102495,POL0502495,Charles,Williams,charles.williams2495@example.com,NJ,31,Umbrella,Broker,2018-05-30,1504.49,1519.05,90269.0,True,2,in_force,0
PH0102496,POL0502496,Daniel,Garcia,daniel.garcia2496@example.com,PA,66,Auto,Broker,2022-03-12,2034.28,2041.89,122057.0,True,3,in_force,0
PH0102497,POL0502497,Charles,Gonzalez,charles.gonzalez2497@example.com,NC,43,Umbrella,Agent,2022-08-17,1190.23,1199.74,71414.0,True,2,in_force,0
PH0102498,POL0502498,Jessica,Sanchez,jessica.sanchez2498@example.com,TX,77,Auto,Agent,2023-03-19,3679.48,4640.53,220769.0,True,2,in_force,1
PH0102499,POL0502499,Jessica,Brown,jessica.brown2499@example.com,GA,33,Life,Direct,2020-04-26,3763.86,3814.99,564579.0,True,3,in_force,0
PH0102500,POL0502500,Mary,Anderson,mary.anderson2500@example.com,NY,33,Life,Agent,2020-04-17,2367.68,2434.05,355152.0,True,1,in_force,0
PH0102501,POL0502501,Jennifer,Rodriguez,jennifer.rodriguez2501@example.com,OH,46,Umbrella,Agent,2023-08-28,863.57,863.74,51814.0,True,2,in_force,0
PH0102502,POL0502502,James,Harris,james.harris2502@example.com,TX,58,Home,Direct,2019-11-23,845.93,848.98,50756.0,True,1,in_force,0
PH0102503,POL0502503,Christopher,Moore,christopher.moore2503@example.com,GA,45,Umbrella,Agent,2023-04-27,827.13,836.37,49628.0,True,1,in_force,1
PH0102504,POL0502504,David,Miller,david.miller2504@example.com,FL,42,Home,Broker,2023-05-29,782.72,816.0,46963.0,True,2,in_force,0
PH0102505,POL0502505,Linda,Martinez,linda.martinez2505@example.com,VA,43,Auto,Broker,2017-10-11,790.79,817.93,47447.0,True,1,in_force,0
PH0102506,POL0502506,Daniel,White,daniel.white2506@example.com,MI,73,Auto,Agent,2017-08-10,1545.9,1559.08,92754.0,True,1,in_force,0
PH0102507,POL0502507,Elizabeth,Martinez,elizabeth.martinez2507@example.com,PA,74,Home,Direct,2019-06-07,3542.17,3581.58,212530.0,True,3,in_force,1
PH0102508,POL0502508,Richard,Anderson,richard.anderson2508@example.com,MA,50,Auto,Direct,2020-12-20,2178.6,2230.76,130716.0,True,3,in_force,1
PH0102509,POL0502509,Margaret,Jones,margaret.jones2509@example.com,NJ,55,Auto,Broker,2024-09-08,2374.63,2478.07,142478.0,True,3,in_force,0
PH0102510,POL0502510,Matthew,Thomas,matthew.thomas2510@example.com,CA,67,Home,Direct,2022-12-24,2390.6,2486.51,143436.0,False,3,in_force,1
PH0102511,POL0502511,William,Wilson,william.wilson2511@example.com,NC,34,Home,Direct,2022-06-17,2471.77,2568.34,148306.0,True,1,in_force,1
PH0102512,POL0502512,Michael,Garcia,michael.garcia2512@example.com,NY,66,Home,Direct,2023-10-01,876.5,1089.3,52590.0,True,3,in_force,0
PH0102513,POL0502513,William,Williams,william.williams2513@example.com,VA,52,Umbrella,Direct,2019-04-16,3607.99,3717.14,216479.0,True,3,in_force,0
PH0102514,POL0502514,Joseph,Davis,joseph.davis2514@example.com,TX,29,Home,Direct,2020-02-04,2306.81,2376.07,138409.0,True,1,in_force,0
PH0102515,POL0502515,Lisa,Clark,lisa.clark2515@example.com,NC,67,Home,Direct,2023-01-29,1198.54,1539.31,71912.0,True,1,in_force,1
PH0102516,POL0502516,William,White,william.white2516@example.com,WA,43,Home,Agent,2017-11-04,1477.34,1534.63,88640.0,True,3,in_force,0
PH0102517,POL0502517,Elizabeth,White,elizabeth.white2517@example.com,MI,41,Auto,Agent,2020-08-27,1924.35,1973.66,115461.0,False,3,in_force,1
PH0102518,POL0502518,James,Brown,james.brown2518@example.com,PA,68,Umbrella,Agent,2019-01-30,1265.37,1523.29,75922.0,True,2,in_force,0
PH0102519,POL0502519,Lisa,Harris,lisa.harris2519@example.com,OH,34,Auto,Agent,2023-02-02,1792.92,2109.87,107575.0,True,1,in_force,0
PH0102520,POL0502520,Betty,Wilson,betty.wilson2520@example.com,MI,38,Auto,Direct,2020-11-08,2818.13,2823.79,169088.0,True,1,in_force,1
PH0102521,POL0502521,Daniel,Martinez,daniel.martinez2521@example.com,OH,67,Auto,Direct,2024-06-09,1236.49,1286.16,74189.0,True,1,in_force,0
PH0102522,POL0502522,William,Sanchez,william.sanchez2522@example.com,AZ,58,Home,Broker,2017-07-04,2104.57,2197.94,126274.0,False,1,in_force,1
PH0102523,POL0502523,Christopher,Martin,christopher.martin2523@example.com,WA,71,Auto,Broker,2016-05-14,1682.25,1689.43,100935.0,False,2,in_force,0
PH0102524,POL0502524,Charles,Taylor,charles.taylor2524@example.com,IL,45,Auto,Broker,2019-11-17,2688.72,2734.5,161323.0,True,1,in_force,0
PH0102525,POL0502525,Jennifer,Miller,jennifer.miller2525@example.com,MA,48,Auto,Agent,2019-05-01,3752.49,3833.2,225149.0,False,1,in_force,0
PH0102526,POL0502526,John,Lopez,john.lopez2526@example.com,MI,30,Umbrella,Direct,2018-02-03,2053.8,2144.33,123228.0,True,1,in_force,0
PH0102527,POL0502527,Charles,Lee,charles.lee2527@example.com,TX,73,Home,Agent,2024-06-23,3564.41,3586.39,213865.0,False,1,in_force,0
PH0102528,POL0502528,David,Rodriguez,david.rodriguez2528@example.com,PA,51,Auto,Broker,2021-09-22,1616.34,1649.94,96980.0,True,2,in_force,0
PH0102529,POL0502529,Robert,Lopez,robert.lopez2529@example.com,GA,31,Auto,Agent,2020-05-28,2877.44,2901.28,172646.0,True,3,in_force,0
PH0102530,POL0502530,John,Martinez,john.martinez2530@example.com,GA,31,Home,Direct,2020-08-05,2597.88,2602.16,155873.0,False,1,in_force,0
PH0102531,POL0502531,Joseph,Robinson,joseph.robinson2531@example.com,WA,76,Home,Direct,2023-10-13,3198.18,3302.35,191891.0,False,2,in_force,1
PH0102532,POL0502532,Susan,Sanchez,susan.sanchez2532@example.com,WA,36,Auto,Agent,2021-08-17,1210.07,1257.67,72604.0,False,2,in_force,0
PH0102533,POL0502533,Anthony,Jones,anthony.jones2533@example.com,MI,33,Auto,Direct,2021-01-03,1048.02,1397.55,62881.0,True,2,in_force,0
PH0102534,POL0502534,Thomas,Martinez,thomas.martinez2534@example.com,TX,65,Home,Agent,2018-03-13,1850.22,1914.64,111013.0,True,1,in_force,0
PH0102535,POL0502535,William,Garcia,william.garcia2535@example.com,FL,38,Home,Agent,2022-11-25,3695.1,3729.32,221706.0,True,1,in_force,0
PH0102536,POL0502536,Anthony,Martin,anthony.martin2536@example.com,NJ,76,Home,Direct,2022-04-27,2115.91,2169.91,126955.0,True,1,in_force,0
PH0102537,POL0502537,David,Taylor,david.taylor2537@example.com,GA,54,Home,Broker,2019-02-25,1344.08,1383.39,80645.0,True,1,in_force,0
PH0102538,POL0502538,Mary,Lewis,mary.lewis2538@example.com,WA,54,Umbrella,Direct,2023-02-22,3036.43,3058.86,182186.0,True,2,in_force,0
PH0102539,POL0502539,Joseph,Davis,joseph.davis2539@example.com,FL,61,Umbrella,Direct,2017-03-04,2133.98,2202.87,128039.0,False,2,in_force,1
PH0102540,POL0502540,Margaret,Jackson,margaret.jackson2540@example.com,MA,49,Home,Agent,2018-11-27,2885.52,2947.23,173131.0,False,3,in_force,0
PH0102541,POL0502541,Sandra,Thompson,sandra.thompson2541@example.com,OH,53,Auto,Broker,2019-08-10,3502.13,3674.64,210128.0,True,1,in_force,0
PH0102542,POL0502542,Christopher,Davis,christopher.davis2542@example.com,NC,54,Auto,Broker,2019-07-08,1881.21,1945.02,112873.0,False,3,in_force,1
PH0102543,POL0502543,Michael,Lopez,michael.lopez2543@example.com,MI,72,Auto,Agent,2018-06-16,3119.82,3131.41,187189.0,False,1,in_force,0
PH0102544,POL0502544,Patricia,Garcia,patricia.garcia2544@example.com,MI,65,Home,Direct,2021-11-28,2322.9,2333.81,139374.0,False,1,in_force,0
PH0102545,POL0502545,Linda,Taylor,linda.taylor2545@example.com,NJ,47,Home,Direct,2019-08-12,2972.46,3053.73,178348.0,True,2,in_force,0
PH0102546,POL0502546,Mary,Taylor,mary.taylor2546@example.com,TX,49,Auto,Direct,2016-09-18,3302.28,3457.57,198137.0,False,2,in_force,0
PH0102547,POL0502547,Daniel,Clark,daniel.clark2547@example.com,VA,47,Auto,Direct,2020-06-12,3730.25,3896.69,223815.0,True,1,in_force,1
PH0102548,POL0502548,Margaret,Wilson,margaret.wilson2548@example.com,NC,66,Home,Direct,2023-11-26,3364.46,3418.14,201868.0,False,2,in_force,0
PH0102549,POL0502549,Jennifer,Lopez,jennifer.lopez2549@example.com,IL,36,Auto,Broker,2022-12-13,1754.31,1826.18,105259.0,True,2,in_force,0
PH0102550,POL0502550,William,Ramirez,william.ramirez2550@example.com,WA,38,Home,Agent,2021-12-09,1528.02,1538.58,91681.0,True,3,in_force,0
PH0102551,POL0502551,Lisa,Williams,lisa.williams2551@example.com,FL,38,Life,Direct,2024-05-12,1272.6,1334.35,190890.0,False,1,in_force,1
PH0102552,POL0502552,Mark,Jackson,mark.jackson2552@example.com,PA,30,Home,Broker,2017-05-12,3292.26,3396.63,197536.0,True,1,in_force,0
PH0102553,POL0502553,Charles,Ramirez,charles.ramirez2553@example.com,MI,42,Auto,Broker,2019-05-07,2709.48,2772.24,162569.0,True,2,in_force,0
PH0102554,POL0502554,Sarah,Gonzalez,sarah.gonzalez2554@example.com,GA,45,Home,Direct,2019-08-02,1649.34,1666.29,98960.0,False,1,in_force,0
PH0102555,POL0502555,Mary,Thomas,mary.thomas2555@example.com,FL,46,Life,Agent,2024-09-16,3075.71,3768.04,461356.0,True,2,in_force,1
PH0102556,POL0502556,Joseph,Lee,joseph.lee2556@example.com,VA,41,Home,Agent,2024-06-30,3374.13,3405.74,202448.0,True,2,in_force,1
PH0102557,POL0502557,Anthony,Garcia,anthony.garcia2557@example.com,NY,52,Auto,Direct,2017-12-05,3790.65,3925.51,227439.0,False,2,in_force,0
PH0102558,POL0502558,John,Sanchez,john.sanchez2558@example.com,TX,33,Auto,Broker,2018-05-18,1382.82,1389.05,82969.0,False,3,in_force,0
PH0102559,POL0502559,Charles,Anderson,charles.anderson2559@example.com,MI,55,Home,Direct,2022-08-29,865.17,1041.26,51910.0,True,2,in_force,0
PH0102560,POL0502560,Joseph,Davis,joseph.davis2560@example.com,TX,55,Home,Direct,2021-04-29,3733.65,3837.1,224019.0,True,2,in_force,0
PH0102561,POL0502561,Anthony,Anderson,anthony.anderson2561@example.com,NC,45,Auto,Direct,2016-02-08,2384.04,2461.56,143042.0,True,2,in_force,0
PH0102562,POL0502562,Thomas,Wilson,thomas.wilson2562@example.com,MA,45,Auto,Direct,2017-10-12,866.58,872.37,51995.0,False,1,in_force,0
PH0102563,POL0502563,Lisa,Jones,lisa.jones2563@example.com,NC,73,Home,Broker,2017-09-10,1658.84,1687.99,99530.0,True,3,in_force,0
PH0102564,POL0502564,Susan,Thompson,susan.thompson2564@example.com,NJ,68,Home,Agent,2021-03-28,1998.98,2029.68,119939.0,False,2,in_force,1
PH0102565,POL0502565,Joseph,Miller,joseph.miller2565@example.com,CA,33,Home,Agent,2018-12-09,1738.95,2205.9,104337.0,False,1,in_force,1
PH0102566,POL0502566,Patricia,Davis,patricia.davis2566@example.com,TX,73,Home,Broker,2016-04-05,1908.75,1977.87,114525.0,True,2,in_force,0
PH0102567,POL0502567,Barbara,Perez,barbara.perez2567@example.com,CA,41,Home,Agent,2023-03-12,2832.96,3279.88,169978.0,True,2,in_force,1
PH0102568,POL0502568,Elizabeth,Johnson,elizabeth.johnson2568@example.com,VA,29,Home,Direct,2020-08-17,989.11,1013.6,59347.0,True,1,in_force,0
PH0102569,POL0502569,Lisa,Hernandez,lisa.hernandez2569@example.com,TX,65,Auto,Broker,2016-11-01,810.98,839.71,48659.0,True,3,in_force,0
PH0102570,POL0502570,Karen,Thompson,karen.thompson2570@example.com,OH,51,Auto,Direct,2024-03-03,1872.29,1929.67,112337.0,False,1,in_force,0
PH0102571,POL0502571,Linda,Clark,linda.clark2571@example.com,NJ,52,Home,Direct,2022-01-13,2182.51,2201.11,130951.0,True,3,in_force,1
PH0102572,POL0502572,Thomas,Robinson,thomas.robinson2572@example.com,OH,36,Auto,Direct,2023-12-30,3081.47,3130.38,184888.0,False,3,in_force,1
PH0102573,POL0502573,Richard,Thompson,richard.thompson2573@example.com,FL,70,Home,Direct,2016-07-04,3507.94,3645.13,210476.0,False,1,in_force,0
PH0102574,POL0502574,James,Thompson,james.thompson2574@example.com,FL,60,Auto,Direct,2022-02-22,869.6,900.69,52176.0,True,1,in_force,1
PH0102575,POL0502575,Christopher,Rodriguez,christopher.rodriguez2575@example.com,TX,31,Auto,Agent,2019-06-30,3444.69,3514.67,206681.0,False,3,in_force,0
PH0102576,POL0502576,Robert,Garcia,robert.garcia2576@example.com,NY,32,Auto,Direct,2019-05-25,2356.34,2405.27,141380.0,True,1,in_force,1
PH0102577,POL0502577,Daniel,Clark,daniel.clark2577@example.com,MI,54,Life,Agent,2017-12-30,2459.24,2555.56,368886.0,False,2,in_force,1
PH0102578,POL0502578,Sandra,Taylor,sandra.taylor2578@example.com,WA,52,Auto,Broker,2016-05-29,2143.66,2191.6,128620.0,True,2,in_force,0
PH0102579,POL0502579,Susan,Martinez,susan.martinez2579@example.com,MA,54,Life,Agent,2023-11-23,3007.36,3076.01,451104.0,False,3,in_force,1
PH0102580,POL0502580,Nancy,White,nancy.white2580@example.com,CA,65,Auto,Direct,2019-10-09,2974.59,2978.89,178475.0,True,3,in_force,1
PH0102581,POL0502581,Linda,Smith,linda.smith2581@example.com,AZ,38,Home,Broker,2019-02-05,3609.4,3722.07,216564.0,True,3,in_force,0
PH0102582,POL0502582,Lisa,Smith,lisa.smith2582@example.com,OH,46,Auto,Direct,2017-01-02,821.05,848.19,49263.0,True,2,in_force,0
PH0102583,POL0502583,Karen,White,karen.white2583@example.com,OH,59,Home,Direct,2017-12-01,3113.66,3168.35,186820.0,True,3,in_force,0
PH0102584,POL0502584,David,Miller,david.miller2584@example.com,PA,64,Home,Agent,2017-01-14,2774.76,3506.21,166486.0,False,2,in_force,1
PH0102585,POL0502585,Lisa,Miller,lisa.miller2585@example.com,OH,65,Auto,Agent,2023-04-25,1455.7,1526.39,87342.0,False,1,in_force,1
PH0102586,POL0502586,Daniel,Thomas,daniel.thomas2586@example.com,WA,46,Umbrella,Agent,2017-10-04,983.42,1267.16,59005.0,False,3,in_force,0
PH0102587,POL0502587,Matthew,Moore,matthew.moore2587@example.com,NC,77,Home,Direct,2020-10-25,2554.23,2987.3,153254.0,False,2,in_force,1
PH0102588,POL0502588,Robert,Williams,robert.williams2588@example.com,WA,67,Auto,Direct,2016-11-28,1073.51,1123.07,64411.0,True,2,in_force,0
PH0102589,POL0502589,Elizabeth,Rodriguez,elizabeth.rodriguez2589@example.com,TX,70,Auto,Direct,2017-03-08,1881.62,1944.62,112897.0,True,1,in_force,0
PH0102590,POL0502590,Sarah,Jackson,sarah.jackson2590@example.com,MA,42,Home,Direct,2024-03-28,2999.25,3669.33,179955.0,True,2,in_force,1
PH0102591,POL0502591,Christopher,Williams,christopher.williams2591@example.com,NJ,38,Home,Broker,2017-06-04,1607.26,1625.07,96436.0,True,2,in_force,1
PH0102592,POL0502592,Christopher,Perez,christopher.perez2592@example.com,IL,30,Life,Direct,2018-06-27,3523.85,3598.63,528578.0,True,3,in_force,0
PH0102593,POL0502593,Jennifer,Lee,jennifer.lee2593@example.com,OH,76,Auto,Broker,2020-12-15,1571.21,1630.9,94273.0,True,2,in_force,1
PH0102594,POL0502594,Richard,Jones,richard.jones2594@example.com,OH,30,Auto,Agent,2019-08-15,2260.36,2300.48,135622.0,True,2,in_force,0
PH0102595,POL0502595,Mark,Garcia,mark.garcia2595@example.com,TX,77,Auto,Broker,2020-10-14,1992.65,2001.76,119559.0,False,2,in_force,0
PH0102596,POL0502596,Mark,Smith,mark.smith2596@example.com,IL,44,Auto,Agent,2021-11-11,1526.71,1597.57,91603.0,True,1,in_force,0
PH0102597,POL0502597,Charles,Lopez,charles.lopez2597@example.com,PA,64,Auto,Broker,2023-08-16,3615.55,3778.61,216933.0,False,1,in_force,0
PH0102598,POL0502598,William,Sanchez,william.sanchez2598@example.com,CA,59,Auto,Agent,2016-02-16,3122.98,3875.49,187379.0,True,2,in_force,0
PH0102599,POL0502599,Jessica,Taylor,jessica.taylor2599@example.com,MA,49,Home,Direct,2021-08-30,3281.89,3315.57,196913.0,True,2,in_force,0
PH0102600,POL0502600,Daniel,Jackson,daniel.jackson2600@example.com,MA,64,Auto,Broker,2022-06-19,3022.35,3035.68,181341.0,True,2,in_force,0
PH0102601,POL0502601,Elizabeth,Johnson,elizabeth.johnson2601@example.com,OH,37,Home,Direct,2020-03-20,1829.48,1858.06,109769.0,True,3,in_force,1
PH0102602,POL0502602,Joseph,Robinson,joseph.robinson2602@example.com,NJ,46,Life,Direct,2019-10-19,1531.89,1549.31,229784.0,True,3,in_force,0
PH0102603,POL0502603,James,Lewis,james.lewis2603@example.com,CA,76,Auto,Direct,2018-02-27,2492.57,2607.54,149554.0,False,2,in_force,0
PH0102604,POL0502604,Mark,Sanchez,mark.sanchez2604@example.com,TX,69,Umbrella,Direct,2019-10-19,3123.95,3156.47,187437.0,True,3,in_force,0
PH0102605,POL0502605,Mary,Thompson,mary.thompson2605@example.com,MI,46,Home,Agent,2024-01-04,2360.03,2361.53,141602.0,False,3,in_force,0
PH0102606,POL0502606,Margaret,Davis,margaret.davis2606@example.com,TX,65,Umbrella,Direct,2017-05-13,1172.76,1231.25,70366.0,False,2,in_force,0
PH0102607,POL0502607,Elizabeth,Martin,elizabeth.martin2607@example.com,TX,46,Auto,Direct,2023-03-10,3640.22,3715.96,218413.0,True,1,in_force,1
PH0102608,POL0502608,Sandra,Clark,sandra.clark2608@example.com,NJ,47,Home,Agent,2023-03-13,3014.86,3053.17,180892.0,False,2,in_force,0
PH0102609,POL0502609,Susan,Davis,susan.davis2609@example.com,WA,74,Home,Agent,2016-01-09,2239.39,2265.6,134363.0,True,3,in_force,0
PH0102610,POL0502610,Nancy,Wilson,nancy.wilson2610@example.com,CA,40,Life,Direct,2016-07-29,2571.91,2658.58,385786.0,True,3,in_force,0
PH0102611,POL0502611,Thomas,Sanchez,thomas.sanchez2611@example.com,CA,46,Home,Broker,2016-08-14,3347.99,4406.82,200879.0,True,1,in_force,0
PH0102612,POL0502612,Jessica,Wilson,jessica.wilson2612@example.com,FL,32,Auto,Agent,2023-09-23,1957.71,1963.1,117463.0,True,2,in_force,0
PH0102613,POL0502613,Jennifer,Harris,jennifer.harris2613@example.com,VA,43,Home,Broker,2023-12-25,2056.27,2552.4,123376.0,False,1,in_force,1
PH0102614,POL0502614,Barbara,Thompson,barbara.thompson2614@example.com,WA,32,Auto,Agent,2021-07-25,1264.88,1296.54,75893.0,False,3,in_force,1
PH0102615,POL0502615,Elizabeth,Jackson,elizabeth.jackson2615@example.com,WA,40,Home,Agent,2017-03-05,2959.74,3062.66,177584.0,True,1,in_force,0
PH0102616,POL0502616,Matthew,Gonzalez,matthew.gonzalez2616@example.com,MI,52,Auto,Direct,2018-08-11,3657.89,4837.48,219473.0,True,2,in_force,1
PH0102617,POL0502617,John,Perez,john.perez2617@example.com,NC,67,Home,Agent,2020-12-26,2871.93,2985.25,172316.0,True,3,in_force,1
PH0102618,POL0502618,Mary,Lewis,mary.lewis2618@example.com,AZ,31,Auto,Agent,2024-01-29,1978.04,2029.94,118682.0,False,1,in_force,0
PH0102619,POL0502619,Patricia,Moore,patricia.moore2619@example.com,GA,59,Home,Agent,2020-08-18,1173.88,1189.66,70433.0,False,2,in_force,0
PH0102620,POL0502620,Barbara,Davis,barbara.davis2620@example.com,NJ,28,Auto,Agent,2022-11-26,2898.25,3014.89,173895.0,True,2,in_force,1
PH0102621,POL0502621,Joseph,Robinson,joseph.robinson2621@example.com,CA,64,Umbrella,Broker,2022-07-09,2155.86,2204.75,129352.0,True,1,in_force,0
PH0102622,POL0502622,Barbara,Jones,barbara.jones2622@example.com,OH,71,Auto,Direct,2019-11-23,1714.08,1795.13,102845.0,False,2,in_force,0
PH0102623,POL0502623,Jennifer,Clark,jennifer.clark2623@example.com,AZ,28,Umbrella,Direct,2016-05-28,1992.01,2023.54,119521.0,False,1,in_force,0
PH0102624,POL0502624,Jennifer,Miller,jennifer.miller2624@example.com,NC,47,Life,Agent,2018-10-23,1440.1,1799.74,216015.0,True,2,in_force,1
PH0102625,POL0502625,Matthew,Johnson,matthew.johnson2625@example.com,AZ,51,Life,Broker,2022-03-13,3155.83,3252.61,473374.0,False,1,in_force,0
PH0102626,POL0502626,Sarah,Lee,sarah.lee2626@example.com,GA,42,Home,Agent,2017-06-15,1695.32,1723.18,101719.0,True,1,in_force,0
PH0102627,POL0502627,Sarah,Davis,sarah.davis2627@example.com,NY,40,Home,Direct,2018-05-10,2207.3,2232.66,132438.0,False,1,in_force,0
PH0102628,POL0502628,Elizabeth,Clark,elizabeth.clark2628@example.com,FL,61,Auto,Direct,2023-01-08,3616.08,3791.74,216965.0,True,1,in_force,0
PH0102629,POL0502629,David,Anderson,david.anderson2629@example.com,OH,41,Auto,Broker,2018-03-12,2213.52,2311.24,132811.0,True,2,in_force,0
PH0102630,POL0502630,Patricia,Davis,patricia.davis2630@example.com,AZ,28,Home,Broker,2018-03-26,3405.05,3505.86,204303.0,True,1,in_force,0
PH0102631,POL0502631,Thomas,Martinez,thomas.martinez2631@example.com,TX,64,Home,Agent,2016-02-07,1060.78,1239.52,63647.0,False,3,in_force,0
PH0102632,POL0502632,Sarah,Gonzalez,sarah.gonzalez2632@example.com,OH,29,Auto,Direct,2021-04-18,3193.26,4105.88,191596.0,True,2,in_force,0
PH0102633,POL0502633,Elizabeth,Smith,elizabeth.smith2633@example.com,IL,42,Home,Direct,2019-04-18,2474.19,2553.4,148451.0,False,1,in_force,0
PH0102634,POL0502634,Charles,Jackson,charles.jackson2634@example.com,TX,56,Umbrella,Agent,2022-03-03,2740.66,2806.55,164440.0,True,1,in_force,0
PH0102635,POL0502635,Patricia,Robinson,patricia.robinson2635@example.com,GA,35,Life,Agent,2020-04-06,1267.12,1319.97,190068.0,True,1,in_force,0
PH0102636,POL0502636,Matthew,Lopez,matthew.lopez2636@example.com,FL,47,Auto,Agent,2023-03-22,1251.56,1291.82,75094.0,True,2,in_force,0
PH0102637,POL0502637,Mary,Hernandez,mary.hernandez2637@example.com,GA,65,Home,Direct,2022-05-19,2405.57,2511.62,144334.0,True,2,in_force,0
PH0102638,POL0502638,James,Perez,james.perez2638@example.com,GA,47,Auto,Direct,2020-11-16,3649.99,3789.29,218999.0,True,1,in_force,0
PH0102639,POL0502639,James,Wilson,james.wilson2639@example.com,NC,75,Umbrella,Direct,2020-07-17,2735.23,2742.13,164114.0,True,1,in_force,0
PH0102640,POL0502640,Jessica,Jones,jessica.jones2640@example.com,PA,49,Life,Direct,2016-03-22,1408.55,1468.13,211282.0,True,3,in_force,0
PH0102641,POL0502641,Jessica,Brown,jessica.brown2641@example.com,NJ,72,Life,Broker,2021-04-09,1085.22,1117.49,162783.0,True,3,in_force,0
PH0102642,POL0502642,Joseph,Miller,joseph.miller2642@example.com,OH,55,Auto,Agent,2019-06-28,2792.22,2850.48,167533.0,True,1,in_force,0
PH0102643,POL0502643,Betty,Smith,betty.smith2643@example.com,NC,69,Life,Agent,2019-05-07,2525.71,2615.77,378856.0,True,1,in_force,0
PH0102644,POL0502644,Barbara,Smith,barbara.smith2644@example.com,OH,50,Auto,Agent,2023-10-16,1254.27,1256.16,75256.0,False,3,in_force,1
PH0102645,POL0502645,Linda,Jones,linda.jones2645@example.com,MI,59,Home,Agent,2022-05-18,1244.45,1252.96,74667.0,True,1,in_force,0
PH0102646,POL0502646,Robert,Brown,robert.brown2646@example.com,GA,62,Auto,Broker,2019-10-02,1163.44,1487.27,69806.0,False,3,in_force,0
PH0102647,POL0502647,Christopher,Miller,christopher.miller2647@example.com,GA,28,Auto,Agent,2016-04-08,3583.91,4172.06,215035.0,False,1,in_force,1
PH0102648,POL0502648,John,Gonzalez,john.gonzalez2648@example.com,MA,66,Home,Broker,2017-05-30,2736.23,2811.73,164174.0,True,3,in_force,1
PH0102649,POL0502649,Jessica,Clark,jessica.clark2649@example.com,PA,58,Life,Agent,2019-04-06,3197.6,3295.53,479640.0,True,3,in_force,0
PH0102650,POL0502650,Richard,Jones,richard.jones2650@example.com,MA,72,Auto,Broker,2016-07-24,1183.14,1231.55,70988.0,True,1,in_force,0
PH0102651,POL0502651,Betty,Taylor,betty.taylor2651@example.com,WA,49,Auto,Agent,2017-12-10,3658.58,3726.16,219515.0,True,2,in_force,0
PH0102652,POL0502652,David,Martinez,david.martinez2652@example.com,NC,41,Auto,Agent,2016-01-27,3552.44,3729.4,213146.0,True,3,in_force,1
PH0102653,POL0502653,Jennifer,Wilson,jennifer.wilson2653@example.com,PA,58,Home,Agent,2017-07-03,895.72,926.21,53743.0,False,1,in_force,1
PH0102654,POL0502654,Anthony,Williams,anthony.williams2654@example.com,VA,66,Auto,Agent,2023-06-21,1760.21,1790.43,105613.0,False,1,in_force,1
PH0102655,POL0502655,Michael,Ramirez,michael.ramirez2655@example.com,NJ,34,Auto,Agent,2018-12-18,1664.08,1680.14,99845.0,False,2,in_force,0
PH0102656,POL0502656,John,Martinez,john.martinez2656@example.com,AZ,32,Auto,Agent,2017-12-24,886.82,903.88,53209.0,False,1,in_force,0
PH0102657,POL0502657,Patricia,Brown,patricia.brown2657@example.com,IL,49,Auto,Direct,2021-12-16,2519.2,2579.37,151152.0,True,2,in_force,0
PH0102658,POL0502658,John,Rodriguez,john.rodriguez2658@example.com,MA,47,Home,Broker,2017-01-05,3180.6,3310.41,190836.0,True,3,in_force,1
PH0102659,POL0502659,James,Martinez,james.martinez2659@example.com,GA,50,Life,Broker,2023-08-31,788.65,827.85,118298.0,False,3,in_force,0
PH0102660,POL0502660,William,Wilson,william.wilson2660@example.com,MA,30,Life,Broker,2021-09-15,1266.68,1308.48,190002.0,True,3,in_force,1
PH0102661,POL0502661,Karen,Davis,karen.davis2661@example.com,NY,48,Home,Direct,2020-03-16,1010.16,1033.69,60610.0,False,2,in_force,0
PH0102662,POL0502662,Betty,Robinson,betty.robinson2662@example.com,FL,70,Umbrella,Broker,2024-05-09,3603.67,4039.92,216220.0,True,1,in_force,1
PH0102663,POL0502663,Joseph,Gonzalez,joseph.gonzalez2663@example.com,AZ,29,Auto,Broker,2020-11-22,765.27,1025.11,45916.0,False,1,in_force,1
PH0102664,POL0502664,John,Harris,john.harris2664@example.com,MI,74,Home,Agent,2021-05-06,873.14,874.13,52388.0,False,2,in_force,1
PH0102665,POL0502665,Charles,Smith,charles.smith2665@example.com,AZ,56,Home,Broker,2019-02-09,2004.02,2096.87,120241.0,True,1,in_force,0
PH0102666,POL0502666,Mark,Harris,mark.harris2666@example.com,NJ,40,Auto,Agent,2016-10-19,2116.44,2207.84,126986.0,True,1,in_force,1
PH0102667,POL0502667,Daniel,Sanchez,daniel.sanchez2667@example.com,NJ,49,Home,Direct,2017-10-08,2829.88,2892.05,169793.0,True,2,in_force,0
PH0102668,POL0502668,James,Lewis,james.lewis2668@example.com,NY,34,Auto,Broker,2018-09-09,1649.38,1699.16,98963.0,False,2,in_force,0
PH0102669,POL0502669,Richard,Anderson,richard.anderson2669@example.com,MA,64,Auto,Agent,2022-08-24,1558.84,1561.91,93530.0,True,1,in_force,0
PH0102670,POL0502670,Anthony,White,anthony.white2670@example.com,PA,69,Auto,Direct,2017-05-27,3537.44,4551.13,212246.0,True,1,in_force,1
PH0102671,POL0502671,Richard,Brown,richard.brown2671@example.com,CA,29,Auto,Broker,2019-01-05,3655.48,3806.42,219329.0,True,1,in_force,0
PH0102672,POL0502672,John,Lopez,john.lopez2672@example.com,AZ,59,Home,Agent,2024-03-13,2503.2,2534.71,150192.0,True,2,in_force,1
PH0102673,POL0502673,Anthony,Martin,anthony.martin2673@example.com,PA,34,Umbrella,Broker,2023-10-13,1054.46,1090.93,63268.0,True,3,in_force,0
PH0102674,POL0502674,Thomas,Smith,thomas.smith2674@example.com,NJ,71,Home,Agent,2021-12-08,961.7,993.54,57702.0,False,3,in_force,0
PH0102675,POL0502675,James,Lee,james.lee2675@example.com,FL,77,Umbrella,Direct,2022-06-13,2646.11,2734.79,158767.0,True,3,in_force,0
PH0102676,POL0502676,Joseph,Robinson,joseph.robinson2676@example.com,NC,62,Auto,Direct,2023-06-05,2948.1,3040.49,176886.0,True,1,in_force,0
PH0102677,POL0502677,Elizabeth,Martin,elizabeth.martin2677@example.com,VA,51,Home,Agent,2024-05-08,2827.48,2889.84,169649.0,True,3,in_force,0
PH0102678,POL0502678,Patricia,Clark,patricia.clark2678@example.com,NJ,61,Auto,Broker,2017-03-25,3219.06,3267.62,193144.0,True,2,in_force,0
PH0102679,POL0502679,Barbara,Brown,barbara.brown2679@example.com,VA,36,Home,Broker,2021-08-20,3150.59,3709.96,189035.0,True,3,in_force,0
PH0102680,POL0502680,Sandra,Thomas,sandra.thomas2680@example.com,IL,65,Umbrella,Agent,2022-06-27,1365.49,1403.18,81929.0,False,1,in_force,0
PH0102681,POL0502681,Nancy,Jackson,nancy.jackson2681@example.com,GA,50,Auto,Agent,2023-02-03,947.51,967.33,56851.0,True,3,in_force,1
PH0102682,POL0502682,David,Robinson,david.robinson2682@example.com,PA,57,Home,Broker,2023-01-14,1082.52,1118.62,64951.0,True,3,in_force,0
PH0102683,POL0502683,Jessica,Hernandez,jessica.hernandez2683@example.com,TX,34,Auto,Direct,2023-01-01,2544.79,2570.53,152687.0,True,1,in_force,0
PH0102684,POL0502684,Susan,Smith,susan.smith2684@example.com,TX,47,Home,Agent,2019-01-17,1816.29,1868.77,108977.0,False,2,in_force,0
PH0102685,POL0502685,Sandra,Taylor,sandra.taylor2685@example.com,PA,34,Home,Direct,2017-08-06,3281.93,3428.41,196916.0,False,1,in_force,1
PH0102686,POL0502686,Betty,Anderson,betty.anderson2686@example.com,FL,35,Home,Direct,2021-09-20,1729.37,1788.06,103762.0,True,2,in_force,1
PH0102687,POL0502687,Sandra,Gonzalez,sandra.gonzalez2687@example.com,AZ,44,Umbrella,Direct,2016-07-15,2097.86,2600.52,125872.0,True,1,in_force,0
PH0102688,POL0502688,Sandra,Smith,sandra.smith2688@example.com,PA,41,Umbrella,Direct,2017-10-30,943.33,966.22,56600.0,True,2,in_force,0
PH0102689,POL0502689,Jessica,Garcia,jessica.garcia2689@example.com,PA,36,Auto,Direct,2021-03-04,3150.44,3259.69,189026.0,True,1,in_force,1
PH0102690,POL0502690,Linda,Jones,linda.jones2690@example.com,FL,61,Auto,Broker,2016-09-24,928.79,930.43,55727.0,True,3,in_force,0
PH0102691,POL0502691,Joseph,Smith,joseph.smith2691@example.com,OH,71,Life,Broker,2023-01-28,2247.25,2250.98,337088.0,False,1,in_force,0
PH0102692,POL0502692,Joseph,Clark,joseph.clark2692@example.com,GA,30,Home,Agent,2023-02-19,2033.87,2301.85,122032.0,False,2,in_force,0
PH0102693,POL0502693,Robert,Williams,robert.williams2693@example.com,PA,74,Umbrella,Agent,2022-07-29,2998.35,3078.79,179901.0,False,2,in_force,0
PH0102694,POL0502694,Nancy,Thompson,nancy.thompson2694@example.com,VA,69,Auto,Direct,2022-02-14,3645.63,4332.12,218738.0,True,1,in_force,0
PH0102695,POL0502695,Jessica,Lewis,jessica.lewis2695@example.com,NY,61,Auto,Broker,2016-07-14,2882.55,3005.2,172953.0,True,1,in_force,0
PH0102696,POL0502696,Elizabeth,White,elizabeth.white2696@example.com,CA,75,Home,Broker,2020-01-12,652.43,668.96,39146.0,False,2,in_force,0
PH0102697,POL0502697,Thomas,Harris,thomas.harris2697@example.com,IL,71,Auto,Broker,2017-10-07,2900.45,3023.27,174027.0,True,1,in_force,0
PH0102698,POL0502698,Linda,Smith,linda.smith2698@example.com,NJ,56,Auto,Broker,2020-06-03,2077.61,2143.11,124657.0,False,1,in_force,0
PH0102699,POL0502699,Daniel,Martinez,daniel.martinez2699@example.com,GA,70,Home,Broker,2023-04-05,2524.67,2570.83,151480.0,True,2,in_force,0
PH0102700,POL0502700,Mark,Smith,mark.smith2700@example.com,WA,71,Home,Agent,2019-11-22,1240.15,1268.31,74409.0,True,1,in_force,0
PH0102701,POL0502701,Thomas,Taylor,thomas.taylor2701@example.com,AZ,32,Umbrella,Direct,2023-01-19,2671.64,2685.43,160298.0,False,3,in_force,1
PH0102702,POL0502702,William,Johnson,william.johnson2702@example.com,GA,72,Life,Broker,2024-09-08,1725.5,1738.0,258825.0,False,2,in_force,1
PH0102703,POL0502703,Susan,Williams,susan.williams2703@example.com,NC,65,Home,Direct,2017-01-22,1740.19,1805.86,104411.0,True,2,in_force,0
PH0102704,POL0502704,Richard,Garcia,richard.garcia2704@example.com,WA,71,Life,Agent,2018-08-29,1155.0,1183.2,173250.0,False,3,in_force,0
PH0102705,POL0502705,Betty,Taylor,betty.taylor2705@example.com,CA,32,Umbrella,Direct,2018-05-20,2204.49,2209.16,132269.0,True,2,in_force,0
PH0102706,POL0502706,Karen,Anderson,karen.anderson2706@example.com,NJ,48,Auto,Agent,2016-01-04,694.5,701.17,41670.0,False,1,in_force,0
PH0102707,POL0502707,Richard,Johnson,richard.johnson2707@example.com,PA,40,Auto,Direct,2021-01-13,1831.34,1871.29,109880.0,False,3,in_force,0
PH0102708,POL0502708,Joseph,Perez,joseph.perez2708@example.com,MA,31,Life,Agent,2016-12-06,1465.76,1491.78,219864.0,True,3,in_force,0
PH0102709,POL0502709,Richard,Williams,richard.williams2709@example.com,NY,48,Auto,Agent,2017-10-29,2413.39,3011.11,144803.0,True,1,in_force,0
PH0102710,POL0502710,David,Hernandez,david.hernandez2710@example.com,IL,47,Auto,Broker,2017-10-26,1077.29,1123.93,64637.0,True,1,in_force,0
PH0102711,POL0502711,Sarah,Anderson,sarah.anderson2711@example.com,NJ,69,Auto,Agent,2022-07-14,2764.71,3636.99,165883.0,True,3,in_force,1
PH0102712,POL0502712,Nancy,Sanchez,nancy.sanchez2712@example.com,FL,68,Home,Broker,2017-03-05,706.68,716.34,42401.0,False,1,in_force,0
PH0102713,POL0502713,Mark,White,mark.white2713@example.com,OH,43,Life,Direct,2024-01-30,3515.27,3539.51,527290.0,False,1,in_force,0
PH0102714,POL0502714,Patricia,Smith,patricia.smith2714@example.com,MI,71,Auto,Broker,2022-12-15,2770.02,2884.77,166201.0,True,1,in_force,0
PH0102715,POL0502715,Daniel,Perez,daniel.perez2715@example.com,WA,67,Home,Direct,2017-03-27,942.27,943.74,56536.0,False,1,in_force,0
PH0102716,POL0502716,Jessica,Lewis,jessica.lewis2716@example.com,CA,39,Auto,Direct,2016-02-10,3653.43,3720.07,219206.0,False,1,in_force,1
PH0102717,POL0502717,Nancy,Martinez,nancy.martinez2717@example.com,NY,28,Auto,Direct,2017-07-31,2754.33,2788.23,165260.0,True,2,in_force,0
PH0102718,POL0502718,Anthony,Lee,anthony.lee2718@example.com,NJ,72,Auto,Direct,2021-06-03,1603.93,1673.6,96236.0,True,3,in_force,0
PH0102719,POL0502719,Anthony,White,anthony.white2719@example.com,GA,68,Life,Agent,2024-02-01,3233.1,3311.99,484965.0,False,2,in_force,0
PH0102720,POL0502720,Elizabeth,Davis,elizabeth.davis2720@example.com,GA,30,Auto,Agent,2024-10-04,2273.82,2279.04,136429.0,True,2,in_force,0
PH0102721,POL0502721,Linda,Davis,linda.davis2721@example.com,VA,51,Umbrella,Agent,2017-02-03,1914.29,1983.89,114857.0,False,3,in_force,1
PH0102722,POL0502722,Margaret,Lopez,margaret.lopez2722@example.com,NJ,56,Home,Broker,2023-01-04,3249.55,4274.14,194973.0,True,1,in_force,0
PH0102723,POL0502723,James,Harris,james.harris2723@example.com,FL,64,Life,Direct,2018-08-29,3798.25,3948.38,569738.0,True,2,in_force,0
PH0102724,POL0502724,Charles,Robinson,charles.robinson2724@example.com,IL,68,Auto,Direct,2020-04-04,2590.37,2658.23,155422.0,True,2,in_force,0
PH0102725,POL0502725,Mark,Johnson,mark.johnson2725@example.com,NJ,31,Auto,Agent,2019-03-31,2638.15,2663.2,158289.0,False,3,in_force,1
PH0102726,POL0502726,Susan,Thompson,susan.thompson2726@example.com,FL,42,Umbrella,Agent,2023-02-25,1500.16,1521.27,90010.0,True,1,in_force,0
PH0102727,POL0502727,Sandra,Harris,sandra.harris2727@example.com,NJ,39,Home,Broker,2019-08-25,2752.0,2876.39,165120.0,True,2,in_force,1
PH0102728,POL0502728,Daniel,Harris,daniel.harris2728@example.com,NY,74,Auto,Direct,2021-03-07,3617.58,3791.42,217055.0,True,2,in_force,0
PH0102729,POL0502729,Barbara,Lopez,barbara.lopez2729@example.com,MI,53,Life,Broker,2018-12-07,3297.78,3435.57,494667.0,False,3,in_force,0
PH0102730,POL0502730,David,Smith,david.smith2730@example.com,FL,74,Home,Direct,2016-10-10,2380.1,2888.55,142806.0,True,2,in_force,0
PH0102731,POL0502731,Nancy,Lopez,nancy.lopez2731@example.com,AZ,33,Home,Broker,2021-05-19,1547.76,1570.71,92866.0,False,3,in_force,0
PH0102732,POL0502732,Susan,Thompson,susan.thompson2732@example.com,NC,46,Home,Agent,2019-04-05,2001.16,2031.91,120070.0,True,1,in_force,0
PH0102733,POL0502733,Patricia,Smith,patricia.smith2733@example.com,OH,46,Auto,Agent,2021-09-14,3134.82,3757.12,188089.0,False,2,in_force,0
PH0102734,POL0502734,Mark,Taylor,mark.taylor2734@example.com,MA,29,Umbrella,Direct,2016-09-10,2363.63,2375.3,141818.0,True,3,in_force,0
PH0102735,POL0502735,Betty,Moore,betty.moore2735@example.com,FL,74,Home,Agent,2017-05-05,3023.88,3148.34,181433.0,False,3,in_force,1
PH0102736,POL0502736,Matthew,Harris,matthew.harris2736@example.com,GA,74,Home,Broker,2018-05-17,3039.42,3682.94,182365.0,True,3,in_force,0
PH0102737,POL0502737,Susan,Garcia,susan.garcia2737@example.com,VA,45,Auto,Agent,2016-12-30,3598.67,4302.51,215920.0,False,1,in_force,0
PH0102738,POL0502738,Elizabeth,Perez,elizabeth.perez2738@example.com,NJ,33,Home,Agent,2019-01-09,3247.03,3302.66,194822.0,False,2,in_force,0
PH0102739,POL0502739,David,Davis,david.davis2739@example.com,PA,41,Home,Direct,2022-01-28,844.95,875.66,50697.0,False,3,in_force,0
PH0102740,POL0502740,Barbara,Williams,barbara.williams2740@example.com,CA,40,Auto,Agent,2018-10-25,1801.43,1891.48,108086.0,False,3,in_force,1
PH0102741,POL0502741,Sarah,Miller,sarah.miller2741@example.com,PA,65,Home,Direct,2019-03-06,1440.13,1510.14,86408.0,False,2,in_force,0
PH0102742,POL0502742,Nancy,Brown,nancy.brown2742@example.com,GA,31,Auto,Agent,2016-05-27,1571.04,1601.94,94262.0,True,1,in_force,0
PH0102743,POL0502743,Christopher,Smith,christopher.smith2743@example.com,PA,76,Home,Direct,2019-08-20,1888.87,1928.03,113332.0,False,3,in_force,0
PH0102744,POL0502744,John,Thompson,john.thompson2744@example.com,FL,71,Auto,Agent,2021-06-26,2047.73,2080.5,122864.0,True,3,in_force,0
PH0102745,POL0502745,Joseph,Gonzalez,joseph.gonzalez2745@example.com,GA,31,Home,Direct,2024-10-01,1554.26,1812.5,93256.0,True,2,in_force,0
PH0102746,POL0502746,Elizabeth,Smith,elizabeth.smith2746@example.com,OH,65,Home,Broker,2024-04-22,720.94,726.51,43256.0,True,2,in_force,1
PH0102747,POL0502747,Jessica,Thomas,jessica.thomas2747@example.com,MI,66,Life,Agent,2021-09-30,1553.79,1595.3,233068.0,True,1,in_force,0
PH0102748,POL0502748,Robert,Sanchez,robert.sanchez2748@example.com,TX,31,Home,Agent,2022-09-24,797.65,942.3,47859.0,False,3,in_force,1
PH0102749,POL0502749,Matthew,Jones,matthew.jones2749@example.com,NJ,41,Auto,Agent,2022-03-13,1234.67,1262.96,74080.0,True,2,in_force,0
PH0102750,POL0502750,William,Martin,william.martin2750@example.com,FL,76,Auto,Agent,2023-02-25,2732.19,2848.77,163931.0,True,3,in_force,0
PH0102751,POL0502751,Karen,Hernandez,karen.hernandez2751@example.com,OH,60,Life,Broker,2022-04-26,1782.11,1866.04,267316.0,True,1,in_force,0
PH0102752,POL0502752,Patricia,Harris,patricia.harris2752@example.com,NC,75,Home,Direct,2018-03-22,2178.95,2284.58,130737.0,False,2,in_force,0
PH0102753,POL0502753,Michael,Harris,michael.harris2753@example.com,NJ,55,Auto,Agent,2016-07-30,1699.8,1701.61,101988.0,False,3,in_force,1
PH0102754,POL0502754,Sarah,Gonzalez,sarah.gonzalez2754@example.com,WA,65,Home,Direct,2019-09-29,3094.86,3209.09,185692.0,False,3,in_force,0
PH0102755,POL0502755,Susan,Jones,susan.jones2755@example.com,NC,52,Umbrella,Direct,2022-03-13,1083.98,1086.13,65039.0,True,2,in_force,0
PH0102756,POL0502756,Elizabeth,Sanchez,elizabeth.sanchez2756@example.com,AZ,33,Life,Agent,2018-11-28,1125.33,1170.07,168800.0,True,2,in_force,0
PH0102757,POL0502757,Matthew,Perez,matthew.perez2757@example.com,WA,43,Auto,Agent,2024-09-02,3176.69,3327.12,190601.0,False,2,in_force,0
PH0102758,POL0502758,Karen,Moore,karen.moore2758@example.com,AZ,60,Umbrella,Agent,2022-09-23,2167.5,2264.88,130050.0,True,2,in_force,0
PH0102759,POL0502759,Margaret,Garcia,margaret.garcia2759@example.com,IL,48,Home,Direct,2021-10-14,1138.1,1149.43,68286.0,True,1,in_force,0
PH0102760,POL0502760,Christopher,Davis,christopher.davis2760@example.com,NY,71,Auto,Agent,2023-08-21,3217.58,3800.36,193055.0,False,3,in_force,0
PH0102761,POL0502761,Nancy,Johnson,nancy.johnson2761@example.com,AZ,73,Auto,Direct,2020-09-01,3510.27,3597.94,210616.0,True,2,in_force,0
PH0102762,POL0502762,Margaret,Gonzalez,margaret.gonzalez2762@example.com,FL,36,Umbrella,Agent,2019-08-13,893.13,915.17,53588.0,True,2,in_force,0
PH0102763,POL0502763,Christopher,Jackson,christopher.jackson2763@example.com,CA,66,Home,Direct,2017-12-29,3164.16,3303.53,189850.0,False,3,in_force,1
PH0102764,POL0502764,Betty,Smith,betty.smith2764@example.com,TX,55,Auto,Direct,2017-09-30,2840.34,2850.36,170420.0,True,2,in_force,1
PH0102765,POL0502765,Nancy,White,nancy.white2765@example.com,OH,50,Auto,Direct,2019-02-10,1549.33,1581.11,92960.0,True,3,in_force,0
PH0102766,POL0502766,Mark,Martin,mark.martin2766@example.com,NY,40,Auto,Agent,2023-02-19,3172.59,3588.34,190355.0,True,3,in_force,1
PH0102767,POL0502767,Barbara,Sanchez,barbara.sanchez2767@example.com,AZ,48,Home,Agent,2016-09-26,3465.47,3567.14,207928.0,True,1,in_force,0
PH0102768,POL0502768,Mark,Lopez,mark.lopez2768@example.com,WA,59,Umbrella,Direct,2019-12-26,3162.8,3267.63,189768.0,False,2,in_force,0
PH0102769,POL0502769,Sarah,Johnson,sarah.johnson2769@example.com,FL,30,Auto,Direct,2018-02-15,1832.86,1875.19,109972.0,False,1,in_force,0
PH0102770,POL0502770,Thomas,Jackson,thomas.jackson2770@example.com,TX,48,Life,Agent,2020-03-01,2642.78,2707.68,396417.0,True,3,in_force,0
PH0102771,POL0502771,Betty,Wilson,betty.wilson2771@example.com,CA,28,Auto,Direct,2017-03-10,1247.21,1262.44,74833.0,False,1,in_force,0
PH0102772,POL0502772,David,Harris,david.harris2772@example.com,TX,59,Home,Direct,2022-08-06,1699.69,1716.02,101981.0,False,1,in_force,0
PH0102773,POL0502773,Robert,White,robert.white2773@example.com,WA,31,Home,Agent,2023-08-15,933.96,965.36,56038.0,False,2,in_force,0
PH0102774,POL0502774,Robert,Gonzalez,robert.gonzalez2774@example.com,NY,29,Auto,Broker,2017-01-30,3410.17,3442.38,204610.0,False,3,in_force,1
PH0102775,POL0502775,Jennifer,Taylor,jennifer.taylor2775@example.com,MA,68,Life,Agent,2016-01-29,3237.75,3251.43,485662.0,True,1,in_force,0
PH0102776,POL0502776,Karen,Perez,karen.perez2776@example.com,IL,50,Auto,Direct,2021-08-18,1663.96,1690.98,99838.0,True,1,in_force,0
PH0102777,POL0502777,Lisa,Rodriguez,lisa.rodriguez2777@example.com,IL,55,Auto,Direct,2018-10-26,3191.71,3699.57,191503.0,True,3,in_force,0
PH0102778,POL0502778,Robert,Harris,robert.harris2778@example.com,MI,44,Home,Direct,2021-01-20,2513.2,2541.36,150792.0,True,3,in_force,0
PH0102779,POL0502779,Matthew,Jones,matthew.jones2779@example.com,IL,72,Auto,Direct,2016-12-11,3053.83,3099.02,183230.0,True,1,in_force,0
PH0102780,POL0502780,John,Rodriguez,john.rodriguez2780@example.com,AZ,62,Auto,Agent,2020-02-22,3687.49,4758.35,221249.0,False,2,in_force,1
PH0102781,POL0502781,Patricia,Moore,patricia.moore2781@example.com,GA,40,Home,Direct,2017-04-20,3448.38,3550.53,206903.0,True,1,in_force,0
PH0102782,POL0502782,Linda,Martin,linda.martin2782@example.com,AZ,35,Auto,Agent,2020-05-25,1091.55,1438.71,65493.0,False,2,in_force,1
PH0102783,POL0502783,Susan,Perez,susan.perez2783@example.com,NY,35,Home,Direct,2020-09-28,1659.68,1735.93,99581.0,False,2,in_force,1
PH0102784,POL0502784,Christopher,Martinez,christopher.martinez2784@example.com,WA,68,Auto,Agent,2019-07-02,1568.0,1850.18,94080.0,True,3,in_force,0
PH0102785,POL0502785,Patricia,Hernandez,patricia.hernandez2785@example.com,IL,39,Umbrella,Direct,2019-07-18,943.84,969.28,56630.0,True,1,in_force,0
PH0102786,POL0502786,Robert,Lopez,robert.lopez2786@example.com,TX,41,Home,Broker,2020-06-03,3596.64,3655.53,215798.0,False,2,in_force,0
PH0102787,POL0502787,Barbara,Lee,barbara.lee2787@example.com,WA,47,Auto,Agent,2021-03-30,869.48,910.3,52169.0,True,2,in_force,0
PH0102788,POL0502788,Betty,Davis,betty.davis2788@example.com,OH,63,Auto,Agent,2022-11-02,2613.51,2674.87,156811.0,True,3,in_force,0
PH0102789,POL0502789,Jennifer,Rodriguez,jennifer.rodriguez2789@example.com,WA,36,Life,Direct,2019-08-05,1908.85,1965.38,286328.0,True,1,in_force,0
PH0102790,POL0502790,Joseph,Robinson,joseph.robinson2790@example.com,OH,63,Auto,Agent,2023-12-29,2274.93,2305.77,136496.0,True,2,in_force,1
PH0102791,POL0502791,Linda,Wilson,linda.wilson2791@example.com,TX,60,Auto,Broker,2021-11-20,3042.94,4001.19,182576.0,True,1,in_force,1
PH0102792,POL0502792,Anthony,Lee,anthony.lee2792@example.com,MI,48,Auto,Direct,2018-10-29,3657.08,3672.4,219425.0,False,1,in_force,0
PH0102793,POL0502793,Robert,Anderson,robert.anderson2793@example.com,OH,65,Auto,Broker,2016-07-03,2144.98,2211.65,128699.0,True,2,in_force,0
PH0102794,POL0502794,Joseph,Johnson,joseph.johnson2794@example.com,NJ,35,Auto,Agent,2022-09-21,1863.32,1932.09,111799.0,True,3,in_force,0
PH0102795,POL0502795,Jennifer,Gonzalez,jennifer.gonzalez2795@example.com,GA,35,Auto,Direct,2018-02-03,3157.45,3159.23,189447.0,False,2,in_force,0
PH0102796,POL0502796,Susan,Johnson,susan.johnson2796@example.com,CA,75,Life,Broker,2021-06-21,2906.46,3804.76,435969.0,True,2,in_force,0
PH0102797,POL0502797,David,Rodriguez,david.rodriguez2797@example.com,AZ,76,Auto,Agent,2022-08-31,1651.84,1699.46,99110.0,True,3,in_force,0
PH0102798,POL0502798,Daniel,Lewis,daniel.lewis2798@example.com,MI,49,Home,Agent,2022-05-05,2846.62,2884.22,170797.0,False,1,in_force,0
PH0102799,POL0502799,Linda,Davis,linda.davis2799@example.com,FL,58,Home,Agent,2020-05-22,1854.17,1900.7,111250.0,True,1,in_force,0
PH0102800,POL0502800,Robert,Hernandez,robert.hernandez2800@example.com,TX,39,Home,Direct,2019-08-24,2308.5,2398.94,138510.0,True,2,in_force,0
PH0102801,POL0502801,Jennifer,Johnson,jennifer.johnson2801@example.com,WA,53,Life,Direct,2016-01-10,2934.86,3026.61,440229.0,True,1,in_force,0
PH0102802,POL0502802,Mary,Anderson,mary.anderson2802@example.com,IL,32,Home,Direct,2017-04-08,2440.38,2560.03,146423.0,True,3,in_force,0
PH0102803,POL0502803,Nancy,Garcia,nancy.garcia2803@example.com,NC,33,Life,Direct,2019-07-31,3075.36,3219.76,461304.0,True,3,in_force,0
PH0102804,POL0502804,Linda,Wilson,linda.wilson2804@example.com,MA,31,Auto,Agent,2020-08-15,1495.96,1556.35,89758.0,False,1,in_force,0
PH0102805,POL0502805,Karen,Lewis,karen.lewis2805@example.com,MI,54,Auto,Direct,2024-03-28,859.56,873.88,51574.0,True,1,in_force,1
PH0102806,POL0502806,Jessica,Jackson,jessica.jackson2806@example.com,FL,59,Life,Direct,2016-12-16,1783.87,2181.25,267580.0,True,2,in_force,0
PH0102807,POL0502807,Joseph,Lewis,joseph.lewis2807@example.com,AZ,66,Umbrella,Direct,2021-02-15,3796.78,3902.87,227807.0,True,2,in_force,0
PH0102808,POL0502808,Patricia,Clark,patricia.clark2808@example.com,AZ,44,Life,Agent,2020-09-05,1425.67,1492.23,213850.0,False,3,in_force,0
PH0102809,POL0502809,Betty,Hernandez,betty.hernandez2809@example.com,VA,71,Umbrella,Agent,2023-10-05,3031.8,3105.72,181908.0,False,1,in_force,1
PH0102810,POL0502810,Patricia,Brown,patricia.brown2810@example.com,NC,63,Home,Direct,2016-03-24,768.36,803.51,46102.0,True,1,in_force,0
PH0102811,POL0502811,William,Gonzalez,william.gonzalez2811@example.com,NC,33,Auto,Agent,2016-10-30,1458.63,1705.2,87518.0,True,1,in_force,0
PH0102812,POL0502812,Daniel,Martin,daniel.martin2812@example.com,AZ,53,Auto,Broker,2018-09-19,3293.06,4293.43,197584.0,True,2,in_force,0
PH0102813,POL0502813,Anthony,Perez,anthony.perez2813@example.com,PA,28,Auto,Direct,2020-11-02,3536.72,3647.91,212203.0,False,3,in_force,0
PH0102814,POL0502814,Jessica,Jones,jessica.jones2814@example.com,GA,75,Auto,Direct,2021-08-06,3067.22,3511.5,184033.0,True,3,in_force,0
PH0102815,POL0502815,Mary,Robinson,mary.robinson2815@example.com,VA,46,Life,Direct,2024-09-02,710.48,724.92,106572.0,False,2,in_force,1
PH0102816,POL0502816,Susan,Taylor,susan.taylor2816@example.com,MA,64,Home,Direct,2021-06-04,811.27,840.61,48676.0,False,3,in_force,1
PH0102817,POL0502817,Robert,Harris,robert.harris2817@example.com,NJ,53,Auto,Broker,2016-05-16,2549.48,2589.38,152969.0,True,1,in_force,0
PH0102818,POL0502818,Robert,Sanchez,robert.sanchez2818@example.com,CA,71,Home,Direct,2018-07-01,2231.37,2237.12,133882.0,False,3,in_force,0
PH0102819,POL0502819,Jessica,Taylor,jessica.taylor2819@example.com,VA,76,Umbrella,Agent,2018-08-18,2771.59,2823.29,166295.0,True,3,in_force,0
PH0102820,POL0502820,Jennifer,Johnson,jennifer.johnson2820@example.com,MA,67,Umbrella,Agent,2022-06-11,1085.35,1289.82,65121.0,True,3,in_force,1
PH0102821,POL0502821,Lisa,Wilson,lisa.wilson2821@example.com,TX,73,Auto,Direct,2021-10-18,1947.63,1961.62,116858.0,True,2,in_force,0
PH0102822,POL0502822,Lisa,Anderson,lisa.anderson2822@example.com,CA,35,Home,Agent,2021-11-08,2204.61,2920.73,132277.0,True,1,in_force,0
PH0102823,POL0502823,Mark,Johnson,mark.johnson2823@example.com,FL,34,Home,Direct,2021-09-26,3607.61,3632.65,216457.0,True,1,in_force,0
PH0102824,POL0502824,Mary,Gonzalez,mary.gonzalez2824@example.com,VA,29,Auto,Agent,2017-02-12,2900.36,2900.99,174022.0,True,1,in_force,1
PH0102825,POL0502825,Jessica,Thompson,jessica.thompson2825@example.com,PA,34,Auto,Broker,2017-12-06,1355.57,1372.58,81334.0,True,2,in_force,0
PH0102826,POL0502826,Anthony,Rodriguez,anthony.rodriguez2826@example.com,NY,64,Auto,Agent,2020-10-17,2561.31,2650.67,153679.0,False,3,in_force,1
PH0102827,POL0502827,Linda,Lee,linda.lee2827@example.com,IL,43,Home,Direct,2019-01-19,2696.27,2791.23,161776.0,True,1,in_force,0
PH0102828,POL0502828,Mary,White,mary.white2828@example.com,WA,54,Umbrella,Direct,2018-12-13,3598.74,4526.06,215924.0,True,2,in_force,1
PH0102829,POL0502829,Sandra,Jackson,sandra.jackson2829@example.com,OH,40,Life,Direct,2024-08-10,2730.36,2799.84,409554.0,True,3,in_force,0
PH0102830,POL0502830,Richard,Gonzalez,richard.gonzalez2830@example.com,WA,74,Auto,Broker,2022-08-30,2724.53,2784.33,163472.0,True,1,in_force,0
PH0102831,POL0502831,Lisa,Perez,lisa.perez2831@example.com,NY,47,Home,Broker,2017-01-31,662.92,679.1,39775.0,True,2,in_force,0
PH0102832,POL0502832,Michael,Taylor,michael.taylor2832@example.com,OH,47,Auto,Broker,2016-03-31,3278.2,3429.87,196692.0,True,3,in_force,0
PH0102833,POL0502833,Anthony,Miller,anthony.miller2833@example.com,TX,60,Umbrella,Agent,2021-04-13,2718.04,2820.31,163082.0,True,1,in_force,0
PH0102834,POL0502834,Linda,Rodriguez,linda.rodriguez2834@example.com,MA,33,Home,Agent,2020-07-25,3361.89,4243.51,201713.0,True,2,in_force,0
PH0102835,POL0502835,Margaret,Miller,margaret.miller2835@example.com,MI,39,Life,Agent,2017-05-19,3808.03,3960.32,571204.0,True,1,in_force,0
PH0102836,POL0502836,Linda,Sanchez,linda.sanchez2836@example.com,AZ,28,Home,Broker,2022-11-19,2520.56,2557.89,151234.0,True,2,in_force,0
PH0102837,POL0502837,Sandra,Lee,sandra.lee2837@example.com,MA,69,Umbrella,Agent,2018-09-26,3562.17,3683.17,213730.0,False,1,in_force,0
PH0102838,POL0502838,Richard,Jackson,richard.jackson2838@example.com,WA,61,Auto,Direct,2024-09-01,1428.37,1472.59,85702.0,True,2,in_force,1
PH0102839,POL0502839,Barbara,Lee,barbara.lee2839@example.com,OH,58,Auto,Broker,2022-02-18,2298.55,2953.07,137913.0,True,3,in_force,0
PH0102840,POL0502840,Betty,Thompson,betty.thompson2840@example.com,NJ,74,Auto,Direct,2019-08-05,1793.16,1802.48,107590.0,True,1,in_force,0
PH0102841,POL0502841,Karen,Martinez,karen.martinez2841@example.com,TX,42,Auto,Direct,2023-02-26,1194.41,1240.52,71665.0,True,3,in_force,0
PH0102842,POL0502842,Anthony,Moore,anthony.moore2842@example.com,FL,46,Home,Direct,2021-07-16,1085.49,1102.65,65129.0,True,2,in_force,0
PH0102843,POL0502843,Charles,Garcia,charles.garcia2843@example.com,CA,36,Umbrella,Broker,2022-06-29,1935.66,1968.7,116140.0,False,3,in_force,1
PH0102844,POL0502844,Jennifer,Sanchez,jennifer.sanchez2844@example.com,IL,40,Home,Agent,2019-10-05,3793.96,3978.39,227638.0,True,1,in_force,0
PH0102845,POL0502845,Sarah,Thomas,sarah.thomas2845@example.com,NJ,65,Auto,Broker,2018-04-03,1737.91,1823.57,104275.0,True,1,in_force,0
PH0102846,POL0502846,Michael,Williams,michael.williams2846@example.com,WA,77,Life,Broker,2019-09-01,1106.58,1257.0,165987.0,True,3,in_force,0
PH0102847,POL0502847,Christopher,Clark,christopher.clark2847@example.com,NC,48,Home,Direct,2016-07-19,1927.02,1996.39,115621.0,True,2,in_force,0
PH0102848,POL0502848,Margaret,Anderson,margaret.anderson2848@example.com,NJ,32,Home,Broker,2017-06-27,2985.17,3651.33,179110.0,True,2,in_force,0
PH0102849,POL0502849,Margaret,Hernandez,margaret.hernandez2849@example.com,VA,76,Auto,Agent,2017-03-10,1983.81,1987.12,119029.0,False,2,in_force,1
PH0102850,POL0502850,Lisa,Williams,lisa.williams2850@example.com,FL,62,Home,Agent,2017-05-12,3712.28,3767.21,222737.0,False,3,in_force,0
PH0102851,POL0502851,Betty,Hernandez,betty.hernandez2851@example.com,FL,37,Auto,Agent,2016-03-30,3243.21,3328.15,194593.0,True,1,in_force,0
PH0102852,POL0502852,Thomas,Miller,thomas.miller2852@example.com,AZ,69,Auto,Agent,2023-07-07,1482.77,1504.32,88966.0,True,2,in_force,0
PH0102853,POL0502853,Betty,Brown,betty.brown2853@example.com,GA,44,Home,Broker,2018-03-31,1620.82,1659.77,97249.0,False,1,in_force,1
PH0102854,POL0502854,Karen,Williams,karen.williams2854@example.com,CA,34,Home,Broker,2016-08-17,1435.1,1483.93,86106.0,True,1,in_force,1
PH0102855,POL0502855,Karen,Johnson,karen.johnson2855@example.com,OH,71,Home,Broker,2016-01-04,3324.67,3475.04,199480.0,False,2,in_force,1
PH0102856,POL0502856,Matthew,Gonzalez,matthew.gonzalez2856@example.com,MA,68,Umbrella,Agent,2021-10-05,1087.16,1096.57,65230.0,True,1,in_force,1
PH0102857,POL0502857,Karen,Gonzalez,karen.gonzalez2857@example.com,IL,44,Home,Direct,2016-06-11,3615.34,4206.13,216920.0,True,2,in_force,0
PH0102858,POL0502858,Jessica,Anderson,jessica.anderson2858@example.com,TX,44,Auto,Agent,2017-08-09,1666.81,1728.75,100009.0,False,1,in_force,0
PH0102859,POL0502859,Joseph,Anderson,joseph.anderson2859@example.com,NC,51,Life,Direct,2023-07-12,2600.72,2678.61,390108.0,False,1,in_force,0
PH0102860,POL0502860,Sandra,Davis,sandra.davis2860@example.com,NC,43,Home,Direct,2018-12-07,2027.42,2070.2,121645.0,True,2,in_force,0
PH0102861,POL0502861,Jessica,Martinez,jessica.martinez2861@example.com,NJ,54,Home,Agent,2019-03-03,1084.44,1086.78,65066.0,True,2,in_force,0
PH0102862,POL0502862,David,Martinez,david.martinez2862@example.com,AZ,72,Umbrella,Agent,2016-04-12,1563.43,1599.1,93806.0,False,2,in_force,0
PH0102863,POL0502863,Patricia,White,patricia.white2863@example.com,TX,77,Auto,Broker,2016-07-12,1879.37,2455.36,112762.0,True,1,in_force,1
PH0102864,POL0502864,John,Lopez,john.lopez2864@example.com,PA,30,Life,Direct,2022-12-14,1932.52,1933.01,289878.0,True,1,in_force,0
PH0102865,POL0502865,Matthew,Williams,matthew.williams2865@example.com,NY,52,Home,Direct,2023-07-26,2741.74,2855.17,164504.0,False,3,in_force,0
PH0102866,POL0502866,Jennifer,Brown,jennifer.brown2866@example.com,VA,62,Home,Direct,2024-03-15,2330.17,2398.59,139810.0,True,2,in_force,0
PH0102867,POL0502867,Robert,Robinson,robert.robinson2867@example.com,VA,45,Auto,Agent,2019-04-11,3017.06,3026.05,181024.0,True,3,in_force,0
PH0102868,POL0502868,William,White,william.white2868@example.com,MA,29,Life,Direct,2022-02-23,2867.15,2905.85,430072.0,False,3,in_force,0
PH0102869,POL0502869,Richard,Lee,richard.lee2869@example.com,GA,38,Umbrella,Agent,2018-09-26,1935.97,1945.64,116158.0,False,2,in_force,0
PH0102870,POL0502870,Michael,Martinez,michael.martinez2870@example.com,CA,65,Umbrella,Agent,2020-09-08,1209.4,1244.91,72564.0,True,2,in_force,0
PH0102871,POL0502871,Joseph,Jackson,joseph.jackson2871@example.com,GA,56,Auto,Agent,2020-07-23,1294.86,1327.34,77692.0,True,3,in_force,0
PH0102872,POL0502872,Jennifer,Davis,jennifer.davis2872@example.com,FL,64,Umbrella,Agent,2016-01-24,3170.27,3282.06,190216.0,False,3,in_force,0
PH0102873,POL0502873,Sarah,Moore,sarah.moore2873@example.com,MA,28,Life,Direct,2023-11-10,2459.49,2507.19,368923.0,False,3,in_force,0
PH0102874,POL0502874,William,Gonzalez,william.gonzalez2874@example.com,AZ,34,Auto,Agent,2023-12-21,728.04,739.01,43682.0,True,3,in_force,0
PH0102875,POL0502875,Richard,Smith,richard.smith2875@example.com,OH,62,Home,Agent,2022-08-24,2197.23,2251.3,131834.0,True,2,in_force,0
PH0102876,POL0502876,Matthew,Sanchez,matthew.sanchez2876@example.com,OH,43,Umbrella,Direct,2024-06-27,1600.02,1679.53,96001.0,False,2,in_force,0
PH0102877,POL0502877,William,Davis,william.davis2877@example.com,CA,45,Auto,Broker,2019-05-31,2139.04,2234.32,128342.0,True,3,in_force,1
PH0102878,POL0502878,Sandra,Williams,sandra.williams2878@example.com,NC,68,Home,Agent,2020-07-11,2697.79,2726.0,161867.0,True,1,in_force,0
PH0102879,POL0502879,Barbara,Williams,barbara.williams2879@example.com,AZ,35,Home,Direct,2017-06-04,3548.42,3674.68,212905.0,True,2,in_force,0
PH0102880,POL0502880,Joseph,Harris,joseph.harris2880@example.com,PA,53,Home,Agent,2020-03-14,3760.33,3830.27,225620.0,True,1,in_force,0
PH0102881,POL0502881,William,Lee,william.lee2881@example.com,VA,29,Auto,Agent,2016-06-22,855.85,1018.06,51351.0,True,3,in_force,1
PH0102882,POL0502882,Thomas,Jones,thomas.jones2882@example.com,GA,37,Umbrella,Agent,2020-07-31,1857.78,1905.08,111467.0,False,3,in_force,0
PH0102883,POL0502883,Jessica,Jones,jessica.jones2883@example.com,NC,39,Auto,Direct,2019-06-13,2125.24,2168.02,127514.0,False,2,in_force,1
PH0102884,POL0502884,Sandra,Martin,sandra.martin2884@example.com,IL,42,Auto,Direct,2017-10-10,2494.71,2507.92,149683.0,True,2,in_force,1
PH0102885,POL0502885,Jessica,Brown,jessica.brown2885@example.com,MI,34,Auto,Agent,2021-07-11,1813.79,2373.93,108827.0,True,2,in_force,1
PH0102886,POL0502886,Linda,Rodriguez,linda.rodriguez2886@example.com,MA,58,Auto,Direct,2018-11-30,1814.9,1904.57,108894.0,True,1,in_force,1
PH0102887,POL0502887,James,White,james.white2887@example.com,WA,55,Home,Agent,2016-05-28,3738.06,3860.69,224284.0,True,2,in_force,0
PH0102888,POL0502888,Joseph,Taylor,joseph.taylor2888@example.com,GA,29,Umbrella,Agent,2018-07-26,3275.83,3290.15,196550.0,True,3,in_force,0
PH0102889,POL0502889,John,Taylor,john.taylor2889@example.com,NJ,37,Auto,Broker,2020-09-09,1242.26,1249.81,74536.0,True,2,in_force,1
PH0102890,POL0502890,Lisa,White,lisa.white2890@example.com,MI,30,Auto,Direct,2022-07-13,1172.35,1418.47,70341.0,True,2,in_force,0
PH0102891,POL0502891,Betty,Ramirez,betty.ramirez2891@example.com,AZ,40,Umbrella,Broker,2023-09-21,778.09,795.76,46685.0,False,2,in_force,1
PH0102892,POL0502892,Christopher,Davis,christopher.davis2892@example.com,GA,49,Auto,Agent,2022-07-27,2687.6,2744.15,161256.0,True,1,in_force,1
PH0102893,POL0502893,Susan,Williams,susan.williams2893@example.com,NJ,67,Auto,Direct,2022-12-16,3282.19,3309.99,196931.0,False,2,in_force,0
PH0102894,POL0502894,Linda,Anderson,linda.anderson2894@example.com,CA,67,Home,Agent,2019-05-16,3313.56,3416.88,198814.0,True,2,in_force,0
PH0102895,POL0502895,James,Taylor,james.taylor2895@example.com,NY,66,Auto,Broker,2023-10-24,3844.61,5001.34,230677.0,True,3,in_force,1
PH0102896,POL0502896,Elizabeth,Lopez,elizabeth.lopez2896@example.com,NY,62,Umbrella,Agent,2022-02-16,1148.59,1164.18,68915.0,True,2,in_force,0
PH0102897,POL0502897,William,White,william.white2897@example.com,VA,60,Auto,Direct,2019-03-23,2393.44,3017.52,143606.0,False,2,in_force,1
PH0102898,POL0502898,Thomas,Gonzalez,thomas.gonzalez2898@example.com,NY,36,Life,Direct,2019-02-18,3203.04,3343.64,480456.0,False,1,in_force,0
PH0102899,POL0502899,Mary,Thompson,mary.thompson2899@example.com,NJ,30,Life,Direct,2017-08-27,1618.93,1648.8,242840.0,True,3,in_force,0
PH0102900,POL0502900,Elizabeth,Miller,elizabeth.miller2900@example.com,IL,60,Auto,Broker,2023-08-11,2476.16,2572.77,148570.0,True,2,in_force,0
PH0102901,POL0502901,Daniel,Davis,daniel.davis2901@example.com,MA,77,Home,Agent,2019-04-01,3739.16,3769.61,224350.0,True,3,in_force,1
PH0102902,POL0502902,Sandra,Moore,sandra.moore2902@example.com,NJ,36,Home,Direct,2023-12-21,2094.97,2377.62,125698.0,True,3,in_force,0
PH0102903,POL0502903,Sandra,Davis,sandra.davis2903@example.com,TX,39,Life,Direct,2022-02-19,2251.15,2772.91,337672.0,True,3,in_force,0
PH0102904,POL0502904,Richard,Thompson,richard.thompson2904@example.com,IL,49,Auto,Broker,2016-04-08,1652.69,1948.0,99161.0,True,2,in_force,0
PH0102905,POL0502905,Sandra,Rodriguez,sandra.rodriguez2905@example.com,GA,72,Umbrella,Agent,2020-03-10,2847.3,2983.51,170838.0,True,2,in_force,0
PH0102906,POL0502906,Daniel,Jones,daniel.jones2906@example.com,OH,28,Life,Broker,2017-11-27,2721.24,2851.39,408186.0,True,3,in_force,0
PH0102907,POL0502907,Jennifer,Williams,jennifer.williams2907@example.com,PA,61,Life,Direct,2020-06-27,1176.64,1218.27,176496.0,True,1,in_force,1
PH0102908,POL0502908,Barbara,Wilson,barbara.wilson2908@example.com,MA,54,Auto,Agent,2018-08-22,3768.1,3773.07,226086.0,False,3,in_force,0
PH0102909,POL0502909,Michael,Taylor,michael.taylor2909@example.com,AZ,56,Auto,Direct,2019-08-20,1261.24,1307.53,75674.0,False,1,in_force,1
PH0102910,POL0502910,Mark,Sanchez,mark.sanchez2910@example.com,TX,52,Auto,Direct,2017-12-29,1744.96,1776.33,104698.0,True,2,in_force,0
PH0102911,POL0502911,John,White,john.white2911@example.com,NJ,30,Home,Broker,2020-01-14,1203.88,1233.91,72233.0,True,1,in_force,0
PH0102912,POL0502912,Joseph,Martin,joseph.martin2912@example.com,TX,73,Home,Broker,2023-09-03,3713.12,3728.13,222787.0,True,2,in_force,0
PH0102913,POL0502913,Barbara,Sanchez,barbara.sanchez2913@example.com,MI,52,Auto,Direct,2019-08-05,3500.0,3640.73,210000.0,False,2,in_force,0
PH0102914,POL0502914,Susan,Taylor,susan.taylor2914@example.com,WA,65,Life,Direct,2018-03-31,1187.03,1557.77,178054.0,False,2,in_force,1
PH0102915,POL0502915,James,Gonzalez,james.gonzalez2915@example.com,CA,53,Auto,Direct,2021-07-09,2913.6,3056.26,174816.0,True,3,in_force,1
PH0102916,POL0502916,William,Jones,william.jones2916@example.com,NC,66,Umbrella,Direct,2017-12-30,2230.68,2310.22,133841.0,True,2,in_force,0
PH0102917,POL0502917,Charles,Williams,charles.williams2917@example.com,MI,49,Auto,Broker,2020-12-12,2403.13,2404.36,144188.0,False,1,in_force,0
PH0102918,POL0502918,Sandra,Perez,sandra.perez2918@example.com,NJ,40,Auto,Direct,2024-06-19,3487.69,3604.7,209261.0,True,3,in_force,1
PH0102919,POL0502919,Margaret,White,margaret.white2919@example.com,OH,72,Home,Direct,2018-01-26,2151.22,2176.28,129073.0,True,1,in_force,0
PH0102920,POL0502920,Linda,Wilson,linda.wilson2920@example.com,FL,63,Auto,Direct,2022-02-27,2181.22,2192.47,130873.0,True,3,in_force,0
PH0102921,POL0502921,Charles,Wilson,charles.wilson2921@example.com,IL,38,Home,Agent,2023-03-23,3377.15,4280.75,202629.0,True,2,in_force,0
PH0102922,POL0502922,Susan,Gonzalez,susan.gonzalez2922@example.com,FL,64,Life,Agent,2016-03-25,1300.72,1305.09,195108.0,True,1,in_force,0
PH0102923,POL0502923,John,Perez,john.perez2923@example.com,GA,50,Umbrella,Broker,2023-06-28,2203.76,2241.1,132226.0,False,1,in_force,1
PH0102924,POL0502924,Lisa,Rodriguez,lisa.rodriguez2924@example.com,VA,36,Home,Agent,2021-03-30,808.94,823.85,48536.0,False,3,in_force,1
PH0102925,POL0502925,Margaret,Jackson,margaret.jackson2925@example.com,NJ,30,Home,Broker,2016-10-14,1828.79,2076.39,109727.0,True,2,in_force,0
PH0102926,POL0502926,Jennifer,Davis,jennifer.davis2926@example.com,NJ,46,Auto,Broker,2018-05-06,1907.59,1949.39,114455.0,True,3,in_force,0
PH0102927,POL0502927,Mary,Davis,mary.davis2927@example.com,CA,57,Auto,Direct,2020-01-21,1747.73,1816.11,104864.0,True,3,in_force,0
PH0102928,POL0502928,David,White,david.white2928@example.com,NJ,49,Home,Broker,2023-10-04,1404.08,1419.42,84245.0,True,3,in_force,1
PH0102929,POL0502929,Daniel,Ramirez,daniel.ramirez2929@example.com,NJ,74,Auto,Agent,2021-03-27,1918.74,1999.56,115124.0,False,3,in_force,0
PH0102930,POL0502930,Mark,Martinez,mark.martinez2930@example.com,FL,68,Auto,Broker,2021-03-08,3630.7,4417.15,217842.0,True,2,in_force,0
PH0102931,POL0502931,Daniel,Smith,daniel.smith2931@example.com,CA,37,Auto,Direct,2020-02-19,2428.67,2779.39,145720.0,False,1,in_force,1
PH0102932,POL0502932,Margaret,Martin,margaret.martin2932@example.com,MA,40,Auto,Direct,2021-02-21,2988.42,3126.88,179305.0,False,1,in_force,1
PH0102933,POL0502933,Lisa,Ramirez,lisa.ramirez2933@example.com,MI,36,Life,Agent,2021-02-15,3274.81,3301.21,491222.0,False,2,in_force,0
PH0102934,POL0502934,Thomas,Davis,thomas.davis2934@example.com,WA,77,Home,Broker,2021-12-18,2597.84,2719.9,155870.0,False,2,in_force,0
PH0102935,POL0502935,John,Wilson,john.wilson2935@example.com,FL,51,Home,Agent,2018-01-16,3661.3,3784.55,219678.0,True,3,in_force,0
PH0102936,POL0502936,Robert,Harris,robert.harris2936@example.com,CA,44,Umbrella,Agent,2019-12-27,1546.76,1551.35,92806.0,True,3,in_force,0
PH0102937,POL0502937,Betty,Wilson,betty.wilson2937@example.com,MI,51,Home,Broker,2017-02-24,3011.56,3138.65,180694.0,True,3,in_force,0
PH0102938,POL0502938,Barbara,Martinez,barbara.martinez2938@example.com,CA,33,Home,Direct,2020-06-01,3418.9,3576.58,205134.0,False,2,in_force,0
PH0102939,POL0502939,Charles,Thomas,charles.thomas2939@example.com,MI,33,Auto,Direct,2019-07-23,1158.57,1211.87,69514.0,False,1,in_force,1
PH0102940,POL0502940,Betty,Brown,betty.brown2940@example.com,CA,32,Auto,Agent,2020-11-12,2581.2,2676.37,154872.0,True,1,in_force,1
PH0102941,POL0502941,James,Lopez,james.lopez2941@example.com,PA,39,Home,Direct,2018-04-19,2249.56,2579.38,134974.0,True,1,in_force,0
PH0102942,POL0502942,David,Garcia,david.garcia2942@example.com,NJ,62,Life,Agent,2023-03-02,1809.35,1849.3,271402.0,False,3,in_force,0
PH0102943,POL0502943,Matthew,Brown,matthew.brown2943@example.com,OH,36,Life,Agent,2024-02-13,1891.23,1910.03,283684.0,True,2,in_force,1
PH0102944,POL0502944,Lisa,Smith,lisa.smith2944@example.com,IL,74,Auto,Broker,2019-08-03,1406.44,1746.56,84386.0,True,1,in_force,0
PH0102945,POL0502945,Richard,Harris,richard.harris2945@example.com,AZ,75,Home,Direct,2017-07-23,3332.79,3764.2,199967.0,False,2,in_force,0
PH0102946,POL0502946,Lisa,Hernandez,lisa.hernandez2946@example.com,WA,41,Auto,Agent,2016-09-22,886.21,891.96,53173.0,True,3,in_force,0
PH0102947,POL0502947,Barbara,Martinez,barbara.martinez2947@example.com,NJ,62,Auto,Direct,2020-07-13,782.89,795.67,46973.0,True,3,in_force,0
PH0102948,POL0502948,Margaret,Clark,margaret.clark2948@example.com,NY,28,Auto,Agent,2020-07-01,1759.5,1764.83,105570.0,True,3,in_force,0
PH0102949,POL0502949,Linda,Lee,linda.lee2949@example.com,GA,34,Umbrella,Agent,2018-04-22,932.78,947.19,55967.0,True,3,in_force,0
PH0102950,POL0502950,Michael,Jones,michael.jones2950@example.com,NC,72,Home,Direct,2024-05-23,2326.34,2785.32,139580.0,True,3,in_force,1
PH0102951,POL0502951,Matthew,Williams,matthew.williams2951@example.com,OH,38,Auto,Agent,2018-06-24,3334.77,3960.89,200086.0,True,3,in_force,0
PH0102952,POL0502952,Thomas,Perez,thomas.perez2952@example.com,MA,63,Umbrella,Agent,2024-03-09,863.42,880.94,51805.0,False,2,in_force,0
PH0102953,POL0502953,Sarah,Jackson,sarah.jackson2953@example.com,PA,36,Home,Agent,2024-08-01,1278.96,1644.82,76738.0,False,3,in_force,1
PH0102954,POL0502954,William,Martinez,william.martinez2954@example.com,FL,50,Auto,Agent,2022-10-28,2272.04,2351.36,136322.0,True,1,in_force,0
PH0102955,POL0502955,Karen,Miller,karen.miller2955@example.com,PA,42,Auto,Direct,2020-03-23,2699.57,2755.84,161974.0,True,3,in_force,0
PH0102956,POL0502956,Karen,Johnson,karen.johnson2956@example.com,NY,60,Home,Direct,2023-07-23,2701.64,2820.7,162098.0,True,1,in_force,0
PH0102957,POL0502957,Margaret,Brown,margaret.brown2957@example.com,WA,55,Auto,Agent,2017-04-25,903.21,909.86,54193.0,False,2,in_force,0
PH0102958,POL0502958,Richard,Clark,richard.clark2958@example.com,FL,43,Home,Broker,2024-08-04,3031.95,3087.66,181917.0,False,2,in_force,1
PH0102959,POL0502959,Anthony,Smith,anthony.smith2959@example.com,MA,76,Auto,Agent,2016-10-04,1120.29,1151.96,67217.0,True,3,in_force,0
PH0102960,POL0502960,John,Miller,john.miller2960@example.com,OH,31,Umbrella,Direct,2019-06-17,1592.91,1655.39,95575.0,False,1,in_force,0
PH0102961,POL0502961,Nancy,Jones,nancy.jones2961@example.com,TX,58,Umbrella,Direct,2020-10-16,3638.78,3745.72,218327.0,True,3,in_force,0
PH0102962,POL0502962,Mary,Thomas,mary.thomas2962@example.com,CA,30,Home,Direct,2023-01-01,847.5,857.65,50850.0,False,1,in_force,0
PH0102963,POL0502963,Karen,Davis,karen.davis2963@example.com,AZ,53,Auto,Broker,2020-03-21,1390.58,1724.85,83435.0,True,3,in_force,1
PH0102964,POL0502964,Jessica,Lee,jessica.lee2964@example.com,VA,51,Home,Direct,2023-12-21,2756.14,2796.76,165368.0,True,3,in_force,1
PH0102965,POL0502965,John,Sanchez,john.sanchez2965@example.com,NJ,40,Umbrella,Direct,2022-04-12,1811.23,1860.22,108674.0,False,3,in_force,0
PH0102966,POL0502966,Linda,Martin,linda.martin2966@example.com,FL,32,Home,Agent,2017-04-26,3022.96,3067.34,181378.0,True,2,in_force,0
PH0102967,POL0502967,Anthony,Rodriguez,anthony.rodriguez2967@example.com,NJ,31,Auto,Agent,2023-02-01,1768.6,1789.12,106116.0,True,1,in_force,0
PH0102968,POL0502968,James,Smith,james.smith2968@example.com,NY,70,Auto,Direct,2022-01-19,2615.89,2689.87,156953.0,False,2,in_force,0
PH0102969,POL0502969,Christopher,Clark,christopher.clark2969@example.com,CA,58,Home,Direct,2017-09-24,2470.57,2506.86,148234.0,False,2,in_force,0
PH0102970,POL0502970,Daniel,Taylor,daniel.taylor2970@example.com,MI,61,Umbrella,Agent,2022-06-23,1882.1,1968.2,112926.0,False,3,in_force,1
PH0102971,POL0502971,Patricia,Lopez,patricia.lopez2971@example.com,AZ,47,Umbrella,Broker,2024-06-20,3449.57,3487.15,206974.0,False,3,in_force,0
PH0102972,POL0502972,David,Jones,david.jones2972@example.com,WA,31,Auto,Direct,2020-12-22,831.51,856.52,49891.0,True,2,in_force,0
PH0102973,POL0502973,James,Wilson,james.wilson2973@example.com,MI,57,Umbrella,Agent,2018-08-22,2344.45,2401.07,140667.0,False,3,in_force,0
PH0102974,POL0502974,Betty,Thomas,betty.thomas2974@example.com,AZ,56,Auto,Agent,2016-03-06,864.1,898.0,51846.0,False,1,in_force,0
PH0102975,POL0502975,Christopher,Martin,christopher.martin2975@example.com,TX,73,Home,Direct,2017-04-26,1006.4,1011.36,60384.0,True,3,in_force,0
PH0102976,POL0502976,Sarah,Lewis,sarah.lewis2976@example.com,NY,31,Home,Broker,2017-03-31,2001.13,2062.3,120068.0,True,3,in_force,0
PH0102977,POL0502977,James,Miller,james.miller2977@example.com,GA,52,Auto,Agent,2020-05-30,1225.0,1244.2,73500.0,True,3,in_force,0
PH0102978,POL0502978,Sandra,Perez,sandra.perez2978@example.com,TX,73,Life,Direct,2016-05-04,3611.11,3715.35,541666.0,True,1,in_force,0
PH0102979,POL0502979,John,Smith,john.smith2979@example.com,WA,49,Home,Broker,2016-03-24,3098.15,3222.47,185889.0,True,2,in_force,0
PH0102980,POL0502980,Mark,Gonzalez,mark.gonzalez2980@example.com,TX,72,Home,Agent,2017-10-26,3537.93,3679.29,212276.0,False,2,in_force,0
PH0102981,POL0502981,Sandra,Sanchez,sandra.sanchez2981@example.com,IL,48,Home,Direct,2024-06-23,3807.98,3892.92,228479.0,False,3,in_force,0
PH0102982,POL0502982,Margaret,Garcia,margaret.garcia2982@example.com,NJ,31,Auto,Agent,2024-05-05,1113.35,1280.44,66801.0,True,2,in_force,0
PH0102983,POL0502983,Charles,Lewis,charles.lewis2983@example.com,VA,42,Auto,Broker,2024-07-17,2475.21,2562.19,148513.0,True,1,in_force,0
PH0102984,POL0502984,Margaret,Brown,margaret.brown2984@example.com,CA,76,Home,Agent,2018-12-24,1747.96,1797.43,104878.0,True,1,in_force,1
PH0102985,POL0502985,Elizabeth,Ramirez,elizabeth.ramirez2985@example.com,NJ,77,Auto,Broker,2023-06-02,3222.02,3335.28,193321.0,True,1,in_force,0
PH0102986,POL0502986,Charles,Hernandez,charles.hernandez2986@example.com,GA,39,Home,Direct,2020-11-02,2311.9,2416.49,138714.0,True,1,in_force,0
PH0102987,POL0502987,Sarah,Gonzalez,sarah.gonzalez2987@example.com,OH,33,Life,Agent,2022-06-04,3465.9,3470.19,519885.0,True,1,in_force,0
PH0102988,POL0502988,Sandra,Hernandez,sandra.hernandez2988@example.com,OH,64,Auto,Agent,2016-08-14,1971.63,2001.51,118298.0,False,2,in_force,0
PH0102989,POL0502989,Betty,Gonzalez,betty.gonzalez2989@example.com,WA,67,Auto,Agent,2018-12-02,2724.72,2726.62,163483.0,True,3,in_force,0
PH0102990,POL0502990,Nancy,Clark,nancy.clark2990@example.com,PA,45,Auto,Broker,2020-10-19,1382.33,1422.38,82940.0,True,2,in_force,0
PH0102991,POL0502991,William,Lee,william.lee2991@example.com,GA,69,Auto,Direct,2018-06-17,848.01,888.61,50881.0,True,1,in_force,0
PH0102992,POL0502992,Karen,Clark,karen.clark2992@example.com,WA,62,Life,Agent,2023-12-14,1295.13,1355.51,194270.0,False,3,in_force,1
PH0102993,POL0502993,Richard,Ramirez,richard.ramirez2993@example.com,MI,52,Auto,Agent,2021-05-24,1687.79,1698.16,101267.0,True,1,in_force,0
PH0102994,POL0502994,Betty,Lopez,betty.lopez2994@example.com,VA,36,Life,Direct,2021-08-20,850.63,879.98,127594.0,False,1,in_force,0
PH0102995,POL0502995,Mark,Anderson,mark.anderson2995@example.com,OH,61,Life,Direct,2020-10-15,3260.6,3987.12,489090.0,True,1,in_force,0
PH0102996,POL0502996,Jennifer,Harris,jennifer.harris2996@example.com,PA,50,Auto,Direct,2020-03-24,1576.9,1588.89,94614.0,True,1,in_force,0
PH0102997,POL0502997,Linda,Lopez,linda.lopez2997@example.com,GA,33,Umbrella,Agent,2018-08-12,3097.28,3237.82,185837.0,True,3,in_force,1
PH0102998,POL0502998,Karen,Gonzalez,karen.gonzalez2998@example.com,MA,69,Umbrella,Direct,2023-12-25,3802.31,3935.95,228139.0,True,2,in_force,0
PH0102999,POL0502999,Robert,Rodriguez,robert.rodriguez2999@example.com,NY,46,Auto,Broker,2024-03-12,2703.77,2733.59,162226.0,True,2,in_force,0
PH0103000,POL0503000,Richard,Johnson,richard.johnson3000@example.com,OH,42,Auto,Agent,2024-04-23,2054.89,2108.3,123293.0,True,3,in_force,0
PH0103001,POL0503001,Susan,Jones,susan.jones3001@example.com,MI,77,Home,Direct,2018-03-17,2285.0,2316.36,137100.0,False,3,in_force,0
PH0103002,POL0503002,Joseph,Perez,joseph.perez3002@example.com,MI,32,Home,Direct,2024-04-07,2253.34,2773.07,135200.0,True,1,in_force,1
PH0103003,POL0503003,Margaret,Robinson,margaret.robinson3003@example.com,GA,32,Life,Agent,2021-12-04,2554.79,3123.76,383218.0,True,2,in_force,1
PH0103004,POL0503004,Susan,Hernandez,susan.hernandez3004@example.com,TX,37,Auto,Agent,2018-01-26,1997.76,2037.1,119866.0,True,2,in_force,0
PH0103005,POL0503005,Anthony,Brown,anthony.brown3005@example.com,PA,43,Auto,Direct,2016-05-31,1451.45,1514.86,87087.0,False,2,in_force,0
PH0103006,POL0503006,Elizabeth,Hernandez,elizabeth.hernandez3006@example.com,NY,33,Umbrella,Agent,2016-05-17,1196.15,1213.79,71769.0,True,3,in_force,0
PH0103007,POL0503007,Joseph,Brown,joseph.brown3007@example.com,NY,50,Auto,Agent,2022-05-01,2705.38,2743.22,162323.0,True,3,in_force,0
PH0103008,POL0503008,Sandra,Jones,sandra.jones3008@example.com,MA,56,Home,Agent,2022-12-16,2758.08,2849.98,165485.0,True,1,in_force,1
PH0103009,POL0503009,Linda,Lopez,linda.lopez3009@example.com,PA,30,Home,Direct,2020-02-17,2705.85,2708.68,162351.0,False,1,in_force,0
PH0103010,POL0503010,Sarah,Martin,sarah.martin3010@example.com,IL,28,Auto,Direct,2022-06-15,2248.41,2980.05,134905.0,True,2,in_force,0
PH0103011,POL0503011,Susan,Garcia,susan.garcia3011@example.com,FL,66,Home,Agent,2022-01-07,1701.73,1745.04,102104.0,True,1,in_force,0
PH0103012,POL0503012,Joseph,Garcia,joseph.garcia3012@example.com,GA,40,Auto,Agent,2024-08-11,3537.68,3705.38,212261.0,False,1,in_force,1
PH0103013,POL0503013,Susan,Lee,susan.lee3013@example.com,AZ,57,Auto,Agent,2018-08-28,2054.33,2506.29,123260.0,True,2,in_force,0
PH0103014,POL0503014,Margaret,Thompson,margaret.thompson3014@example.com,VA,59,Home,Direct,2024-03-01,3729.84,3912.27,223790.0,True,2,in_force,0
PH0103015,POL0503015,Christopher,White,christopher.white3015@example.com,IL,69,Home,Broker,2017-08-27,3573.22,3694.7,214393.0,False,2,in_force,0
PH0103016,POL0503016,Sandra,Miller,sandra.miller3016@example.com,CA,39,Home,Agent,2023-07-18,1246.83,1265.6,74810.0,True,1,in_force,0
PH0103017,POL0503017,Jessica,Jones,jessica.jones3017@example.com,GA,39,Umbrella,Agent,2019-02-04,1281.67,1292.4,76900.0,True,3,in_force,0
PH0103018,POL0503018,Anthony,Jones,anthony.jones3018@example.com,IL,71,Life,Direct,2020-02-14,1633.48,1679.13,245022.0,False,2,in_force,0
PH0103019,POL0503019,Thomas,Garcia,thomas.garcia3019@example.com,NJ,44,Umbrella,Direct,2024-05-07,3324.55,3436.54,199473.0,True,2,in_force,1
PH0103020,POL0503020,Charles,Wilson,charles.wilson3020@example.com,TX,76,Home,Agent,2017-07-30,1586.24,1612.68,95174.0,True,3,in_force,0
PH0103021,POL0503021,Robert,Garcia,robert.garcia3021@example.com,VA,66,Auto,Direct,2019-09-10,3014.18,3098.9,180851.0,True,2,in_force,0
PH0103022,POL0503022,Sarah,Harris,sarah.harris3022@example.com,CA,31,Auto,Direct,2019-05-22,2799.7,2907.72,167982.0,True,3,in_force,0
PH0103023,POL0503023,Robert,Gonzalez,robert.gonzalez3023@example.com,AZ,59,Life,Agent,2024-03-02,1164.86,1207.58,174729.0,True,1,in_force,1
PH0103024,POL0503024,Thomas,Martinez,thomas.martinez3024@example.com,OH,68,Auto,Direct,2021-10-28,3234.84,3301.27,194090.0,True,1,in_force,0
PH0103025,POL0503025,William,Thomas,william.thomas3025@example.com,IL,66,Life,Broker,2024-07-18,1803.34,1859.25,270501.0,True,3,in_force,1
PH0103026,POL0503026,Nancy,Clark,nancy.clark3026@example.com,CA,48,Umbrella,Agent,2018-10-25,1925.01,2273.96,115501.0,True,1,in_force,0
PH0103027,POL0503027,Barbara,Thomas,barbara.thomas3027@example.com,VA,73,Auto,Broker,2017-03-29,1063.32,1097.59,63799.0,True,1,in_force,0
PH0103028,POL0503028,David,Williams,david.williams3028@example.com,FL,51,Life,Broker,2021-09-19,2852.81,2946.26,427922.0,True,3,in_force,1
PH0103029,POL0503029,Patricia,Jones,patricia.jones3029@example.com,IL,64,Umbrella,Broker,2017-06-04,2507.71,2624.21,150463.0,True,1,in_force,0
PH0103030,POL0503030,Nancy,Rodriguez,nancy.rodriguez3030@example.com,MI,50,Auto,Direct,2017-08-23,774.46,992.94,46468.0,True,1,in_force,0
PH0103031,POL0503031,Thomas,Lee,thomas.lee3031@example.com,WA,67,Auto,Direct,2018-05-18,2226.76,2258.36,133606.0,True,3,in_force,0
PH0103032,POL0503032,Karen,Jones,karen.jones3032@example.com,OH,72,Auto,Direct,2024-06-05,2674.87,3379.54,160492.0,False,1,in_force,1
PH0103033,POL0503033,Jennifer,Brown,jennifer.brown3033@example.com,NJ,73,Auto,Broker,2024-08-16,1220.17,1251.75,73210.0,False,1,in_force,1
PH0103034,POL0503034,William,Martinez,william.martinez3034@example.com,PA,28,Home,Direct,2017-11-23,3558.34,4714.2,213500.0,True,1,in_force,1
PH0103035,POL0503035,Robert,Lewis,robert.lewis3035@example.com,NC,48,Home,Direct,2023-09-02,3814.1,3815.46,228846.0,False,1,in_force,0
PH0103036,POL0503036,William,Lopez,william.lopez3036@example.com,WA,64,Auto,Agent,2020-07-14,897.08,1187.01,53825.0,False,3,in_force,1
PH0103037,POL0503037,Nancy,Jones,nancy.jones3037@example.com,IL,71,Home,Agent,2016-02-24,3238.92,3389.83,194335.0,True,1,in_force,0
PH0103038,POL0503038,Barbara,Wilson,barbara.wilson3038@example.com,AZ,32,Home,Agent,2018-02-15,3387.31,4235.03,203239.0,True,3,in_force,1
PH0103039,POL0503039,Linda,Rodriguez,linda.rodriguez3039@example.com,TX,75,Home,Agent,2023-12-03,1843.75,2238.25,110625.0,True,1,in_force,0
PH0103040,POL0503040,Jessica,Anderson,jessica.anderson3040@example.com,MA,59,Auto,Broker,2017-12-08,2784.03,2909.44,167042.0,True,1,in_force,0
PH0103041,POL0503041,Lisa,Garcia,lisa.garcia3041@example.com,MA,41,Umbrella,Direct,2020-03-08,2291.95,2318.38,137517.0,True,2,in_force,0
PH0103042,POL0503042,Mary,Lopez,mary.lopez3042@example.com,VA,33,Auto,Direct,2022-02-07,784.42,815.13,47065.0,True,1,in_force,0
PH0103043,POL0503043,Sandra,Johnson,sandra.johnson3043@example.com,NY,61,Umbrella,Direct,2022-02-19,970.85,981.59,58251.0,False,1,in_force,0
PH0103044,POL0503044,Betty,Martinez,betty.martinez3044@example.com,AZ,64,Life,Broker,2024-06-13,2344.75,2792.75,351712.0,True,2,in_force,0
PH0103045,POL0503045,Patricia,Brown,patricia.brown3045@example.com,MA,32,Home,Broker,2023-01-09,738.93,742.81,44336.0,False,1,in_force,1
PH0103046,POL0503046,Karen,Brown,karen.brown3046@example.com,FL,68,Home,Broker,2022-03-01,3187.11,3235.76,191227.0,True,3,in_force,0
PH0103047,POL0503047,Margaret,Williams,margaret.williams3047@example.com,TX,48,Home,Agent,2016-03-21,1994.0,2006.64,119640.0,True,1,in_force,0
PH0103048,POL0503048,Joseph,White,joseph.white3048@example.com,CA,34,Home,Agent,2019-02-01,1117.55,1157.29,67053.0,True,3,in_force,1
PH0103049,POL0503049,Daniel,Miller,daniel.miller3049@example.com,TX,40,Auto,Broker,2017-10-08,3289.73,3809.9,197384.0,True,1,in_force,0
PH0103050,POL0503050,Elizabeth,Smith,elizabeth.smith3050@example.com,VA,49,Auto,Broker,2020-02-19,3596.2,3730.44,215772.0,True,1,in_force,0
PH0103051,POL0503051,Jessica,Hernandez,jessica.hernandez3051@example.com,GA,29,Umbrella,Broker,2018-12-24,1530.08,1597.65,91805.0,False,2,in_force,1
PH0103052,POL0503052,William,Ramirez,william.ramirez3052@example.com,NY,69,Home,Direct,2017-03-04,1590.64,1597.13,95438.0,False,3,in_force,0
PH0103053,POL0503053,Karen,Wilson,karen.wilson3053@example.com,TX,70,Umbrella,Agent,2018-12-04,2439.71,2473.25,146383.0,False,1,in_force,1
PH0103054,POL0503054,David,Perez,david.perez3054@example.com,CA,67,Auto,Agent,2019-03-02,2055.47,2127.34,123328.0,True,2,in_force,0
PH0103055,POL0503055,Charles,Rodriguez,charles.rodriguez3055@example.com,MI,74,Auto,Direct,2019-08-02,1449.33,1477.24,86960.0,False,2,in_force,0
PH0103056,POL0503056,Elizabeth,Moore,elizabeth.moore3056@example.com,MI,49,Auto,Broker,2020-04-09,1690.89,1714.68,101453.0,True,3,in_force,0
PH0103057,POL0503057,Patricia,Miller,patricia.miller3057@example.com,MA,29,Home,Agent,2019-09-15,1913.66,2005.0,114820.0,False,1,in_force,0
PH0103058,POL0503058,Mark,Jackson,mark.jackson3058@example.com,TX,48,Umbrella,Direct,2019-07-06,980.72,990.24,58843.0,True,3,in_force,0
PH0103059,POL0503059,James,Clark,james.clark3059@example.com,PA,67,Home,Direct,2021-10-20,1954.65,1972.67,117279.0,True,1,in_force,0
PH0103060,POL0503060,Margaret,White,margaret.white3060@example.com,OH,41,Auto,Direct,2024-09-23,1590.5,1655.39,95430.0,False,1,in_force,1
PH0103061,POL0503061,Anthony,Lee,anthony.lee3061@example.com,FL,52,Auto,Agent,2022-05-28,1773.48,1800.74,106409.0,True,2,in_force,0
PH0103062,POL0503062,Lisa,Davis,lisa.davis3062@example.com,VA,34,Home,Direct,2024-09-08,3295.42,3377.07,197725.0,True,1,in_force,0
PH0103063,POL0503063,Betty,Perez,betty.perez3063@example.com,GA,74,Home,Broker,2024-06-18,2693.58,2823.16,161615.0,True,2,in_force,0
PH0103064,POL0503064,Richard,Hernandez,richard.hernandez3064@example.com,MI,55,Auto,Broker,2024-05-06,1729.41,1796.62,103765.0,True,3,in_force,1
PH0103065,POL0503065,David,Martin,david.martin3065@example.com,WA,70,Auto,Agent,2024-03-17,3605.3,3620.48,216318.0,True,2,in_force,1
PH0103066,POL0503066,Charles,Perez,charles.perez3066@example.com,VA,45,Auto,Direct,2018-02-23,2475.63,2554.83,148538.0,True,2,in_force,0
PH0103067,POL0503067,William,Martinez,william.martinez3067@example.com,NJ,58,Umbrella,Direct,2017-02-02,2477.45,3183.68,148647.0,False,3,in_force,1
PH0103068,POL0503068,Margaret,Brown,margaret.brown3068@example.com,NC,60,Home,Agent,2017-06-06,3641.87,3663.71,218512.0,True,2,in_force,0
PH0103069,POL0503069,Elizabeth,Johnson,elizabeth.johnson3069@example.com,FL,39,Life,Direct,2020-05-07,2007.93,2082.66,301190.0,True,3,in_force,0
PH0103070,POL0503070,Richard,Williams,richard.williams3070@example.com,WA,74,Auto,Agent,2022-04-02,2333.82,2725.54,140029.0,True,2,in_force,0
PH0103071,POL0503071,James,Rodriguez,james.rodriguez3071@example.com,NC,73,Umbrella,Direct,2020-07-17,963.88,1242.13,57833.0,False,1,in_force,1
PH0103072,POL0503072,Barbara,Perez,barbara.perez3072@example.com,NJ,54,Life,Broker,2023-01-26,3480.46,4211.69,522069.0,True,2,in_force,1
PH0103073,POL0503073,Betty,Brown,betty.brown3073@example.com,IL,35,Auto,Broker,2020-09-12,2518.09,2594.88,151085.0,False,3,in_force,0
PH0103074,POL0503074,Robert,Brown,robert.brown3074@example.com,AZ,50,Home,Direct,2017-09-07,2844.93,2969.55,170696.0,True,3,in_force,1
PH0103075,POL0503075,Joseph,Martin,joseph.martin3075@example.com,TX,60,Auto,Broker,2019-12-24,1629.93,1667.0,97796.0,True,1,in_force,1
PH0103076,POL0503076,Matthew,Perez,matthew.perez3076@example.com,NC,30,Auto,Direct,2016-06-17,746.68,763.02,44801.0,True,2,in_force,0
PH0103077,POL0503077,Robert,Perez,robert.perez3077@example.com,IL,75,Home,Agent,2022-08-27,1065.07,1090.48,63904.0,True,1,in_force,1
PH0103078,POL0503078,Linda,Sanchez,linda.sanchez3078@example.com,WA,73,Home,Direct,2023-09-09,1099.62,1149.24,65977.0,True,3,in_force,0
PH0103079,POL0503079,Robert,Thompson,robert.thompson3079@example.com,IL,57,Life,Direct,2020-07-14,2870.88,2954.88,430632.0,True,2,in_force,0
PH0103080,POL0503080,William,Perez,william.perez3080@example.com,IL,33,Life,Direct,2021-12-27,2741.03,2853.82,411155.0,True,1,in_force,0
PH0103081,POL0503081,Mary,White,mary.white3081@example.com,IL,50,Auto,Broker,2022-09-02,3005.93,3048.2,180356.0,True,3,in_force,1
PH0103082,POL0503082,James,Thomas,james.thomas3082@example.com,GA,66,Life,Agent,2018-12-23,1200.42,1378.78,180063.0,False,3,in_force,0
PH0103083,POL0503083,Sandra,Thomas,sandra.thomas3083@example.com,NY,63,Home,Agent,2017-07-11,2157.68,2180.73,129461.0,False,1,in_force,0
PH0103084,POL0503084,Richard,Clark,richard.clark3084@example.com,FL,58,Auto,Agent,2024-08-13,801.77,803.7,48106.0,True,3,in_force,0
PH0103085,POL0503085,Betty,Gonzalez,betty.gonzalez3085@example.com,TX,58,Home,Agent,2019-05-31,2296.22,2386.23,137773.0,True,2,in_force,0
PH0103086,POL0503086,Mark,Harris,mark.harris3086@example.com,MI,35,Auto,Agent,2018-07-21,1981.91,2004.28,118915.0,False,3,in_force,1
PH0103087,POL0503087,Margaret,Gonzalez,margaret.gonzalez3087@example.com,GA,33,Auto,Direct,2019-12-30,1155.45,1203.93,69327.0,False,3,in_force,0
PH0103088,POL0503088,Christopher,Sanchez,christopher.sanchez3088@example.com,GA,66,Auto,Direct,2022-02-07,846.11,867.32,50767.0,True,2,in_force,1
PH0103089,POL0503089,Robert,Ramirez,robert.ramirez3089@example.com,MA,73,Home,Direct,2024-03-30,3286.81,3392.36,197209.0,False,2,in_force,0
PH0103090,POL0503090,Sarah,Jones,sarah.jones3090@example.com,NJ,44,Umbrella,Agent,2017-01-06,2877.9,2880.27,172674.0,True,3,in_force,0
PH0103091,POL0503091,David,Johnson,david.johnson3091@example.com,OH,40,Home,Agent,2021-03-03,3537.66,3613.77,212260.0,False,3,in_force,0
PH0103092,POL0503092,Karen,Garcia,karen.garcia3092@example.com,VA,63,Home,Direct,2017-10-27,2534.17,2554.68,152050.0,False,3,in_force,1
PH0103093,POL0503093,Matthew,Sanchez,matthew.sanchez3093@example.com,NJ,74,Auto,Direct,2017-07-16,2771.86,3310.16,166312.0,True,1,in_force,0
PH0103094,POL0503094,Anthony,Gonzalez,anthony.gonzalez3094@example.com,OH,40,Auto,Broker,2022-04-23,1274.63,1296.06,76478.0,True,2,in_force,0
PH0103095,POL0503095,John,Lee,john.lee3095@example.com,VA,61,Home,Broker,2024-05-05,3491.32,3568.8,209479.0,True,2,in_force,0
PH0103096,POL0503096,Matthew,Lopez,matthew.lopez3096@example.com,IL,67,Auto,Agent,2016-09-19,2150.17,2232.28,129010.0,True,1,in_force,0
PH0103097,POL0503097,Christopher,Rodriguez,christopher.rodriguez3097@example.com,PA,44,Auto,Direct,2019-02-13,974.92,996.76,58495.0,True,3,in_force,0
PH0103098,POL0503098,Karen,Davis,karen.davis3098@example.com,CA,64,Life,Direct,2023-11-15,2898.75,2927.29,434812.0,False,3,in_force,0
PH0103099,POL0503099,Jennifer,Gonzalez,jennifer.gonzalez3099@example.com,NJ,46,Home,Agent,2019-12-09,2525.78,3118.55,151547.0,True,1,in_force,1
PH0103100,POL0503100,Richard,Lee,richard.lee3100@example.com,NY,33,Auto,Broker,2019-11-23,2704.36,2832.59,162262.0,False,3,in_force,0
PH0103101,POL0503101,Robert,Davis,robert.davis3101@example.com,VA,34,Umbrella,Direct,2021-02-16,793.77,794.42,47626.0,True,1,in_force,0
PH0103102,POL0503102,Betty,Brown,betty.brown3102@example.com,MI,61,Home,Direct,2024-02-12,3001.35,3030.37,180081.0,True,1,in_force,0
PH0103103,POL0503103,Daniel,Sanchez,daniel.sanchez3103@example.com,VA,52,Life,Broker,2024-07-05,3509.67,3541.43,526450.0,False,2,in_force,1
PH0103104,POL0503104,Jessica,Clark,jessica.clark3104@example.com,GA,57,Auto,Agent,2016-10-28,3437.18,3554.12,206231.0,True,1,in_force,0
PH0103105,POL0503105,James,Robinson,james.robinson3105@example.com,GA,68,Home,Direct,2020-06-17,3369.88,3434.92,202193.0,True,1,in_force,0
PH0103106,POL0503106,Mark,Gonzalez,mark.gonzalez3106@example.com,MI,32,Life,Agent,2020-01-08,3174.87,3177.54,476230.0,True,2,in_force,0
PH0103107,POL0503107,Sarah,Johnson,sarah.johnson3107@example.com,NJ,62,Home,Agent,2018-01-10,1353.29,1394.6,81197.0,False,3,in_force,0
PH0103108,POL0503108,Matthew,White,matthew.white3108@example.com,NY,32,Auto,Direct,2023-11-21,3438.1,3507.88,206286.0,True,3,in_force,1
PH0103109,POL0503109,Daniel,Wilson,daniel.wilson3109@example.com,FL,35,Umbrella,Agent,2017-01-30,2215.68,2246.92,132941.0,True,3,in_force,0
PH0103110,POL0503110,Lisa,Smith,lisa.smith3110@example.com,MA,42,Auto,Agent,2021-11-17,1224.31,1258.79,73459.0,False,3,in_force,1
PH0103111,POL0503111,Charles,Lee,charles.lee3111@example.com,VA,37,Auto,Direct,2021-06-29,799.42,831.38,47965.0,True,1,in_force,0
PH0103112,POL0503112,Daniel,Williams,daniel.williams3112@example.com,NY,77,Auto,Agent,2018-02-09,1304.87,1314.62,78292.0,True,3,in_force,0
PH0103113,POL0503113,Elizabeth,Lee,elizabeth.lee3113@example.com,NY,37,Home,Agent,2021-04-28,1143.41,1177.58,68605.0,True,2,in_force,0
PH0103114,POL0503114,Christopher,Sanchez,christopher.sanchez3114@example.com,GA,47,Auto,Direct,2022-08-05,3321.25,3348.26,199275.0,True,3,in_force,0
PH0103115,POL0503115,Barbara,Brown,barbara.brown3115@example.com,CA,72,Auto,Broker,2022-04-09,1736.39,1778.33,104183.0,True,1,in_force,0
PH0103116,POL0503116,Anthony,Thomas,anthony.thomas3116@example.com,PA,70,Umbrella,Broker,2021-07-07,1741.28,1748.15,104477.0,True,2,in_force,0
PH0103117,POL0503117,Betty,Wilson,betty.wilson3117@example.com,OH,53,Auto,Agent,2022-04-13,1170.87,1188.82,70252.0,True,2,in_force,0
PH0103118,POL0503118,John,Lopez,john.lopez3118@example.com,GA,29,Auto,Broker,2022-08-23,1630.91,1688.43,97855.0,True,2,in_force,0
PH0103119,POL0503119,Thomas,Hernandez,thomas.hernandez3119@example.com,IL,45,Auto,Agent,2023-04-01,2999.19,3044.15,179951.0,True,1,in_force,0
PH0103120,POL0503120,Betty,Ramirez,betty.ramirez3120@example.com,GA,65,Auto,Direct,2016-02-20,2266.41,2369.34,135985.0,False,3,in_force,0
PH0103121,POL0503121,Charles,Thomas,charles.thomas3121@example.com,TX,75,Home,Broker,2020-02-07,3034.23,3169.53,182054.0,False,2,in_force,1
PH0103122,POL0503122,Susan,Jones,susan.jones3122@example.com,VA,53,Home,Broker,2018-11-25,3254.92,3263.57,195295.0,False,3,in_force,0
PH0103123,POL0503123,Robert,Martinez,robert.martinez3123@example.com,MA,47,Auto,Agent,2019-06-16,2625.26,2642.05,157516.0,True,2,in_force,0
PH0103124,POL0503124,Patricia,Clark,patricia.clark3124@example.com,NJ,33,Auto,Direct,2022-06-02,784.86,795.86,47092.0,True,3,in_force,0
PH0103125,POL0503125,Barbara,Williams,barbara.williams3125@example.com,IL,61,Life,Direct,2019-03-02,2273.24,2330.82,340986.0,False,1,in_force,0
PH0103126,POL0503126,Mary,Harris,mary.harris3126@example.com,NJ,70,Home,Broker,2023-05-04,1173.97,1203.73,70438.0,True,1,in_force,0
PH0103127,POL0503127,Daniel,Sanchez,daniel.sanchez3127@example.com,AZ,64,Auto,Broker,2021-02-26,2687.74,2708.87,161264.0,True,1,in_force,0
PH0103128,POL0503128,Joseph,Lopez,joseph.lopez3128@example.com,NJ,30,Home,Agent,2022-01-17,3297.83,4025.18,197870.0,True,3,in_force,1
PH0103129,POL0503129,Michael,Brown,michael.brown3129@example.com,TX,38,Auto,Agent,2019-03-21,2606.87,2715.78,156412.0,True,3,in_force,0
PH0103130,POL0503130,Nancy,Smith,nancy.smith3130@example.com,NJ,44,Home,Broker,2018-10-02,2346.84,2404.76,140810.0,True,1,in_force,0
PH0103131,POL0503131,William,Perez,william.perez3131@example.com,MI,61,Auto,Broker,2020-06-03,2368.72,2479.46,142123.0,False,1,in_force,0
PH0103132,POL0503132,Margaret,Perez,margaret.perez3132@example.com,NY,48,Life,Direct,2016-12-01,2092.49,2628.34,313873.0,True,2,in_force,1
PH0103133,POL0503133,Lisa,Thompson,lisa.thompson3133@example.com,IL,70,Umbrella,Agent,2017-07-15,2390.57,2947.83,143434.0,True,1,in_force,0
PH0103134,POL0503134,David,Harris,david.harris3134@example.com,AZ,31,Umbrella,Agent,2016-02-26,1899.38,1943.71,113963.0,False,1,in_force,0
PH0103135,POL0503135,Nancy,Robinson,nancy.robinson3135@example.com,VA,37,Home,Agent,2021-11-08,3003.55,3062.3,180213.0,True,3,in_force,0
PH0103136,POL0503136,Elizabeth,Martin,elizabeth.martin3136@example.com,FL,39,Auto,Direct,2017-01-21,1970.77,1980.66,118246.0,False,3,in_force,0
PH0103137,POL0503137,Barbara,Martin,barbara.martin3137@example.com,MA,65,Auto,Broker,2019-04-01,1058.61,1106.92,63517.0,False,1,in_force,1
PH0103138,POL0503138,Margaret,Davis,margaret.davis3138@example.com,OH,34,Home,Direct,2023-10-13,3274.76,3426.62,196486.0,True,1,in_force,1
PH0103139,POL0503139,Jennifer,Anderson,jennifer.anderson3139@example.com,CA,66,Home,Broker,2017-02-24,794.81,821.99,47689.0,True,1,in_force,0
PH0103140,POL0503140,Mary,Clark,mary.clark3140@example.com,OH,36,Auto,Broker,2022-09-13,2570.33,2685.46,154220.0,True,1,in_force,1
PH0103141,POL0503141,David,Rodriguez,david.rodriguez3141@example.com,NY,42,Auto,Direct,2021-01-15,3638.26,3730.35,218296.0,False,2,in_force,0
PH0103142,POL0503142,Margaret,Martinez,margaret.martinez3142@example.com,OH,39,Life,Direct,2019-09-19,2513.68,2584.72,377052.0,True,2,in_force,0
PH0103143,POL0503143,Thomas,Davis,thomas.davis3143@example.com,IL,38,Home,Direct,2018-02-17,912.04,949.39,54722.0,False,2,in_force,0
PH0103144,POL0503144,Patricia,White,patricia.white3144@example.com,MI,46,Auto,Direct,2021-02-07,3634.08,3754.17,218045.0,False,2,in_force,1
PH0103145,POL0503145,John,Lee,john.lee3145@example.com,TX,49,Life,Direct,2018-02-07,2942.12,3045.26,441318.0,False,1,in_force,0
PH0103146,POL0503146,John,Harris,john.harris3146@example.com,PA,36,Auto,Direct,2021-05-07,2703.61,2726.61,162217.0,True,2,in_force,0
PH0103147,POL0503147,Betty,Lewis,betty.lewis3147@example.com,GA,34,Life,Direct,2016-12-14,1895.53,1896.95,284330.0,True,1,in_force,0
PH0103148,POL0503148,Daniel,Brown,daniel.brown3148@example.com,TX,64,Home,Agent,2017-07-12,1308.27,1310.75,78496.0,True,2,in_force,0
PH0103149,POL0503149,Lisa,Harris,lisa.harris3149@example.com,MI,30,Life,Direct,2023-10-10,2563.75,2662.85,384562.0,True,1,in_force,1
PH0103150,POL0503150,Daniel,Sanchez,daniel.sanchez3150@example.com,VA,77,Life,Direct,2020-01-01,2620.83,2673.96,393124.0,False,3,in_force,0
PH0103151,POL0503151,Charles,Williams,charles.williams3151@example.com,MA,45,Auto,Broker,2019-04-03,2334.42,2336.54,140065.0,True,2,in_force,0
PH0103152,POL0503152,Sandra,Garcia,sandra.garcia3152@example.com,NY,71,Home,Direct,2016-01-18,3479.31,3529.42,208759.0,False,2,in_force,0
PH0103153,POL0503153,Joseph,Jackson,joseph.jackson3153@example.com,MA,60,Home,Broker,2016-07-20,1959.64,1985.66,117578.0,True,2,in_force,0
PH0103154,POL0503154,Richard,Lopez,richard.lopez3154@example.com,AZ,69,Home,Agent,2020-11-22,2245.06,2265.55,134704.0,True,2,in_force,1
PH0103155,POL0503155,Robert,Johnson,robert.johnson3155@example.com,OH,54,Home,Broker,2019-10-29,1374.88,1419.52,82493.0,True,1,in_force,0
PH0103156,POL0503156,John,Lewis,john.lewis3156@example.com,GA,73,Life,Broker,2020-06-29,3678.56,3757.39,551784.0,True,1,in_force,1
PH0103157,POL0503157,Mark,Brown,mark.brown3157@example.com,NY,57,Umbrella,Broker,2017-07-18,3062.36,3211.98,183742.0,False,2,in_force,0
PH0103158,POL0503158,Anthony,Martin,anthony.martin3158@example.com,FL,70,Umbrella,Direct,2016-06-28,773.44,995.42,46406.0,True,1,in_force,1
PH0103159,POL0503159,Nancy,Martin,nancy.martin3159@example.com,TX,75,Auto,Broker,2020-08-23,947.44,1161.36,56846.0,False,1,in_force,0
PH0103160,POL0503160,Margaret,Brown,margaret.brown3160@example.com,TX,29,Home,Agent,2023-11-30,3359.81,3388.33,201589.0,True,2,in_force,0
PH0103161,POL0503161,Christopher,Ramirez,christopher.ramirez3161@example.com,MI,75,Auto,Direct,2019-01-17,3840.58,3954.41,230435.0,False,3,in_force,0
PH0103162,POL0503162,Susan,Rodriguez,susan.rodriguez3162@example.com,TX,35,Life,Direct,2022-01-31,2098.81,2146.84,314822.0,True,3,in_force,1
PH0103163,POL0503163,Barbara,Martin,barbara.martin3163@example.com,MA,28,Umbrella,Agent,2019-02-15,3829.04,3970.76,229742.0,True,1,in_force,0
PH0103164,POL0503164,Karen,Clark,karen.clark3164@example.com,WA,34,Umbrella,Direct,2017-05-03,2593.06,2611.65,155584.0,True,3,in_force,0
PH0103165,POL0503165,Margaret,Thompson,margaret.thompson3165@example.com,NJ,54,Umbrella,Direct,2021-04-10,859.19,864.14,51551.0,True,3,in_force,0
PH0103166,POL0503166,Richard,Taylor,richard.taylor3166@example.com,NC,58,Life,Direct,2021-09-27,2234.78,2637.88,335217.0,False,1,in_force,1
PH0103167,POL0503167,John,Sanchez,john.sanchez3167@example.com,NY,68,Auto,Direct,2023-06-17,1718.62,1725.24,103117.0,True,1,in_force,1
PH0103168,POL0503168,Thomas,Davis,thomas.davis3168@example.com,MI,64,Umbrella,Broker,2023-11-24,1578.02,1596.39,94681.0,False,1,in_force,1
PH0103169,POL0503169,Joseph,Lee,joseph.lee3169@example.com,PA,44,Home,Broker,2019-10-22,3275.95,3346.07,196557.0,True,2,in_force,0
PH0103170,POL0503170,Jessica,Brown,jessica.brown3170@example.com,FL,68,Auto,Broker,2018-04-14,2351.69,2381.15,141101.0,False,1,in_force,0
PH0103171,POL0503171,Christopher,Jones,christopher.jones3171@example.com,MI,36,Auto,Direct,2019-06-29,2561.07,2621.19,153664.0,True,2,in_force,0
PH0103172,POL0503172,Richard,Davis,richard.davis3172@example.com,FL,72,Home,Direct,2019-10-14,3423.06,3508.77,205384.0,True,3,in_force,0
PH0103173,POL0503173,Mark,Rodriguez,mark.rodriguez3173@example.com,MI,75,Life,Direct,2016-07-12,2139.43,2491.29,320914.0,False,1,in_force,0
PH0103174,POL0503174,James,Williams,james.williams3174@example.com,VA,77,Home,Agent,2023-06-06,2159.55,2182.43,129573.0,False,3,in_force,1
PH0103175,POL0503175,James,Lewis,james.lewis3175@example.com,CA,39,Auto,Agent,2024-03-01,738.97,763.1,44338.0,True,2,in_force,0
PH0103176,POL0503176,Lisa,Lewis,lisa.lewis3176@example.com,CA,76,Umbrella,Direct,2017-06-14,3658.54,4271.84,219512.0,False,3,in_force,0
PH0103177,POL0503177,Michael,Lopez,michael.lopez3177@example.com,FL,73,Umbrella,Agent,2019-05-29,2711.22,3286.48,162673.0,True,3,in_force,0
PH0103178,POL0503178,Lisa,Miller,lisa.miller3178@example.com,IL,58,Auto,Agent,2016-07-08,2506.04,2511.92,150362.0,True,3,in_force,0
PH0103179,POL0503179,Sandra,Martin,sandra.martin3179@example.com,MA,77,Auto,Broker,2020-10-05,3829.7,3855.41,229782.0,True,3,in_force,1
PH0103180,POL0503180,Richard,Brown,richard.brown3180@example.com,NJ,36,Auto,Agent,2022-07-30,3440.56,4356.63,206434.0,False,1,in_force,1
PH0103181,POL0503181,Patricia,Jones,patricia.jones3181@example.com,WA,72,Auto,Agent,2016-12-09,1341.72,1402.51,80503.0,True,3,in_force,0
PH0103182,POL0503182,Jessica,White,jessica.white3182@example.com,CA,38,Auto,Direct,2018-11-11,1178.97,1227.68,70738.0,True,2,in_force,0
PH0103183,POL0503183,Jessica,Ramirez,jessica.ramirez3183@example.com,FL,70,Life,Broker,2018-09-01,1362.6,1368.4,204390.0,False,3,in_force,1
PH0103184,POL0503184,Lisa,Wilson,lisa.wilson3184@example.com,GA,42,Auto,Direct,2022-08-02,2642.71,2765.22,158563.0,True,2,in_force,0
PH0103185,POL0503185,Christopher,White,christopher.white3185@example.com,IL,69,Home,Direct,2019-11-01,1672.52,1718.28,100351.0,True,3,in_force,0
PH0103186,POL0503186,Karen,Ramirez,karen.ramirez3186@example.com,OH,69,Auto,Direct,2022-03-21,3482.98,4185.05,208979.0,False,2,in_force,0
PH0103187,POL0503187,Charles,Martinez,charles.martinez3187@example.com,MA,53,Home,Direct,2018-03-02,1755.04,1812.97,105302.0,True,2,in_force,1
PH0103188,POL0503188,Sandra,Johnson,sandra.johnson3188@example.com,PA,39,Auto,Broker,2019-02-12,1054.13,1070.15,63248.0,False,2,in_force,0
PH0103189,POL0503189,Thomas,Jones,thomas.jones3189@example.com,MA,76,Umbrella,Agent,2016-09-27,2397.32,2958.44,143839.0,True,2,in_force,0
PH0103190,POL0503190,Charles,Martin,charles.martin3190@example.com,TX,56,Home,Agent,2022-05-29,2942.64,3063.93,176558.0,False,3,in_force,0
PH0103191,POL0503191,Lisa,Lewis,lisa.lewis3191@example.com,NC,50,Auto,Agent,2024-06-04,1168.74,1196.0,70124.0,True,2,in_force,0
PH0103192,POL0503192,Richard,Jones,richard.jones3192@example.com,PA,72,Home,Broker,2021-04-20,2831.64,2832.74,169898.0,False,1,in_force,1
PH0103193,POL0503193,Mary,Clark,mary.clark3193@example.com,FL,64,Auto,Direct,2018-11-20,2831.52,2937.6,169891.0,True,1,in_force,0
PH0103194,POL0503194,Barbara,Robinson,barbara.robinson3194@example.com,WA,51,Home,Agent,2017-01-14,2161.52,2176.01,129691.0,True,3,in_force,0
PH0103195,POL0503195,Sarah,Williams,sarah.williams3195@example.com,IL,60,Life,Direct,2016-01-05,2534.74,2615.0,380211.0,False,2,in_force,0
PH0103196,POL0503196,Michael,Hernandez,michael.hernandez3196@example.com,NJ,65,Home,Agent,2017-08-28,3325.72,3475.15,199543.0,False,1,in_force,0
PH0103197,POL0503197,Karen,Clark,karen.clark3197@example.com,PA,68,Home,Agent,2017-04-23,2513.04,2636.26,150782.0,True,2,in_force,0
PH0103198,POL0503198,Karen,Martin,karen.martin3198@example.com,VA,40,Life,Agent,2016-12-24,1930.53,2010.99,289580.0,False,1,in_force,1
PH0103199,POL0503199,James,Jones,james.jones3199@example.com,MI,39,Auto,Direct,2021-03-27,1088.1,1121.75,65286.0,True,2,in_force,0
PH0103200,POL0503200,Michael,Martin,michael.martin3200@example.com,TX,35,Life,Direct,2016-05-01,3123.71,3231.75,468556.0,False,1,in_force,0
PH0103201,POL0503201,Lisa,Rodriguez,lisa.rodriguez3201@example.com,FL,44,Life,Agent,2018-02-17,3433.76,3474.67,515064.0,True,3,in_force,1
PH0103202,POL0503202,Patricia,Robinson,patricia.robinson3202@example.com,NJ,41,Auto,Direct,2020-09-07,3125.41,3143.3,187525.0,False,1,in_force,0
PH0103203,POL0503203,Joseph,Robinson,joseph.robinson3203@example.com,TX,28,Umbrella,Direct,2021-04-19,2911.08,3029.9,174665.0,False,2,in_force,0
PH0103204,POL0503204,Joseph,Garcia,joseph.garcia3204@example.com,IL,73,Auto,Direct,2018-11-09,2104.98,2586.02,126299.0,True,1,in_force,0
PH0103205,POL0503205,Elizabeth,Anderson,elizabeth.anderson3205@example.com,OH,36,Life,Direct,2017-10-10,2768.27,2849.6,415240.0,False,1,in_force,1
PH0103206,POL0503206,Christopher,Sanchez,christopher.sanchez3206@example.com,CA,73,Life,Direct,2024-07-04,3190.84,3261.62,478626.0,True,1,in_force,0
PH0103207,POL0503207,Michael,Davis,michael.davis3207@example.com,NJ,65,Auto,Direct,2018-01-07,1177.49,1181.85,70649.0,True,2,in_force,0
PH0103208,POL0503208,John,Thompson,john.thompson3208@example.com,NC,31,Auto,Agent,2023-12-25,2958.77,3008.37,177526.0,True,1,in_force,1
PH0103209,POL0503209,Linda,Harris,linda.harris3209@example.com,VA,36,Auto,Direct,2017-06-17,1000.73,1038.81,60044.0,True,1,in_force,0
PH0103210,POL0503210,Nancy,Davis,nancy.davis3210@example.com,NJ,59,Home,Direct,2018-07-31,2161.47,2222.61,129688.0,True,2,in_force,0
PH0103211,POL0503211,Mark,Gonzalez,mark.gonzalez3211@example.com,NJ,55,Auto,Direct,2020-10-07,1556.28,1593.86,93377.0,True,3,in_force,0
PH0103212,POL0503212,James,Hernandez,james.hernandez3212@example.com,GA,68,Auto,Agent,2017-03-27,3279.59,3386.34,196775.0,False,1,in_force,0
PH0103213,POL0503213,John,Johnson,john.johnson3213@example.com,TX,55,Auto,Broker,2018-11-04,785.96,1048.93,47158.0,False,1,in_force,1
PH0103214,POL0503214,Sarah,Sanchez,sarah.sanchez3214@example.com,IL,76,Auto,Agent,2017-01-03,907.53,1119.45,54452.0,True,3,in_force,0
PH0103215,POL0503215,Patricia,Wilson,patricia.wilson3215@example.com,PA,67,Umbrella,Agent,2019-02-06,711.72,727.56,42703.0,True,3,in_force,0
PH0103216,POL0503216,Mark,Garcia,mark.garcia3216@example.com,OH,63,Umbrella,Agent,2017-06-24,1771.24,1847.71,106274.0,True,2,in_force,0
PH0103217,POL0503217,Margaret,Martinez,margaret.martinez3217@example.com,TX,56,Auto,Direct,2016-09-18,1567.89,1627.33,94073.0,True,3,in_force,0
PH0103218,POL0503218,William,Taylor,william.taylor3218@example.com,IL,41,Umbrella,Broker,2024-07-21,1488.58,1528.12,89315.0,True,2,in_force,0
PH0103219,POL0503219,Joseph,Gonzalez,joseph.gonzalez3219@example.com,NJ,46,Home,Agent,2017-08-26,1954.93,1955.32,117296.0,True,2,in_force,0
PH0103220,POL0503220,Sarah,Ramirez,sarah.ramirez3220@example.com,CA,67,Home,Direct,2016-11-17,2108.23,2164.63,126494.0,True,2,in_force,0
PH0103221,POL0503221,Charles,Perez,charles.perez3221@example.com,MA,63,Auto,Agent,2016-06-04,2769.93,2820.41,166196.0,True,3,in_force,0
PH0103222,POL0503222,Anthony,White,anthony.white3222@example.com,PA,70,Life,Agent,2021-10-30,2978.16,3077.53,446724.0,True,1,in_force,0
PH0103223,POL0503223,William,Lewis,william.lewis3223@example.com,NY,39,Auto,Direct,2017-03-26,3209.98,3276.73,192599.0,False,1,in_force,0
PH0103224,POL0503224,Thomas,Lewis,thomas.lewis3224@example.com,NY,75,Auto,Agent,2016-11-15,3479.69,3551.24,208781.0,True,3,in_force,0
PH0103225,POL0503225,Daniel,Ramirez,daniel.ramirez3225@example.com,PA,53,Home,Direct,2021-01-27,3553.45,4471.62,213207.0,False,1,in_force,1
PH0103226,POL0503226,Richard,Harris,richard.harris3226@example.com,FL,30,Home,Agent,2016-10-09,2803.33,3679.48,168200.0,True,1,in_force,0
PH0103227,POL0503227,Anthony,Robinson,anthony.robinson3227@example.com,OH,42,Life,Direct,2020-11-18,2017.94,2455.93,302691.0,True,1,in_force,0
PH0103228,POL0503228,Jennifer,Hernandez,jennifer.hernandez3228@example.com,MA,43,Auto,Agent,2022-03-22,2837.47,3369.42,170248.0,True,3,in_force,0
PH0103229,POL0503229,Barbara,Clark,barbara.clark3229@example.com,AZ,68,Life,Agent,2019-09-06,2866.21,2922.89,429932.0,True,2,in_force,0
PH0103230,POL0503230,Daniel,Brown,daniel.brown3230@example.com,MA,31,Life,Direct,2022-11-23,1645.89,1672.72,246884.0,False,3,in_force,0
PH0103231,POL0503231,Sarah,Lopez,sarah.lopez3231@example.com,NY,66,Home,Direct,2023-09-01,1283.14,1321.09,76988.0,False,3,in_force,0
PH0103232,POL0503232,Michael,Smith,michael.smith3232@example.com,OH,42,Auto,Direct,2022-03-06,2687.31,2777.59,161239.0,False,3,in_force,1
PH0103233,POL0503233,Mary,Martin,mary.martin3233@example.com,FL,71,Life,Direct,2023-12-28,3560.45,3677.66,534068.0,True,3,in_force,0
PH0103234,POL0503234,Barbara,Jackson,barbara.jackson3234@example.com,TX,54,Auto,Agent,2019-09-19,1489.5,1519.78,89370.0,False,3,in_force,1
PH0103235,POL0503235,David,Ramirez,david.ramirez3235@example.com,VA,62,Auto,Agent,2022-04-23,3509.2,3646.34,210552.0,True,2,in_force,0
PH0103236,POL0503236,Daniel,Thompson,daniel.thompson3236@example.com,VA,36,Umbrella,Direct,2023-02-25,3087.86,4062.25,185272.0,True,3,in_force,1
PH0103237,POL0503237,Sandra,Jackson,sandra.jackson3237@example.com,MA,58,Auto,Broker,2024-04-25,2341.42,2399.52,140485.0,True,3,in_force,1
PH0103238,POL0503238,Patricia,Harris,patricia.harris3238@example.com,WA,68,Auto,Broker,2024-09-17,1372.2,1645.12,82332.0,True,1,in_force,1
PH0103239,POL0503239,Margaret,Thomas,margaret.thomas3239@example.com,AZ,52,Auto,Direct,2020-04-03,1116.73,1146.59,67004.0,True,2,in_force,0
PH0103240,POL0503240,Jennifer,Perez,jennifer.perez3240@example.com,CA,65,Auto,Agent,2024-03-27,1918.11,2000.59,115087.0,True,3,in_force,0
PH0103241,POL0503241,Charles,Lee,charles.lee3241@example.com,NY,72,Auto,Agent,2021-10-31,2831.99,2941.77,169919.0,False,2,in_force,1
PH0103242,POL0503242,Barbara,Taylor,barbara.taylor3242@example.com,WA,74,Umbrella,Direct,2017-10-24,850.99,877.44,51059.0,True,2,in_force,0
PH0103243,POL0503243,Jennifer,Lopez,jennifer.lopez3243@example.com,NY,75,Home,Agent,2019-05-06,1717.44,1795.42,103046.0,True,3,in_force,0
PH0103244,POL0503244,Robert,Lewis,robert.lewis3244@example.com,IL,43,Home,Direct,2023-12-30,1751.56,1788.62,105094.0,True,1,in_force,1
PH0103245,POL0503245,Sarah,Miller,sarah.miller3245@example.com,CA,75,Life,Broker,2018-03-18,847.54,877.3,127131.0,True,3,in_force,0
PH0103246,POL0503246,Charles,Johnson,charles.johnson3246@example.com,PA,64,Home,Direct,2016-02-25,3504.86,4094.62,210292.0,True,1,in_force,0
PH0103247,POL0503247,Matthew,Lewis,matthew.lewis3247@example.com,NY,75,Auto,Agent,2021-10-22,3297.72,3456.79,197863.0,True,2,in_force,0
PH0103248,POL0503248,Karen,Moore,karen.moore3248@example.com,VA,34,Auto,Agent,2024-03-15,1656.17,1700.51,99370.0,True,2,in_force,0
PH0103249,POL0503249,Charles,Brown,charles.brown3249@example.com,FL,47,Life,Agent,2020-07-31,1173.48,1195.86,176022.0,True,2,in_force,0
PH0103250,POL0503250,John,Thomas,john.thomas3250@example.com,PA,63,Auto,Direct,2022-07-30,2889.22,3375.08,173353.0,False,3,in_force,1
PH0103251,POL0503251,Mark,Davis,mark.davis3251@example.com,MA,40,Auto,Agent,2017-10-21,3207.95,3311.99,192477.0,False,3,in_force,1
PH0103252,POL0503252,Daniel,Taylor,daniel.taylor3252@example.com,PA,42,Life,Broker,2024-01-12,1274.7,1329.46,191205.0,True,1,in_force,1
PH0103253,POL0503253,Mary,Perez,mary.perez3253@example.com,IL,31,Auto,Broker,2020-12-15,2988.12,3664.14,179287.0,True,3,in_force,1
PH0103254,POL0503254,Jennifer,Williams,jennifer.williams3254@example.com,PA,76,Auto,Agent,2021-02-01,979.65,997.18,58779.0,True,2,in_force,0
PH0103255,POL0503255,Christopher,Hernandez,christopher.hernandez3255@example.com,TX,55,Auto,Broker,2021-12-23,3849.9,4365.78,230994.0,True,3,in_force,1
PH0103256,POL0503256,Patricia,Anderson,patricia.anderson3256@example.com,WA,43,Auto,Agent,2017-05-13,815.1,855.78,48906.0,False,1,in_force,1
PH0103257,POL0503257,John,Brown,john.brown3257@example.com,NY,62,Auto,Direct,2016-07-13,3699.28,3713.95,221957.0,False,3,in_force,0
PH0103258,POL0503258,David,Garcia,david.garcia3258@example.com,FL,70,Auto,Direct,2020-08-22,2440.76,2544.58,146446.0,True,1,in_force,1
PH0103259,POL0503259,David,Martinez,david.martinez3259@example.com,TX,74,Auto,Agent,2020-12-21,3585.21,3741.71,215113.0,True,2,in_force,0
PH0103260,POL0503260,Linda,White,linda.white3260@example.com,IL,63,Auto,Agent,2024-04-02,2060.67,2066.89,123640.0,True,2,in_force,0
PH0103261,POL0503261,Nancy,Thompson,nancy.thompson3261@example.com,GA,48,Home,Agent,2019-03-03,2084.22,2135.83,125053.0,True,2,in_force,0
PH0103262,POL0503262,Mark,Smith,mark.smith3262@example.com,NJ,53,Home,Direct,2022-05-31,3517.74,3597.78,211064.0,True,1,in_force,0
PH0103263,POL0503263,Sarah,Garcia,sarah.garcia3263@example.com,IL,77,Auto,Direct,2018-06-26,3186.98,3815.56,191219.0,True,2,in_force,0
PH0103264,POL0503264,David,Johnson,david.johnson3264@example.com,PA,64,Home,Agent,2017-08-08,1458.58,1506.57,87515.0,False,2,in_force,0
PH0103265,POL0503265,Thomas,Thompson,thomas.thompson3265@example.com,GA,60,Home,Broker,2016-07-14,1889.42,1922.67,113365.0,True,1,in_force,0
PH0103266,POL0503266,Richard,Clark,richard.clark3266@example.com,NJ,39,Auto,Direct,2019-08-21,829.5,865.26,49770.0,True,2,in_force,0
PH0103267,POL0503267,Mary,Smith,mary.smith3267@example.com,MA,64,Home,Agent,2020-11-08,2333.96,2337.66,140038.0,True,3,in_force,0
PH0103268,POL0503268,Mary,Lewis,mary.lewis3268@example.com,NY,61,Auto,Broker,2016-06-20,954.52,978.42,57271.0,False,1,in_force,1
PH0103269,POL0503269,Charles,Martinez,charles.martinez3269@example.com,VA,67,Umbrella,Direct,2021-08-08,1115.37,1153.08,66922.0,True,3,in_force,0
PH0103270,POL0503270,David,Garcia,david.garcia3270@example.com,PA,29,Umbrella,Agent,2021-11-11,2243.08,2311.61,134585.0,True,2,in_force,1
PH0103271,POL0503271,Margaret,White,margaret.white3271@example.com,NY,66,Auto,Agent,2016-07-11,692.27,723.54,41536.0,False,2,in_force,0
PH0103272,POL0503272,David,Gonzalez,david.gonzalez3272@example.com,NY,32,Life,Direct,2024-04-04,1748.83,2207.17,262324.0,True,2,in_force,0
PH0103273,POL0503273,Christopher,Jones,christopher.jones3273@example.com,OH,42,Auto,Broker,2017-10-27,1231.84,1291.58,73910.0,False,1,in_force,1
PH0103274,POL0503274,Mark,Martinez,mark.martinez3274@example.com,IL,73,Auto,Direct,2024-03-15,1181.14,1199.94,70868.0,True,2,in_force,1
PH0103275,POL0503275,Sandra,Johnson,sandra.johnson3275@example.com,WA,54,Auto,Direct,2022-09-11,2118.57,2471.57,127114.0,False,2,in_force,0
PH0103276,POL0503276,Elizabeth,Wilson,elizabeth.wilson3276@example.com,PA,68,Home,Agent,2023-09-17,2229.75,2234.98,133785.0,True,3,in_force,0
PH0103277,POL0503277,Sarah,White,sarah.white3277@example.com,NC,76,Life,Direct,2023-07-06,1371.7,1402.33,205755.0,False,3,in_force,0
PH0103278,POL0503278,Margaret,Robinson,margaret.robinson3278@example.com,PA,36,Auto,Direct,2020-01-13,2291.41,2361.49,137485.0,False,2,in_force,0
PH0103279,POL0503279,Anthony,Harris,anthony.harris3279@example.com,FL,55,Auto,Agent,2024-08-15,3472.86,3572.23,208372.0,False,2,in_force,1
PH0103280,POL0503280,Lisa,Perez,lisa.perez3280@example.com,MA,72,Auto,Broker,2021-01-07,2210.61,2215.95,132637.0,False,1,in_force,1
PH0103281,POL0503281,Richard,Lopez,richard.lopez3281@example.com,TX,44,Auto,Direct,2017-06-25,1328.97,1392.78,79738.0,False,3,in_force,0
PH0103282,POL0503282,Matthew,Martin,matthew.martin3282@example.com,MA,68,Auto,Agent,2024-07-11,2579.95,2700.21,154797.0,True,3,in_force,0
PH0103283,POL0503283,Sandra,Taylor,sandra.taylor3283@example.com,IL,41,Umbrella,Agent,2018-08-18,1296.76,1348.28,77806.0,False,2,in_force,1
PH0103284,POL0503284,Christopher,Ramirez,christopher.ramirez3284@example.com,TX,35,Auto,Agent,2017-05-13,2310.56,2414.83,138634.0,False,3,in_force,0
PH0103285,POL0503285,Christopher,Brown,christopher.brown3285@example.com,PA,33,Home,Direct,2020-08-04,1722.15,1788.44,103329.0,False,2,in_force,0
PH0103286,POL0503286,Elizabeth,Lopez,elizabeth.lopez3286@example.com,AZ,77,Home,Direct,2024-03-08,2183.14,2244.34,130988.0,True,3,in_force,1
PH0103287,POL0503287,Mary,Lee,mary.lee3287@example.com,VA,46,Home,Broker,2019-08-25,3307.89,3352.65,198473.0,False,3,in_force,0
PH0103288,POL0503288,David,Clark,david.clark3288@example.com,AZ,41,Home,Direct,2022-06-28,1132.84,1164.98,67970.0,True,1,in_force,1
PH0103289,POL0503289,Mark,Hernandez,mark.hernandez3289@example.com,CA,34,Umbrella,Agent,2023-07-21,2848.89,2899.73,170933.0,True,1,in_force,0
PH0103290,POL0503290,Betty,White,betty.white3290@example.com,GA,44,Umbrella,Direct,2022-03-15,3830.26,3889.64,229816.0,False,1,in_force,1
PH0103291,POL0503291,Elizabeth,White,elizabeth.white3291@example.com,AZ,74,Auto,Agent,2022-04-15,1399.03,1448.04,83942.0,False,3,in_force,1
PH0103292,POL0503292,David,Williams,david.williams3292@example.com,FL,48,Umbrella,Direct,2024-04-27,1028.07,1045.62,61684.0,True,1,in_force,0
PH0103293,POL0503293,John,Lee,john.lee3293@example.com,GA,42,Home,Broker,2023-02-22,2680.58,2728.87,160835.0,True,3,in_force,0
PH0103294,POL0503294,Mark,Miller,mark.miller3294@example.com,NC,38,Home,Agent,2022-06-29,3263.14,3377.75,195788.0,True,2,in_force,0
PH0103295,POL0503295,Sandra,Taylor,sandra.taylor3295@example.com,MA,59,Auto,Agent,2016-03-01,1077.31,1356.76,64639.0,True,2,in_force,0
PH0103296,POL0503296,Matthew,Sanchez,matthew.sanchez3296@example.com,MA,47,Auto,Broker,2017-02-25,3123.99,3183.59,187439.0,False,2,in_force,0
PH0103297,POL0503297,Margaret,Taylor,margaret.taylor3297@example.com,MI,36,Home,Broker,2016-10-07,2983.92,3091.84,179035.0,True,2,in_force,0
PH0103298,POL0503298,Robert,Martinez,robert.martinez3298@example.com,AZ,54,Home,Broker,2024-03-03,3329.19,3450.96,199751.0,True,2,in_force,0
PH0103299,POL0503299,Charles,Smith,charles.smith3299@example.com,NY,37,Home,Broker,2019-09-30,995.15,1037.02,59709.0,False,2,in_force,0
PH0103300,POL0503300,Christopher,White,christopher.white3300@example.com,NY,60,Auto,Direct,2017-12-14,1218.89,1476.65,73133.0,True,2,in_force,0
PH0103301,POL0503301,David,Robinson,david.robinson3301@example.com,AZ,58,Home,Agent,2022-12-24,1957.93,2009.63,117476.0,False,2,in_force,0
PH0103302,POL0503302,William,Taylor,william.taylor3302@example.com,NC,52,Auto,Agent,2022-03-04,1198.61,1215.36,71917.0,False,2,in_force,0
PH0103303,POL0503303,Nancy,Davis,nancy.davis3303@example.com,OH,43,Auto,Broker,2016-11-22,2073.16,2158.43,124390.0,True,3,in_force,0
PH0103304,POL0503304,Anthony,Martin,anthony.martin3304@example.com,NC,76,Auto,Agent,2019-02-18,2128.71,2232.68,127723.0,False,3,in_force,0
PH0103305,POL0503305,Daniel,Smith,daniel.smith3305@example.com,PA,73,Umbrella,Agent,2016-06-30,2546.21,2572.35,152773.0,False,3,in_force,0
PH0103306,POL0503306,Daniel,Hernandez,daniel.hernandez3306@example.com,NY,37,Home,Agent,2023-04-28,3749.37,3847.47,224962.0,False,2,in_force,0
PH0103307,POL0503307,Margaret,Rodriguez,margaret.rodriguez3307@example.com,IL,46,Life,Agent,2020-12-07,2012.45,2086.37,301868.0,False,2,in_force,0
PH0103308,POL0503308,Thomas,Brown,thomas.brown3308@example.com,AZ,68,Home,Broker,2020-08-01,769.84,984.05,46190.0,True,3,in_force,0
PH0103309,POL0503309,Thomas,Lee,thomas.lee3309@example.com,AZ,54,Auto,Direct,2017-12-19,1329.96,1364.15,79798.0,False,3,in_force,0
PH0103310,POL0503310,Mary,Anderson,mary.anderson3310@example.com,NC,71,Home,Direct,2017-11-30,3040.25,3169.42,182415.0,True,1,in_force,0
PH0103311,POL0503311,Thomas,Thomas,thomas.thomas3311@example.com,NY,45,Auto,Broker,2016-02-17,3780.87,3914.84,226852.0,False,2,in_force,0
PH0103312,POL0503312,John,Ramirez,john.ramirez3312@example.com,OH,57,Auto,Agent,2024-03-13,3022.18,3164.8,181331.0,False,2,in_force,1
PH0103313,POL0503313,Margaret,Smith,margaret.smith3313@example.com,VA,62,Umbrella,Agent,2022-11-16,1733.6,1776.36,104016.0,False,3,in_force,0
PH0103314,POL0503314,Karen,Ramirez,karen.ramirez3314@example.com,OH,50,Life,Direct,2017-09-16,1642.31,1647.31,246346.0,True,3,in_force,0
PH0103315,POL0503315,Sarah,Robinson,sarah.robinson3315@example.com,MI,66,Home,Direct,2018-10-09,2542.16,2571.92,152530.0,True,2,in_force,0
PH0103316,POL0503316,Joseph,Ramirez,joseph.ramirez3316@example.com,VA,56,Auto,Broker,2016-10-29,2874.66,2956.61,172480.0,True,1,in_force,0
PH0103317,POL0503317,Elizabeth,Lewis,elizabeth.lewis3317@example.com,PA,77,Umbrella,Agent,2022-11-04,2648.67,2668.48,158920.0,True,3,in_force,1
PH0103318,POL0503318,Robert,Rodriguez,robert.rodriguez3318@example.com,OH,44,Auto,Agent,2024-06-08,1154.93,1171.58,69296.0,True,2,in_force,1
PH0103319,POL0503319,Sarah,Clark,sarah.clark3319@example.com,FL,68,Auto,Agent,2020-10-06,1675.04,1700.2,100502.0,True,3,in_force,0
PH0103320,POL0503320,Thomas,Taylor,thomas.taylor3320@example.com,CA,42,Home,Agent,2021-05-08,2224.87,2318.94,133492.0,True,2,in_force,0
PH0103321,POL0503321,Matthew,Davis,matthew.davis3321@example.com,GA,46,Auto,Agent,2017-02-25,2808.0,2833.38,168480.0,True,3,in_force,0
PH0103322,POL0503322,Margaret,Lee,margaret.lee3322@example.com,NJ,38,Home,Agent,2016-07-02,1712.58,1738.75,102755.0,True,3,in_force,0
PH0103323,POL0503323,David,Perez,david.perez3323@example.com,GA,49,Auto,Agent,2022-01-18,2140.04,2698.74,128402.0,False,3,in_force,1
PH0103324,POL0503324,William,Brown,william.brown3324@example.com,IL,63,Auto,Direct,2022-12-27,1128.88,1131.91,67733.0,True,3,in_force,1
PH0103325,POL0503325,David,Jackson,david.jackson3325@example.com,IL,52,Life,Agent,2022-01-16,2556.85,2923.7,383528.0,True,1,in_force,0
PH0103326,POL0503326,David,Ramirez,david.ramirez3326@example.com,FL,55,Auto,Agent,2022-11-29,3466.66,3482.03,208000.0,False,1,in_force,0
PH0103327,POL0503327,Karen,Jones,karen.jones3327@example.com,TX,77,Auto,Agent,2022-06-01,2907.27,3005.99,174436.0,False,1,in_force,0
PH0103328,POL0503328,Thomas,Hernandez,thomas.hernandez3328@example.com,OH,30,Auto,Broker,2020-04-05,1018.18,1050.62,61091.0,False,3,in_force,1
PH0103329,POL0503329,Mark,Lopez,mark.lopez3329@example.com,NC,40,Auto,Agent,2024-07-01,2046.56,2063.03,122794.0,False,3,in_force,1
PH0103330,POL0503330,William,Lewis,william.lewis3330@example.com,VA,69,Umbrella,Direct,2016-08-14,1821.78,1844.74,109307.0,False,2,in_force,0
PH0103331,POL0503331,Jessica,Hernandez,jessica.hernandez3331@example.com,AZ,44,Life,Agent,2019-12-24,1553.97,2076.75,233096.0,True,3,in_force,1
PH0103332,POL0503332,James,Jones,james.jones3332@example.com,MI,52,Auto,Direct,2019-02-01,1054.65,1106.77,63279.0,True,3,in_force,0
PH0103333,POL0503333,Charles,Wilson,charles.wilson3333@example.com,VA,29,Auto,Direct,2022-05-20,1892.86,2482.43,113572.0,True,2,in_force,1
PH0103334,POL0503334,Charles,Robinson,charles.robinson3334@example.com,TX,75,Auto,Agent,2016-09-06,2972.4,3830.82,178344.0,True,2,in_force,1
PH0103335,POL0503335,Jennifer,Jackson,jennifer.jackson3335@example.com,NY,71,Home,Direct,2020-05-30,2441.3,2558.84,146478.0,False,1,in_force,0
PH0103336,POL0503336,Sarah,Clark,sarah.clark3336@example.com,VA,28,Home,Direct,2021-09-12,2063.85,2084.69,123831.0,True,2,in_force,0
PH0103337,POL0503337,William,Taylor,william.taylor3337@example.com,CA,28,Auto,Direct,2016-02-19,2411.68,2422.73,144701.0,True,2,in_force,0
PH0103338,POL0503338,John,Wilson,john.wilson3338@example.com,IL,69,Auto,Broker,2017-04-19,3619.34,3739.14,217160.0,True,3,in_force,1
PH0103339,POL0503339,Betty,Martinez,betty.martinez3339@example.com,MA,43,Auto,Direct,2019-04-10,1218.64,1556.49,73118.0,True,2,in_force,1
PH0103340,POL0503340,Sarah,Lee,sarah.lee3340@example.com,GA,71,Auto,Agent,2018-05-19,2749.66,2764.18,164980.0,True,2,in_force,0
PH0103341,POL0503341,David,Anderson,david.anderson3341@example.com,NC,65,Auto,Agent,2020-06-23,1719.97,1794.77,103198.0,False,2,in_force,0
PH0103342,POL0503342,James,Rodriguez,james.rodriguez3342@example.com,OH,36,Auto,Direct,2021-12-27,2580.98,2679.91,154859.0,True,3,in_force,0
PH0103343,POL0503343,Patricia,Perez,patricia.perez3343@example.com,TX,74,Home,Agent,2024-03-16,3660.46,3730.8,219628.0,True,1,in_force,0
PH0103344,POL0503344,John,Taylor,john.taylor3344@example.com,VA,56,Home,Agent,2022-03-14,2311.09,2344.12,138665.0,True,3,in_force,0
PH0103345,POL0503345,Robert,Rodriguez,robert.rodriguez3345@example.com,NJ,35,Home,Direct,2021-09-11,2373.22,2443.13,142393.0,False,3,in_force,0
PH0103346,POL0503346,Nancy,Gonzalez,nancy.gonzalez3346@example.com,NC,55,Umbrella,Agent,2021-07-14,1463.87,1528.58,87832.0,True,3,in_force,0
PH0103347,POL0503347,John,Lopez,john.lopez3347@example.com,NJ,69,Life,Direct,2022-06-10,1694.06,1923.61,254109.0,True,2,in_force,1
PH0103348,POL0503348,Charles,Jones,charles.jones3348@example.com,TX,67,Auto,Broker,2017-02-18,1822.64,1906.36,109358.0,True,2,in_force,0
PH0103349,POL0503349,Elizabeth,Robinson,elizabeth.robinson3349@example.com,VA,30,Home,Agent,2016-07-31,748.66,775.03,44920.0,True,3,in_force,0
PH0103350,POL0503350,Mary,Martinez,mary.martinez3350@example.com,WA,67,Home,Direct,2022-02-11,727.0,731.78,43620.0,True,3,in_force,0
PH0103351,POL0503351,Nancy,Ramirez,nancy.ramirez3351@example.com,AZ,69,Umbrella,Agent,2021-05-26,1352.71,1401.91,81163.0,True,1,in_force,1
PH0103352,POL0503352,James,Brown,james.brown3352@example.com,CA,47,Life,Direct,2023-07-28,682.4,700.49,102360.0,True,3,in_force,0
PH0103353,POL0503353,Elizabeth,Lopez,elizabeth.lopez3353@example.com,FL,65,Life,Direct,2022-05-23,917.44,962.82,137616.0,False,2,in_force,0
PH0103354,POL0503354,Michael,Garcia,michael.garcia3354@example.com,IL,63,Life,Broker,2024-07-24,3331.15,3463.68,499672.0,False,2,in_force,1
PH0103355,POL0503355,Jennifer,Hernandez,jennifer.hernandez3355@example.com,VA,72,Auto,Direct,2017-08-16,1899.22,1920.0,113953.0,True,3,in_force,0
PH0103356,POL0503356,Robert,Harris,robert.harris3356@example.com,GA,34,Auto,Agent,2018-04-18,2894.64,3388.05,173678.0,False,2,in_force,1
PH0103357,POL0503357,Thomas,Gonzalez,thomas.gonzalez3357@example.com,GA,73,Auto,Agent,2019-09-04,2591.75,2691.51,155505.0,True,1,in_force,0
PH0103358,POL0503358,Michael,Brown,michael.brown3358@example.com,AZ,75,Life,Direct,2018-06-27,3745.44,3923.49,561816.0,False,2,in_force,1
PH0103359,POL0503359,Sarah,Hernandez,sarah.hernandez3359@example.com,MA,63,Home,Agent,2022-08-01,2361.43,2872.2,141686.0,True,1,in_force,1
PH0103360,POL0503360,Susan,Miller,susan.miller3360@example.com,NY,63,Auto,Agent,2020-03-16,2023.35,2331.39,121401.0,False,3,in_force,1
PH0103361,POL0503361,Matthew,Lopez,matthew.lopez3361@example.com,VA,29,Auto,Direct,2023-05-16,3131.78,3994.47,187907.0,True,1,in_force,1
PH0103362,POL0503362,Robert,Ramirez,robert.ramirez3362@example.com,AZ,47,Auto,Agent,2023-02-10,2446.67,2548.05,146800.0,True,3,in_force,1
PH0103363,POL0503363,Patricia,Wilson,patricia.wilson3363@example.com,PA,67,Home,Direct,2016-07-22,3199.24,3318.03,191954.0,False,2,in_force,1
PH0103364,POL0503364,John,Sanchez,john.sanchez3364@example.com,NY,43,Home,Agent,2022-04-06,2087.11,2744.23,125227.0,True,2,in_force,0
PH0103365,POL0503365,Robert,Garcia,robert.garcia3365@example.com,FL,36,Auto,Direct,2019-09-02,1851.08,1927.06,111065.0,True,3,in_force,0
PH0103366,POL0503366,Richard,Thomas,richard.thomas3366@example.com,IL,75,Life,Direct,2020-05-05,3094.37,3160.29,464156.0,True,3,in_force,0
PH0103367,POL0503367,Charles,Hernandez,charles.hernandez3367@example.com,IL,33,Umbrella,Direct,2019-05-09,1822.68,2297.85,109361.0,True,1,in_force,0
PH0103368,POL0503368,Karen,Thomas,karen.thomas3368@example.com,OH,57,Auto,Agent,2024-03-01,1039.49,1047.59,62369.0,False,3,in_force,0
PH0103369,POL0503369,Matthew,Smith,matthew.smith3369@example.com,IL,41,Home,Broker,2020-03-26,1299.62,1315.75,77977.0,True,2,in_force,0
PH0103370,POL0503370,Charles,Clark,charles.clark3370@example.com,MA,31,Umbrella,Agent,2017-03-22,2182.32,2233.97,130939.0,False,3,in_force,1
PH0103371,POL0503371,Karen,Anderson,karen.anderson3371@example.com,NJ,38,Life,Direct,2019-12-21,2173.54,2244.31,326031.0,True,3,in_force,0
PH0103372,POL0503372,Elizabeth,Williams,elizabeth.williams3372@example.com,AZ,61,Auto,Direct,2017-08-07,1607.51,1633.82,96451.0,True,3,in_force,0
PH0103373,POL0503373,Charles,Garcia,charles.garcia3373@example.com,WA,58,Auto,Broker,2018-05-17,1447.36,1507.55,86842.0,False,1,in_force,0
PH0103374,POL0503374,Barbara,Lopez,barbara.lopez3374@example.com,NY,75,Home,Broker,2016-11-06,3186.91,3233.29,191215.0,True,2,in_force,0
PH0103375,POL0503375,Michael,Thompson,michael.thompson3375@example.com,AZ,39,Home,Broker,2016-06-29,1120.05,1160.42,67203.0,True,1,in_force,0
PH0103376,POL0503376,Patricia,Thomas,patricia.thomas3376@example.com,MI,52,Umbrella,Direct,2022-01-03,958.93,998.66,57536.0,False,3,in_force,0
PH0103377,POL0503377,Joseph,Thomas,joseph.thomas3377@example.com,CA,50,Home,Agent,2021-06-25,3843.29,3880.08,230597.0,True,3,in_force,0
PH0103378,POL0503378,Margaret,White,margaret.white3378@example.com,GA,31,Umbrella,Agent,2021-04-24,3140.79,3142.44,188447.0,True,1,in_force,0
PH0103379,POL0503379,Sarah,Lee,sarah.lee3379@example.com,TX,73,Life,Broker,2020-03-20,2820.09,3506.52,423014.0,False,3,in_force,1
PH0103380,POL0503380,Mary,Garcia,mary.garcia3380@example.com,MA,49,Auto,Direct,2020-06-18,2333.74,2419.93,140024.0,False,3,in_force,0
PH0103381,POL0503381,Mark,Johnson,mark.johnson3381@example.com,WA,62,Home,Direct,2023-02-08,3612.0,3649.54,216720.0,False,3,in_force,1
PH0103382,POL0503382,Robert,Perez,robert.perez3382@example.com,TX,34,Life,Direct,2024-01-02,2442.43,2469.16,366364.0,True,3,in_force,0
PH0103383,POL0503383,Betty,Garcia,betty.garcia3383@example.com,AZ,66,Home,Direct,2020-02-23,3680.12,3810.42,220807.0,False,3,in_force,1
PH0103384,POL0503384,David,Gonzalez,david.gonzalez3384@example.com,WA,38,Home,Direct,2017-12-27,1887.52,2274.18,113251.0,False,2,in_force,0
PH0103385,POL0503385,Christopher,Thomas,christopher.thomas3385@example.com,NC,31,Auto,Agent,2020-02-08,2064.5,2125.55,123870.0,True,3,in_force,0
PH0103386,POL0503386,Patricia,Williams,patricia.williams3386@example.com,GA,73,Home,Agent,2020-10-12,3530.13,3620.84,211808.0,True,2,in_force,0
PH0103387,POL0503387,Michael,Harris,michael.harris3387@example.com,FL,37,Life,Agent,2016-05-21,1242.59,1293.78,186388.0,False,3,in_force,1
PH0103388,POL0503388,Matthew,Gonzalez,matthew.gonzalez3388@example.com,NC,76,Umbrella,Agent,2022-08-06,2352.4,2469.2,141144.0,True,3,in_force,0
PH0103389,POL0503389,Patricia,Robinson,patricia.robinson3389@example.com,IL,66,Life,Broker,2017-04-12,2082.89,2113.95,312434.0,True,3,in_force,1
PH0103390,POL0503390,Susan,Martinez,susan.martinez3390@example.com,MA,76,Life,Direct,2017-09-24,2508.03,2596.45,376205.0,True,3,in_force,0
PH0103391,POL0503391,Elizabeth,Jones,elizabeth.jones3391@example.com,VA,31,Life,Agent,2023-03-06,1576.85,1604.28,236528.0,False,2,in_force,1
PH0103392,POL0503392,William,Smith,william.smith3392@example.com,OH,67,Life,Direct,2023-06-01,2210.07,2245.03,331510.0,False,2,in_force,0
PH0103393,POL0503393,William,Ramirez,william.ramirez3393@example.com,MA,51,Auto,Agent,2016-09-26,3083.0,3100.02,184980.0,True,2,in_force,0
PH0103394,POL0503394,Anthony,Gonzalez,anthony.gonzalez3394@example.com,TX,69,Home,Direct,2017-09-17,3309.4,3392.22,198564.0,False,2,in_force,1
PH0103395,POL0503395,Mark,Anderson,mark.anderson3395@example.com,CA,35,Auto,Agent,2023-01-20,3147.54,3167.05,188852.0,False,2,in_force,0
PH0103396,POL0503396,Mary,Brown,mary.brown3396@example.com,CA,67,Auto,Direct,2022-11-19,2165.31,2172.14,129919.0,True,1,in_force,0
PH0103397,POL0503397,Jessica,White,jessica.white3397@example.com,NY,28,Umbrella,Agent,2018-05-17,3234.0,3249.7,194040.0,True,3,in_force,0
PH0103398,POL0503398,James,Martin,james.martin3398@example.com,GA,48,Auto,Broker,2018-01-22,733.34,768.88,44000.0,False,3,in_force,0
PH0103399,POL0503399,Linda,Lee,linda.lee3399@example.com,VA,77,Life,Broker,2016-01-09,3601.39,3654.41,540208.0,False,3,in_force,0
PH0103400,POL0503400,John,Martin,john.martin3400@example.com,WA,44,Home,Direct,2017-12-07,1796.03,2134.59,107762.0,True,3,in_force,0
PH0103401,POL0503401,Jessica,Miller,jessica.miller3401@example.com,PA,75,Home,Agent,2019-11-15,2998.01,3098.73,179881.0,True,2,in_force,0
PH0103402,POL0503402,Richard,Smith,richard.smith3402@example.com,OH,38,Life,Agent,2020-02-20,3147.87,3192.91,472180.0,True,2,in_force,0
PH0103403,POL0503403,Joseph,Miller,joseph.miller3403@example.com,OH,62,Auto,Direct,2024-04-05,1599.11,1640.39,95947.0,False,1,in_force,1
PH0103404,POL0503404,Thomas,Jackson,thomas.jackson3404@example.com,NJ,61,Umbrella,Agent,2022-04-04,3634.22,3708.8,218053.0,True,1,in_force,0
PH0103405,POL0503405,David,Lee,david.lee3405@example.com,PA,28,Home,Agent,2021-02-18,3353.9,3477.16,201234.0,False,2,in_force,0
PH0103406,POL0503406,Richard,Robinson,richard.robinson3406@example.com,MA,56,Umbrella,Direct,2022-06-09,1964.6,2464.21,117876.0,False,1,in_force,1
PH0103407,POL0503407,James,Johnson,james.johnson3407@example.com,WA,64,Life,Agent,2020-08-05,712.47,730.71,106870.0,True,3,in_force,0
PH0103408,POL0503408,Matthew,Jackson,matthew.jackson3408@example.com,NY,44,Home,Agent,2021-01-03,875.46,1120.88,52528.0,True,1,in_force,0
PH0103409,POL0503409,Anthony,Lee,anthony.lee3409@example.com,VA,50,Life,Direct,2020-09-06,2566.14,2602.19,384921.0,True,3,in_force,0
PH0103410,POL0503410,David,Lee,david.lee3410@example.com,NY,50,Home,Agent,2016-10-26,799.46,813.22,47968.0,False,2,in_force,0
PH0103411,POL0503411,Elizabeth,Davis,elizabeth.davis3411@example.com,AZ,53,Home,Direct,2019-09-13,2967.73,3080.78,178064.0,True,2,in_force,0
PH0103412,POL0503412,Margaret,Wilson,margaret.wilson3412@example.com,TX,68,Auto,Agent,2021-10-23,1176.59,1178.79,70595.0,True,2,in_force,0
PH0103413,POL0503413,Sandra,Sanchez,sandra.sanchez3413@example.com,NC,54,Life,Agent,2021-05-19,1288.26,1636.3,193239.0,False,3,in_force,1
PH0103414,POL0503414,Sandra,Jones,sandra.jones3414@example.com,NJ,40,Auto,Direct,2021-05-02,777.34,795.8,46640.0,False,2,in_force,0
PH0103415,POL0503415,Lisa,Martinez,lisa.martinez3415@example.com,FL,66,Home,Broker,2018-06-27,2119.01,2203.68,127141.0,False,1,in_force,0
PH0103416,POL0503416,Jessica,Lopez,jessica.lopez3416@example.com,MI,60,Auto,Broker,2024-05-14,3081.72,3199.83,184903.0,True,1,in_force,0
PH0103417,POL0503417,Matthew,Miller,matthew.miller3417@example.com,OH,31,Home,Agent,2018-03-15,2377.81,2391.02,142669.0,False,2,in_force,1
PH0103418,POL0503418,Karen,Martin,karen.martin3418@example.com,NJ,42,Life,Broker,2021-09-29,1374.52,1390.36,206178.0,True,2,in_force,0
PH0103419,POL0503419,Mary,Martinez,mary.martinez3419@example.com,NJ,77,Auto,Direct,2017-11-05,2526.81,2651.42,151609.0,True,3,in_force,0
PH0103420,POL0503420,Elizabeth,Perez,elizabeth.perez3420@example.com,FL,34,Umbrella,Agent,2021-07-22,2753.44,2774.28,165206.0,True,3,in_force,0
PH0103421,POL0503421,John,Sanchez,john.sanchez3421@example.com,IL,68,Home,Broker,2018-01-21,3822.47,3951.9,229348.0,False,1,in_force,0
PH0103422,POL0503422,Daniel,Sanchez,daniel.sanchez3422@example.com,GA,50,Auto,Broker,2022-05-27,1894.41,1949.25,113665.0,True,3,in_force,0
PH0103423,POL0503423,Mark,Taylor,mark.taylor3423@example.com,PA,72,Home,Agent,2023-05-15,2779.44,2803.19,166766.0,True,3,in_force,0
PH0103424,POL0503424,Lisa,Perez,lisa.perez3424@example.com,VA,68,Auto,Direct,2017-05-04,2665.87,2793.49,159952.0,True,3,in_force,0
PH0103425,POL0503425,Mary,Brown,mary.brown3425@example.com,CA,55,Auto,Broker,2021-04-03,1525.4,1552.16,91524.0,True,2,in_force,0
PH0103426,POL0503426,Jennifer,Ramirez,jennifer.ramirez3426@example.com,CA,73,Auto,Direct,2023-06-30,2065.41,2557.94,123925.0,True,2,in_force,1
PH0103427,POL0503427,Thomas,Jackson,thomas.jackson3427@example.com,IL,68,Auto,Direct,2020-09-07,2607.3,2671.27,156438.0,False,3,in_force,0
PH0103428,POL0503428,Susan,Harris,susan.harris3428@example.com,AZ,68,Home,Direct,2023-02-28,2308.2,2337.75,138492.0,True,1,in_force,0
PH0103429,POL0503429,James,Martin,james.martin3429@example.com,WA,51,Auto,Direct,2023-12-08,2706.55,3416.56,162393.0,True,3,in_force,1
PH0103430,POL0503430,Sandra,Garcia,sandra.garcia3430@example.com,AZ,70,Umbrella,Direct,2020-08-23,672.53,696.73,40352.0,True,2,in_force,0
PH0103431,POL0503431,David,Hernandez,david.hernandez3431@example.com,IL,61,Life,Direct,2019-04-06,1030.32,1035.72,154548.0,True,2,in_force,0
PH0103432,POL0503432,Margaret,Robinson,margaret.robinson3432@example.com,CA,71,Home,Agent,2022-05-26,3682.15,3799.32,220929.0,True,3,in_force,0
PH0103433,POL0503433,Anthony,Smith,anthony.smith3433@example.com,NY,60,Home,Direct,2020-08-24,2510.93,3280.92,150656.0,True,3,in_force,1
PH0103434,POL0503434,Daniel,Brown,daniel.brown3434@example.com,OH,42,Umbrella,Direct,2018-05-15,1725.8,1751.56,103548.0,True,1,in_force,0
PH0103435,POL0503435,Lisa,Harris,lisa.harris3435@example.com,CA,49,Auto,Direct,2024-07-21,2790.44,2842.81,167426.0,True,2,in_force,0
PH0103436,POL0503436,Jessica,Harris,jessica.harris3436@example.com,IL,42,Auto,Direct,2023-10-24,2420.87,2518.52,145252.0,True,1,in_force,0
PH0103437,POL0503437,Robert,Davis,robert.davis3437@example.com,NJ,42,Home,Direct,2018-05-01,3347.05,3446.34,200823.0,True,1,in_force,0
PH0103438,POL0503438,Anthony,Martin,anthony.martin3438@example.com,GA,60,Home,Direct,2021-10-26,2281.9,2303.76,136914.0,True,2,in_force,0
PH0103439,POL0503439,Nancy,Brown,nancy.brown3439@example.com,FL,57,Life,Direct,2016-09-21,898.9,933.6,134835.0,True,2,in_force,0
PH0103440,POL0503440,Susan,Hernandez,susan.hernandez3440@example.com,WA,36,Auto,Direct,2019-05-30,2440.64,2457.06,146438.0,True,1,in_force,0
PH0103441,POL0503441,Patricia,Taylor,patricia.taylor3441@example.com,NY,71,Auto,Direct,2023-02-14,1521.98,1573.62,91319.0,True,1,in_force,0
PH0103442,POL0503442,Mark,White,mark.white3442@example.com,MA,63,Life,Broker,2019-10-07,1480.4,1484.79,222060.0,True,1,in_force,0
PH0103443,POL0503443,Mary,Rodriguez,mary.rodriguez3443@example.com,FL,69,Umbrella,Agent,2017-02-10,1986.34,2013.51,119180.0,True,2,in_force,1
PH0103444,POL0503444,Mark,Harris,mark.harris3444@example.com,WA,63,Auto,Direct,2023-03-07,3338.94,3445.59,200336.0,True,3,in_force,0
PH0103445,POL0503445,Anthony,Johnson,anthony.johnson3445@example.com,TX,77,Auto,Direct,2024-04-08,901.4,903.66,54084.0,True,2,in_force,0
PH0103446,POL0503446,Richard,Jones,richard.jones3446@example.com,TX,52,Auto,Direct,2018-08-25,2149.25,2158.63,128955.0,True,1,in_force,0
PH0103447,POL0503447,Jessica,Robinson,jessica.robinson3447@example.com,MA,57,Umbrella,Agent,2023-03-31,3472.89,3539.88,208373.0,True,3,in_force,0
PH0103448,POL0503448,Christopher,Wilson,christopher.wilson3448@example.com,FL,70,Home,Direct,2018-08-16,3321.18,3391.8,199271.0,False,3,in_force,0
PH0103449,POL0503449,Thomas,Johnson,thomas.johnson3449@example.com,NJ,64,Home,Broker,2017-09-26,3466.39,3559.76,207983.0,True,2,in_force,0
PH0103450,POL0503450,Sandra,Miller,sandra.miller3450@example.com,PA,28,Auto,Broker,2018-10-02,794.83,820.41,47690.0,True,2,in_force,0
PH0103451,POL0503451,Mary,Johnson,mary.johnson3451@example.com,WA,39,Life,Agent,2021-09-28,2227.47,2252.88,334120.0,False,3,in_force,1
PH0103452,POL0503452,William,White,william.white3452@example.com,GA,44,Auto,Direct,2019-04-16,1165.88,1192.3,69953.0,True,1,in_force,0
PH0103453,POL0503453,David,Robinson,david.robinson3453@example.com,NY,64,Auto,Direct,2018-06-10,1317.76,1359.52,79066.0,True,2,in_force,0
PH0103454,POL0503454,Karen,Gonzalez,karen.gonzalez3454@example.com,OH,57,Home,Agent,2023-04-05,2009.63,2052.81,120578.0,True,2,in_force,0
PH0103455,POL0503455,Christopher,Wilson,christopher.wilson3455@example.com,TX,30,Auto,Broker,2019-07-04,1134.7,1153.23,68082.0,False,1,in_force,0
PH0103456,POL0503456,Margaret,Lee,margaret.lee3456@example.com,NC,62,Auto,Broker,2020-03-31,1434.82,1490.51,86089.0,True,1,in_force,0
PH0103457,POL0503457,Margaret,Smith,margaret.smith3457@example.com,NJ,29,Auto,Broker,2019-10-11,3175.88,3198.76,190553.0,True,2,in_force,0
PH0103458,POL0503458,David,White,david.white3458@example.com,MA,42,Umbrella,Agent,2023-11-16,1591.15,1625.75,95469.0,True,1,in_force,1
PH0103459,POL0503459,Christopher,Smith,christopher.smith3459@example.com,MI,47,Home,Direct,2020-08-14,2332.82,2345.23,139969.0,True,2,in_force,0
PH0103460,POL0503460,Linda,Jackson,linda.jackson3460@example.com,IL,71,Auto,Broker,2016-09-22,1513.27,1544.73,90796.0,False,3,in_force,1
PH0103461,POL0503461,Lisa,Harris,lisa.harris3461@example.com,MA,48,Umbrella,Broker,2024-09-02,2577.71,2594.14,154663.0,False,3,in_force,0
PH0103462,POL0503462,William,Jones,william.jones3462@example.com,WA,60,Home,Broker,2021-01-19,3133.62,3201.39,188017.0,True,1,in_force,0
PH0103463,POL0503463,Karen,Moore,karen.moore3463@example.com,WA,37,Life,Agent,2016-12-20,2592.74,3459.54,388911.0,True,2,in_force,1
PH0103464,POL0503464,Sandra,Davis,sandra.davis3464@example.com,MA,45,Home,Agent,2021-10-18,1363.25,1398.17,81795.0,True,1,in_force,1
PH0103465,POL0503465,Daniel,Johnson,daniel.johnson3465@example.com,NJ,73,Auto,Direct,2018-10-25,3029.35,3874.66,181761.0,False,2,in_force,1
PH0103466,POL0503466,Richard,Smith,richard.smith3466@example.com,CA,61,Auto,Agent,2020-09-07,2747.58,2787.46,164855.0,True,1,in_force,0
PH0103467,POL0503467,Joseph,Wilson,joseph.wilson3467@example.com,MI,61,Auto,Broker,2018-04-29,3410.67,3568.81,204640.0,True,1,in_force,0
PH0103468,POL0503468,Thomas,Hernandez,thomas.hernandez3468@example.com,PA,37,Auto,Agent,2019-02-05,3418.54,3448.06,205112.0,True,2,in_force,0
PH0103469,POL0503469,Nancy,Smith,nancy.smith3469@example.com,CA,73,Life,Direct,2022-12-08,946.1,963.77,141915.0,True,3,in_force,0
PH0103470,POL0503470,Mary,Brown,mary.brown3470@example.com,NC,62,Auto,Agent,2024-07-12,2325.66,2359.49,139540.0,True,3,in_force,1
PH0103471,POL0503471,Mary,Johnson,mary.johnson3471@example.com,AZ,29,Auto,Direct,2023-04-19,725.37,727.01,43522.0,True,3,in_force,1
PH0103472,POL0503472,James,Anderson,james.anderson3472@example.com,TX,56,Home,Direct,2016-05-17,729.92,748.71,43795.0,False,1,in_force,1
PH0103473,POL0503473,Sandra,Robinson,sandra.robinson3473@example.com,VA,59,Life,Direct,2016-10-16,2585.64,2706.48,387846.0,True,1,in_force,0
PH0103474,POL0503474,Michael,Anderson,michael.anderson3474@example.com,GA,66,Auto,Direct,2017-06-17,1715.3,1780.25,102918.0,True,1,in_force,0
PH0103475,POL0503475,Betty,Jones,betty.jones3475@example.com,NC,62,Auto,Agent,2020-03-10,2535.59,2656.09,152135.0,True,1,in_force,0
PH0103476,POL0503476,Betty,Gonzalez,betty.gonzalez3476@example.com,TX,46,Home,Agent,2016-11-05,3298.53,3299.81,197912.0,False,3,in_force,0
PH0103477,POL0503477,Barbara,White,barbara.white3477@example.com,TX,35,Auto,Direct,2016-01-13,2515.19,2636.45,150911.0,False,3,in_force,0
PH0103478,POL0503478,Betty,Taylor,betty.taylor3478@example.com,MA,51,Home,Direct,2020-05-11,2296.07,2316.07,137764.0,True,1,in_force,0
PH0103479,POL0503479,Joseph,Anderson,joseph.anderson3479@example.com,AZ,46,Home,Agent,2018-12-04,1591.13,1658.71,95468.0,True,2,in_force,0
PH0103480,POL0503480,Betty,Ramirez,betty.ramirez3480@example.com,NC,58,Auto,Broker,2024-01-16,2579.26,2695.77,154756.0,True,3,in_force,1
PH0103481,POL0503481,Susan,Perez,susan.perez3481@example.com,WA,55,Home,Broker,2019-02-17,2023.51,2063.55,121411.0,False,2,in_force,0
PH0103482,POL0503482,Christopher,Ramirez,christopher.ramirez3482@example.com,IL,62,Auto,Agent,2021-11-23,2651.48,2687.95,159089.0,True,2,in_force,0
PH0103483,POL0503483,Sandra,Gonzalez,sandra.gonzalez3483@example.com,TX,35,Home,Broker,2023-04-22,2203.77,2305.36,132226.0,True,1,in_force,0
PH0103484,POL0503484,Linda,Hernandez,linda.hernandez3484@example.com,VA,50,Home,Agent,2022-05-25,1145.05,1188.21,68703.0,True,2,in_force,0
PH0103485,POL0503485,Sandra,Miller,sandra.miller3485@example.com,AZ,50,Auto,Direct,2020-03-27,910.35,945.86,54621.0,True,2,in_force,0
PH0103486,POL0503486,David,Brown,david.brown3486@example.com,AZ,28,Home,Direct,2020-09-22,2294.94,2381.2,137696.0,False,2,in_force,0
PH0103487,POL0503487,David,Lee,david.lee3487@example.com,NY,47,Home,Broker,2019-04-21,2791.95,3430.47,167517.0,False,2,in_force,0
PH0103488,POL0503488,Thomas,Johnson,thomas.johnson3488@example.com,PA,65,Auto,Broker,2019-05-25,2529.71,2559.35,151783.0,True,2,in_force,0
PH0103489,POL0503489,James,Garcia,james.garcia3489@example.com,IL,62,Home,Direct,2016-09-08,3115.19,3231.77,186911.0,True,1,in_force,0
PH0103490,POL0503490,William,Davis,william.davis3490@example.com,GA,62,Auto,Agent,2022-12-14,2532.97,2586.47,151978.0,True,3,in_force,0
PH0103491,POL0503491,Matthew,Hernandez,matthew.hernandez3491@example.com,GA,43,Auto,Agent,2021-06-10,2560.19,2607.69,153611.0,False,1,in_force,0
PH0103492,POL0503492,Linda,Brown,linda.brown3492@example.com,CA,48,Auto,Broker,2018-04-06,1027.04,1076.75,61622.0,True,1,in_force,0
PH0103493,POL0503493,Linda,Perez,linda.perez3493@example.com,NY,57,Home,Direct,2023-08-01,1352.35,1596.66,81141.0,True,3,in_force,0
PH0103494,POL0503494,Anthony,Hernandez,anthony.hernandez3494@example.com,VA,28,Home,Direct,2023-02-26,1247.99,1539.63,74879.0,True,1,in_force,1
PH0103495,POL0503495,Margaret,Wilson,margaret.wilson3495@example.com,NJ,42,Auto,Broker,2016-02-03,3223.76,3250.23,193426.0,True,1,in_force,0
PH0103496,POL0503496,Patricia,Robinson,patricia.robinson3496@example.com,NC,34,Life,Direct,2016-04-25,1956.78,2052.78,293517.0,True,2,in_force,0
PH0103497,POL0503497,Anthony,Rodriguez,anthony.rodriguez3497@example.com,GA,46,Home,Direct,2022-06-27,1463.65,1463.96,87819.0,True,2,in_force,1
PH0103498,POL0503498,Mark,Wilson,mark.wilson3498@example.com,MA,36,Home,Agent,2022-10-01,2136.25,2186.34,128175.0,True,1,in_force,1
PH0103499,POL0503499,Nancy,Martin,nancy.martin3499@example.com,VA,55,Life,Direct,2020-10-28,993.66,995.49,149049.0,True,3,in_force,0
PH0103500,POL0503500,Michael,Taylor,michael.taylor3500@example.com,VA,53,Auto,Agent,2016-06-19,710.43,913.56,42626.0,True,3,in_force,1
PH0103501,POL0503501,Susan,Brown,susan.brown3501@example.com,OH,56,Home,Broker,2018-08-29,3104.21,3609.58,186253.0,False,3,in_force,1
PH0103502,POL0503502,Betty,Davis,betty.davis3502@example.com,OH,51,Auto,Direct,2018-02-19,1409.13,1433.05,84548.0,False,1,in_force,1
PH0103503,POL0503503,Robert,Sanchez,robert.sanchez3503@example.com,MI,70,Home,Agent,2022-03-27,2434.96,2550.18,146098.0,True,3,in_force,0
PH0103504,POL0503504,Betty,Johnson,betty.johnson3504@example.com,FL,68,Auto,Agent,2016-10-26,2635.03,3114.81,158102.0,True,1,in_force,0
PH0103505,POL0503505,Matthew,Rodriguez,matthew.rodriguez3505@example.com,WA,62,Auto,Broker,2024-03-08,1454.34,1902.13,87260.0,False,3,in_force,1
PH0103506,POL0503506,Joseph,Ramirez,joseph.ramirez3506@example.com,CA,29,Home,Direct,2021-03-02,2459.46,2540.27,147568.0,True,1,in_force,0
PH0103507,POL0503507,John,Williams,john.williams3507@example.com,AZ,77,Auto,Direct,2024-07-03,3511.15,3642.25,210669.0,True,2,in_force,0
PH0103508,POL0503508,Mary,Gonzalez,mary.gonzalez3508@example.com,TX,45,Umbrella,Direct,2024-03-16,2709.44,2830.46,162566.0,True,1,in_force,1
PH0103509,POL0503509,Thomas,Martinez,thomas.martinez3509@example.com,OH,48,Home,Agent,2016-01-29,3691.79,3830.31,221507.0,False,2,in_force,0
PH0103510,POL0503510,William,Wilson,william.wilson3510@example.com,AZ,62,Life,Agent,2019-01-02,2821.76,3336.54,423264.0,True,3,in_force,0
PH0103511,POL0503511,Linda,Sanchez,linda.sanchez3511@example.com,NC,62,Auto,Direct,2018-07-29,3516.97,3690.33,211018.0,True,1,in_force,1
PH0103512,POL0503512,Elizabeth,Anderson,elizabeth.anderson3512@example.com,FL,68,Life,Agent,2018-03-25,681.26,715.1,102189.0,True,3,in_force,0
PH0103513,POL0503513,Thomas,Perez,thomas.perez3513@example.com,NC,45,Auto,Direct,2023-07-07,1650.59,2021.52,99035.0,True,2,in_force,1
PH0103514,POL0503514,Christopher,Taylor,christopher.taylor3514@example.com,WA,42,Life,Agent,2017-12-30,1790.3,1806.22,268545.0,True,2,in_force,0
PH0103515,POL0503515,Jessica,Harris,jessica.harris3515@example.com,AZ,64,Umbrella,Broker,2022-02-27,1937.83,2428.0,116270.0,False,3,in_force,0
PH0103516,POL0503516,Margaret,Jones,margaret.jones3516@example.com,NC,63,Auto,Broker,2017-08-14,1288.0,1330.82,77280.0,False,3,in_force,0
PH0103517,POL0503517,David,Thompson,david.thompson3517@example.com,CA,44,Auto,Agent,2017-05-18,1769.22,1778.05,106153.0,True,1,in_force,0
PH0103518,POL0503518,Matthew,Taylor,matthew.taylor3518@example.com,AZ,65,Auto,Agent,2024-04-24,831.2,871.94,49872.0,True,1,in_force,1
PH0103519,POL0503519,Barbara,Anderson,barbara.anderson3519@example.com,FL,32,Life,Broker,2017-02-03,3224.95,4113.0,483742.0,True,1,in_force,0
PH0103520,POL0503520,Jennifer,Robinson,jennifer.robinson3520@example.com,IL,72,Life,Direct,2016-02-20,2320.1,2336.34,348015.0,False,1,in_force,0
PH0103521,POL0503521,Sarah,Martinez,sarah.martinez3521@example.com,PA,43,Auto,Agent,2021-04-14,740.23,769.32,44414.0,True,3,in_force,1
PH0103522,POL0503522,Robert,Lewis,robert.lewis3522@example.com,OH,59,Auto,Broker,2024-02-24,708.93,711.15,42536.0,False,3,in_force,0
PH0103523,POL0503523,Patricia,Miller,patricia.miller3523@example.com,TX,42,Auto,Agent,2017-06-09,2205.56,2884.23,132334.0,False,2,in_force,0
PH0103524,POL0503524,Daniel,Brown,daniel.brown3524@example.com,WA,37,Home,Direct,2023-03-03,1937.36,2017.04,116242.0,True,2,in_force,0
PH0103525,POL0503525,Thomas,Martin,thomas.martin3525@example.com,GA,56,Auto,Agent,2018-06-07,2842.94,2950.29,170576.0,False,3,in_force,1
PH0103526,POL0503526,James,Davis,james.davis3526@example.com,NJ,59,Auto,Broker,2021-04-03,1828.91,1889.99,109735.0,False,3,in_force,0
PH0103527,POL0503527,Richard,Thomas,richard.thomas3527@example.com,VA,41,Umbrella,Direct,2022-03-26,1244.33,1552.26,74660.0,True,2,in_force,0
PH0103528,POL0503528,Margaret,Johnson,margaret.johnson3528@example.com,GA,33,Umbrella,Agent,2022-09-24,1956.57,2026.4,117394.0,True,1,in_force,1
PH0103529,POL0503529,Nancy,Robinson,nancy.robinson3529@example.com,NC,49,Auto,Direct,2018-07-08,2857.51,2983.77,171451.0,False,1,in_force,0
PH0103530,POL0503530,Thomas,Sanchez,thomas.sanchez3530@example.com,NY,35,Auto,Direct,2024-01-05,3232.94,3294.82,193976.0,True,1,in_force,0
PH0103531,POL0503531,James,Lewis,james.lewis3531@example.com,OH,32,Auto,Agent,2023-08-15,1531.27,1570.55,91876.0,True,1,in_force,0
PH0103532,POL0503532,James,White,james.white3532@example.com,FL,75,Life,Direct,2016-08-29,990.78,1238.73,148617.0,True,2,in_force,1
PH0103533,POL0503533,Joseph,Gonzalez,joseph.gonzalez3533@example.com,TX,45,Auto,Agent,2021-07-15,3355.91,3468.84,201355.0,True,1,in_force,1
PH0103534,POL0503534,Betty,Thomas,betty.thomas3534@example.com,AZ,32,Auto,Broker,2019-06-25,1128.63,1163.53,67718.0,True,1,in_force,0
PH0103535,POL0503535,Matthew,Martin,matthew.martin3535@example.com,CA,39,Home,Direct,2020-01-04,3719.5,4623.49,223170.0,False,3,in_force,1
PH0103536,POL0503536,Karen,Lee,karen.lee3536@example.com,CA,64,Auto,Direct,2018-12-31,2311.43,2323.53,138686.0,True,3,in_force,0
PH0103537,POL0503537,Thomas,Thomas,thomas.thomas3537@example.com,FL,59,Auto,Agent,2020-09-06,3804.92,3945.52,228295.0,True,1,in_force,0
PH0103538,POL0503538,Christopher,Harris,christopher.harris3538@example.com,VA,40,Auto,Agent,2017-04-25,1874.98,1910.39,112499.0,True,2,in_force,0
PH0103539,POL0503539,Joseph,Harris,joseph.harris3539@example.com,TX,29,Auto,Agent,2019-03-30,1459.2,1461.65,87552.0,True,1,in_force,0
PH0103540,POL0503540,David,Jones,david.jones3540@example.com,OH,46,Life,Broker,2018-03-22,2610.89,2689.14,391634.0,True,3,in_force,0
PH0103541,POL0503541,David,Gonzalez,david.gonzalez3541@example.com,FL,43,Auto,Agent,2016-03-16,3126.9,3277.3,187614.0,True,1,in_force,0
PH0103542,POL0503542,Karen,Sanchez,karen.sanchez3542@example.com,NY,37,Home,Broker,2021-03-28,1832.96,2218.88,109978.0,True,1,in_force,0
PH0103543,POL0503543,Lisa,White,lisa.white3543@example.com,PA,30,Auto,Direct,2017-01-25,2920.6,3017.79,175236.0,False,3,in_force,0
PH0103544,POL0503544,Mary,Jones,mary.jones3544@example.com,MI,64,Auto,Direct,2021-02-19,2484.83,2559.51,149090.0,True,3,in_force,1
PH0103545,POL0503545,John,Taylor,john.taylor3545@example.com,IL,32,Life,Broker,2020-05-14,1145.63,1193.35,171845.0,True,1,in_force,0
PH0103546,POL0503546,Barbara,Martin,barbara.martin3546@example.com,NJ,57,Home,Agent,2023-03-31,1508.21,1560.62,90493.0,True,1,in_force,1
PH0103547,POL0503547,Jennifer,White,jennifer.white3547@example.com,WA,53,Home,Agent,2016-03-09,2307.12,2309.54,138427.0,True,2,in_force,0
PH0103548,POL0503548,Joseph,Jackson,joseph.jackson3548@example.com,TX,41,Auto,Agent,2019-07-03,2499.48,2530.17,149969.0,True,2,in_force,0
PH0103549,POL0503549,Christopher,Sanchez,christopher.sanchez3549@example.com,MA,57,Auto,Direct,2016-07-19,2690.89,2718.92,161453.0,True,1,in_force,0
PH0103550,POL0503550,Charles,Martin,charles.martin3550@example.com,NJ,70,Umbrella,Broker,2016-02-21,2926.27,3027.86,175576.0,True,3,in_force,0
PH0103551,POL0503551,Karen,Wilson,karen.wilson3551@example.com,IL,49,Auto,Direct,2022-05-17,1215.3,1463.66,72918.0,False,2,in_force,0
PH0103552,POL0503552,Richard,Williams,richard.williams3552@example.com,TX,66,Auto,Direct,2022-06-21,2935.22,3081.76,176113.0,True,3,in_force,0
PH0103553,POL0503553,Richard,Lewis,richard.lewis3553@example.com,WA,45,Home,Agent,2019-01-28,3256.91,4231.73,195415.0,True,3,in_force,1
PH0103554,POL0503554,Nancy,Thomas,nancy.thomas3554@example.com,NJ,57,Life,Direct,2016-12-16,2411.23,2441.56,361684.0,True,3,in_force,0
PH0103555,POL0503555,Patricia,Thompson,patricia.thompson3555@example.com,VA,71,Auto,Broker,2022-08-12,1770.49,1807.25,106229.0,True,1,in_force,1
PH0103556,POL0503556,Michael,Smith,michael.smith3556@example.com,WA,61,Life,Agent,2019-09-16,2406.15,2466.09,360922.0,True,2,in_force,1
PH0103557,POL0503557,Linda,Williams,linda.williams3557@example.com,FL,38,Life,Agent,2020-12-01,2289.64,2846.58,343446.0,True,2,in_force,0
PH0103558,POL0503558,Richard,Hernandez,richard.hernandez3558@example.com,NY,48,Home,Direct,2022-08-21,2980.91,3080.13,178855.0,False,3,in_force,0
PH0103559,POL0503559,William,Garcia,william.garcia3559@example.com,MA,53,Life,Broker,2024-06-20,1962.56,1998.62,294384.0,True,2,in_force,1
PH0103560,POL0503560,Thomas,Thompson,thomas.thompson3560@example.com,PA,54,Auto,Agent,2022-08-04,2395.98,2507.5,143759.0,False,2,in_force,0
PH0103561,POL0503561,William,Sanchez,william.sanchez3561@example.com,AZ,58,Auto,Direct,2016-01-10,3075.91,3195.3,184555.0,True,2,in_force,0
PH0103562,POL0503562,Karen,Wilson,karen.wilson3562@example.com,WA,68,Home,Agent,2021-09-14,2735.92,2744.81,164155.0,True,2,in_force,0
PH0103563,POL0503563,Christopher,Jackson,christopher.jackson3563@example.com,MA,49,Auto,Direct,2021-05-08,3214.24,3312.0,192854.0,True,1,in_force,0
PH0103564,POL0503564,Thomas,Davis,thomas.davis3564@example.com,NC,33,Umbrella,Direct,2020-09-22,1788.63,1827.54,107318.0,True,3,in_force,0
PH0103565,POL0503565,Patricia,Wilson,patricia.wilson3565@example.com,MA,59,Auto,Agent,2017-01-23,1193.67,1211.54,71620.0,True,2,in_force,0
PH0103566,POL0503566,Christopher,Perez,christopher.perez3566@example.com,OH,29,Home,Direct,2022-05-30,1472.79,1486.97,88367.0,True,3,in_force,0
PH0103567,POL0503567,James,Rodriguez,james.rodriguez3567@example.com,MA,29,Auto,Agent,2021-03-09,2551.81,2618.7,153109.0,False,2,in_force,0
PH0103568,POL0503568,Matthew,White,matthew.white3568@example.com,CA,55,Auto,Agent,2022-12-10,1663.45,1694.88,99807.0,False,2,in_force,0
PH0103569,POL0503569,Jennifer,Martin,jennifer.martin3569@example.com,FL,40,Life,Agent,2017-04-25,2694.96,3267.54,404244.0,True,2,in_force,0
PH0103570,POL0503570,Mark,Sanchez,mark.sanchez3570@example.com,NC,51,Umbrella,Direct,2024-04-14,2105.34,2624.11,126320.0,True,3,in_force,0
PH0103571,POL0503571,Patricia,Brown,patricia.brown3571@example.com,WA,45,Auto,Direct,2024-03-29,1757.2,2155.39,105432.0,False,1,in_force,0
PH0103572,POL0503572,Mary,Lewis,mary.lewis3572@example.com,AZ,59,Auto,Direct,2023-07-13,2841.77,2911.3,170506.0,True,1,in_force,0
PH0103573,POL0503573,Patricia,Clark,patricia.clark3573@example.com,TX,71,Auto,Agent,2019-07-21,1953.55,1963.73,117213.0,False,1,in_force,0
PH0103574,POL0503574,Anthony,Rodriguez,anthony.rodriguez3574@example.com,GA,70,Home,Direct,2021-07-05,1443.62,1923.27,86617.0,True,1,in_force,1
PH0103575,POL0503575,William,Garcia,william.garcia3575@example.com,NJ,75,Auto,Direct,2024-06-07,1973.3,2028.32,118398.0,True,1,in_force,1
PH0103576,POL0503576,Michael,Lee,michael.lee3576@example.com,MA,69,Home,Direct,2023-10-09,3023.65,3033.79,181419.0,True,1,in_force,1
PH0103577,POL0503577,Matthew,Martinez,matthew.martinez3577@example.com,MI,31,Auto,Broker,2019-12-28,1655.61,2179.54,99337.0,False,3,in_force,1
PH0103578,POL0503578,Nancy,Robinson,nancy.robinson3578@example.com,TX,43,Home,Agent,2019-01-24,3333.65,3365.09,200019.0,True,1,in_force,0
PH0103579,POL0503579,Mark,Wilson,mark.wilson3579@example.com,NC,47,Auto,Broker,2016-01-01,3200.74,3225.96,192044.0,False,1,in_force,1
PH0103580,POL0503580,Sandra,Thomas,sandra.thomas3580@example.com,TX,60,Life,Broker,2016-12-21,2321.71,2847.46,348256.0,False,3,in_force,0
PH0103581,POL0503581,Robert,Taylor,robert.taylor3581@example.com,NY,34,Life,Agent,2020-11-14,3717.39,3815.98,557608.0,False,1,in_force,1
PH0103582,POL0503582,Karen,Moore,karen.moore3582@example.com,NC,35,Auto,Direct,2020-04-10,2863.94,2907.64,171836.0,False,2,in_force,1
PH0103583,POL0503583,William,Johnson,william.johnson3583@example.com,OH,52,Auto,Agent,2022-02-22,2669.01,2691.47,160141.0,True,3,in_force,0
PH0103584,POL0503584,Anthony,Martin,anthony.martin3584@example.com,CA,29,Auto,Direct,2016-01-11,2228.11,2335.33,133687.0,False,2,in_force,0
PH0103585,POL0503585,David,Lee,david.lee3585@example.com,OH,33,Home,Agent,2020-01-24,2914.89,2961.9,174893.0,False,3,in_force,0
PH0103586,POL0503586,Christopher,Rodriguez,christopher.rodriguez3586@example.com,VA,61,Auto,Direct,2022-09-27,1543.75,1617.26,92625.0,True,2,in_force,0
PH0103587,POL0503587,Nancy,Robinson,nancy.robinson3587@example.com,AZ,37,Umbrella,Broker,2023-10-16,3493.45,3598.76,209607.0,False,3,in_force,1
PH0103588,POL0503588,Michael,Robinson,michael.robinson3588@example.com,WA,69,Auto,Broker,2021-12-11,3457.13,3493.96,207428.0,True,3,in_force,0
PH0103589,POL0503589,Karen,Gonzalez,karen.gonzalez3589@example.com,NJ,31,Auto,Agent,2021-03-16,1668.23,1723.13,100094.0,True,3,in_force,0
PH0103590,POL0503590,Charles,Martinez,charles.martinez3590@example.com,GA,48,Auto,Agent,2022-08-31,1519.67,1553.95,91180.0,False,2,in_force,0
PH0103591,POL0503591,Christopher,Anderson,christopher.anderson3591@example.com,TX,32,Home,Direct,2023-01-26,2687.06,2724.28,161224.0,False,3,in_force,0
PH0103592,POL0503592,Nancy,Brown,nancy.brown3592@example.com,VA,38,Auto,Direct,2018-06-24,689.83,693.65,41390.0,True,3,in_force,0
PH0103593,POL0503593,Elizabeth,Clark,elizabeth.clark3593@example.com,CA,40,Auto,Broker,2016-04-07,2223.63,2855.96,133418.0,False,3,in_force,1
PH0103594,POL0503594,Charles,Hernandez,charles.hernandez3594@example.com,OH,56,Home,Agent,2021-07-08,3192.89,3215.85,191573.0,True,2,in_force,0
PH0103595,POL0503595,Patricia,Thompson,patricia.thompson3595@example.com,FL,53,Umbrella,Agent,2024-05-01,1318.43,1338.75,79106.0,True,3,in_force,0
PH0103596,POL0503596,Elizabeth,Thomas,elizabeth.thomas3596@example.com,NY,65,Auto,Broker,2022-02-28,749.32,773.85,44959.0,True,3,in_force,0
PH0103597,POL0503597,Elizabeth,Taylor,elizabeth.taylor3597@example.com,NJ,70,Auto,Agent,2023-03-28,2666.26,3422.23,159976.0,False,3,in_force,1
PH0103598,POL0503598,Susan,Lewis,susan.lewis3598@example.com,OH,51,Life,Agent,2023-03-10,3047.31,3083.24,457096.0,False,3,in_force,0
PH0103599,POL0503599,Sarah,Harris,sarah.harris3599@example.com,IL,69,Umbrella,Agent,2017-04-15,1138.91,1159.72,68335.0,True,2,in_force,0
PH0103600,POL0503600,James,Clark,james.clark3600@example.com,IL,55,Auto,Agent,2017-04-09,3193.63,3314.28,191618.0,False,3,in_force,1
PH0103601,POL0503601,Jessica,Lewis,jessica.lewis3601@example.com,NJ,56,Home,Agent,2018-01-23,687.07,697.12,41224.0,True,1,in_force,0
PH0103602,POL0503602,Christopher,Lewis,christopher.lewis3602@example.com,GA,65,Umbrella,Direct,2022-04-11,3197.53,3297.45,191852.0,True,3,in_force,1
PH0103603,POL0503603,Nancy,Moore,nancy.moore3603@example.com,PA,42,Life,Broker,2024-07-04,2856.99,3510.19,428548.0,True,1,in_force,0
PH0103604,POL0503604,David,Moore,david.moore3604@example.com,AZ,55,Home,Broker,2017-02-11,950.88,984.97,57053.0,True,2,in_force,0
PH0103605,POL0503605,Charles,Gonzalez,charles.gonzalez3605@example.com,WA,68,Auto,Direct,2022-07-31,1582.12,1629.44,94927.0,True,1,in_force,0
PH0103606,POL0503606,Barbara,Jackson,barbara.jackson3606@example.com,MI,56,Home,Direct,2018-02-24,3517.18,3648.93,211031.0,True,2,in_force,0
PH0103607,POL0503607,John,Smith,john.smith3607@example.com,MA,66,Auto,Broker,2017-03-13,1805.88,1863.49,108353.0,True,3,in_force,1
PH0103608,POL0503608,Anthony,Jones,anthony.jones3608@example.com,OH,49,Home,Agent,2024-06-05,1855.28,1877.84,111317.0,True,3,in_force,0
PH0103609,POL0503609,Matthew,Harris,matthew.harris3609@example.com,IL,35,Umbrella,Agent,2023-10-19,2476.88,2502.13,148613.0,False,2,in_force,1
PH0103610,POL0503610,Daniel,Clark,daniel.clark3610@example.com,TX,66,Auto,Direct,2024-08-06,1997.07,2096.02,119824.0,True,2,in_force,0
PH0103611,POL0503611,Nancy,Gonzalez,nancy.gonzalez3611@example.com,FL,49,Auto,Direct,2019-08-27,899.23,910.13,53954.0,True,2,in_force,0
PH0103612,POL0503612,Anthony,Wilson,anthony.wilson3612@example.com,FL,52,Auto,Direct,2022-12-19,1209.59,1616.56,72575.0,True,1,in_force,1
PH0103613,POL0503613,Michael,Lewis,michael.lewis3613@example.com,IL,28,Auto,Broker,2020-06-25,3685.58,3807.12,221135.0,False,2,in_force,1
PH0103614,POL0503614,Daniel,Lee,daniel.lee3614@example.com,MA,38,Auto,Agent,2024-05-01,1407.78,1460.46,84467.0,True,1,in_force,1
PH0103615,POL0503615,Barbara,Brown,barbara.brown3615@example.com,MI,51,Home,Agent,2022-11-04,2183.7,2484.62,131022.0,False,3,in_force,0
PH0103616,POL0503616,Charles,Martin,charles.martin3616@example.com,GA,50,Home,Direct,2019-03-29,1139.29,1158.61,68357.0,True,1,in_force,1
PH0103617,POL0503617,Jennifer,Wilson,jennifer.wilson3617@example.com,IL,66,Home,Broker,2017-09-09,1712.02,1792.64,102721.0,False,1,in_force,0
PH0103618,POL0503618,Susan,Miller,susan.miller3618@example.com,NC,62,Home,Broker,2016-10-15,1068.77,1069.55,64126.0,False,1,in_force,0
PH0103619,POL0503619,Michael,Ramirez,michael.ramirez3619@example.com,FL,60,Auto,Agent,2018-06-21,862.26,1001.35,51736.0,False,2,in_force,0
PH0103620,POL0503620,Betty,Thompson,betty.thompson3620@example.com,WA,76,Auto,Broker,2022-09-14,2894.06,2955.34,173644.0,True,3,in_force,0
PH0103621,POL0503621,Anthony,Robinson,anthony.robinson3621@example.com,NJ,34,Home,Broker,2017-07-26,3318.42,3433.32,199105.0,True,1,in_force,0
PH0103622,POL0503622,Elizabeth,Smith,elizabeth.smith3622@example.com,FL,40,Auto,Direct,2016-03-02,2721.44,2738.87,163286.0,True,1,in_force,1
PH0103623,POL0503623,Christopher,Miller,christopher.miller3623@example.com,NY,34,Home,Direct,2020-06-15,3515.5,3622.7,210930.0,True,1,in_force,0
PH0103624,POL0503624,Charles,White,charles.white3624@example.com,NC,52,Umbrella,Direct,2021-01-15,1713.25,1774.27,102795.0,True,2,in_force,0
PH0103625,POL0503625,Susan,Miller,susan.miller3625@example.com,MI,55,Home,Direct,2018-01-03,3568.74,3680.13,214124.0,True,2,in_force,1
PH0103626,POL0503626,Betty,Smith,betty.smith3626@example.com,AZ,31,Auto,Agent,2024-01-10,860.22,1134.84,51613.0,False,3,in_force,0
PH0103627,POL0503627,William,Rodriguez,william.rodriguez3627@example.com,TX,42,Home,Direct,2016-10-04,2333.98,2425.28,140039.0,True,2,in_force,0
PH0103628,POL0503628,Elizabeth,Clark,elizabeth.clark3628@example.com,OH,52,Auto,Agent,2023-09-17,2628.77,2638.58,157726.0,True,2,in_force,0
PH0103629,POL0503629,Margaret,Anderson,margaret.anderson3629@example.com,MA,64,Umbrella,Direct,2022-02-20,3148.7,3273.72,188922.0,False,2,in_force,0
PH0103630,POL0503630,Karen,Gonzalez,karen.gonzalez3630@example.com,NY,64,Auto,Broker,2016-12-02,2560.61,2588.52,153637.0,True,3,in_force,0
PH0103631,POL0503631,Linda,Thomas,linda.thomas3631@example.com,GA,47,Auto,Direct,2017-12-09,1640.33,1666.46,98420.0,False,2,in_force,0
PH0103632,POL0503632,Jennifer,Clark,jennifer.clark3632@example.com,NY,34,Umbrella,Agent,2024-03-10,3512.76,3672.42,210766.0,True,3,in_force,0
PH0103633,POL0503633,Linda,Gonzalez,linda.gonzalez3633@example.com,AZ,36,Home,Direct,2020-06-24,2382.52,2442.39,142951.0,False,3,in_force,0
PH0103634,POL0503634,Richard,Hernandez,richard.hernandez3634@example.com,GA,66,Auto,Agent,2019-04-30,3165.38,3615.62,189923.0,True,1,in_force,0
PH0103635,POL0503635,Margaret,Johnson,margaret.johnson3635@example.com,VA,68,Home,Direct,2020-05-09,1458.95,1721.27,87537.0,True,1,in_force,1
PH0103636,POL0503636,Jessica,Perez,jessica.perez3636@example.com,OH,56,Auto,Direct,2018-04-30,2983.91,3821.07,179035.0,True,2,in_force,0
PH0103637,POL0503637,Lisa,Robinson,lisa.robinson3637@example.com,PA,75,Auto,Broker,2016-05-18,3673.52,3716.6,220411.0,True,3,in_force,0
PH0103638,POL0503638,Thomas,Smith,thomas.smith3638@example.com,TX,73,Umbrella,Direct,2024-04-24,2231.07,2313.16,133864.0,True,2,in_force,0
PH0103639,POL0503639,Daniel,Perez,daniel.perez3639@example.com,WA,40,Life,Agent,2022-10-04,2508.31,2517.67,376246.0,True,3,in_force,0
PH0103640,POL0503640,Betty,Davis,betty.davis3640@example.com,NY,40,Home,Direct,2019-05-06,876.92,899.07,52615.0,False,3,in_force,0
PH0103641,POL0503641,Patricia,Robinson,patricia.robinson3641@example.com,WA,45,Home,Direct,2021-12-26,737.75,986.92,44265.0,True,3,in_force,0
PH0103642,POL0503642,Margaret,Johnson,margaret.johnson3642@example.com,VA,58,Auto,Broker,2017-04-24,3802.15,4722.92,228129.0,True,2,in_force,1
PH0103643,POL0503643,Joseph,Hernandez,joseph.hernandez3643@example.com,NJ,48,Auto,Agent,2020-09-08,2123.34,2195.43,127400.0,False,1,in_force,0
PH0103644,POL0503644,Michael,Johnson,michael.johnson3644@example.com,CA,71,Auto,Direct,2024-06-07,2872.85,2987.83,172371.0,True,2,in_force,0
PH0103645,POL0503645,Sandra,Gonzalez,sandra.gonzalez3645@example.com,VA,74,Home,Direct,2021-07-20,899.9,938.2,53994.0,True,1,in_force,0
PH0103646,POL0503646,David,Garcia,david.garcia3646@example.com,TX,54,Auto,Direct,2024-03-31,1874.71,1916.23,112483.0,True,1,in_force,1
PH0103647,POL0503647,Margaret,Johnson,margaret.johnson3647@example.com,NY,49,Auto,Direct,2023-01-20,1519.9,1557.87,91194.0,True,2,in_force,0
PH0103648,POL0503648,Anthony,Ramirez,anthony.ramirez3648@example.com,CA,62,Auto,Direct,2016-03-17,3759.94,3839.04,225596.0,False,3,in_force,0
PH0103649,POL0503649,Joseph,White,joseph.white3649@example.com,AZ,55,Home,Direct,2022-09-13,2596.34,2912.02,155780.0,False,2,in_force,1
PH0103650,POL0503650,Sarah,Perez,sarah.perez3650@example.com,FL,46,Home,Direct,2020-01-06,2309.36,2405.14,138562.0,False,1,in_force,0
PH0103651,POL0503651,Jennifer,Robinson,jennifer.robinson3651@example.com,MA,75,Auto,Agent,2019-07-09,2412.09,2510.01,144725.0,False,3,in_force,0
PH0103652,POL0503652,Jennifer,Garcia,jennifer.garcia3652@example.com,PA,68,Umbrella,Broker,2017-11-09,2461.34,2509.91,147680.0,True,3,in_force,0
PH0103653,POL0503653,John,Taylor,john.taylor3653@example.com,CA,60,Umbrella,Direct,2016-12-29,3651.82,3775.16,219109.0,True,3,in_force,0
PH0103654,POL0503654,Margaret,Williams,margaret.williams3654@example.com,MI,37,Home,Agent,2022-08-23,2195.19,2259.11,131711.0,True,3,in_force,0
PH0103655,POL0503655,Daniel,Clark,daniel.clark3655@example.com,NJ,55,Umbrella,Direct,2017-08-26,1601.96,1604.8,96118.0,True,2,in_force,0
PH0103656,POL0503656,Betty,Perez,betty.perez3656@example.com,TX,61,Umbrella,Direct,2016-01-01,3457.5,4038.81,207450.0,True,1,in_force,0
PH0103657,POL0503657,Matthew,White,matthew.white3657@example.com,WA,30,Home,Broker,2020-10-08,1195.2,1213.15,71712.0,True,3,in_force,0
PH0103658,POL0503658,Jennifer,Miller,jennifer.miller3658@example.com,PA,39,Home,Agent,2018-07-29,2871.85,3809.22,172311.0,True,3,in_force,0
PH0103659,POL0503659,Anthony,Harris,anthony.harris3659@example.com,FL,40,Life,Agent,2022-07-29,2196.49,2665.62,329473.0,True,1,in_force,0
PH0103660,POL0503660,Lisa,Wilson,lisa.wilson3660@example.com,FL,70,Auto,Broker,2022-12-25,1749.71,1764.38,104983.0,True,3,in_force,0
PH0103661,POL0503661,Elizabeth,Davis,elizabeth.davis3661@example.com,VA,53,Home,Direct,2019-10-12,1284.83,1314.99,77090.0,True,3,in_force,0
PH0103662,POL0503662,David,Harris,david.harris3662@example.com,PA,55,Home,Direct,2020-01-14,2471.99,2550.56,148319.0,False,2,in_force,1
PH0103663,POL0503663,Richard,Brown,richard.brown3663@example.com,VA,37,Auto,Agent,2023-12-05,2168.27,2255.83,130096.0,True,3,in_force,1
PH0103664,POL0503664,Jessica,Johnson,jessica.johnson3664@example.com,TX,68,Umbrella,Broker,2018-07-06,1400.96,1403.07,84058.0,False,3,in_force,0
PH0103665,POL0503665,Joseph,Hernandez,joseph.hernandez3665@example.com,NY,50,Umbrella,Direct,2024-09-13,1517.88,1866.7,91073.0,False,3,in_force,1
PH0103666,POL0503666,Michael,Sanchez,michael.sanchez3666@example.com,TX,60,Life,Direct,2018-12-16,1385.22,1642.19,207783.0,False,2,in_force,0
PH0103667,POL0503667,Margaret,Thomas,margaret.thomas3667@example.com,GA,48,Auto,Agent,2023-08-16,1582.46,1604.9,94948.0,True,3,in_force,0
PH0103668,POL0503668,Lisa,Taylor,lisa.taylor3668@example.com,FL,49,Life,Broker,2022-05-19,2374.55,2468.87,356182.0,True,2,in_force,0
PH0103669,POL0503669,Matthew,Hernandez,matthew.hernandez3669@example.com,NC,76,Auto,Direct,2021-06-14,3175.91,3752.55,190555.0,False,2,in_force,1
PH0103670,POL0503670,Mary,Martinez,mary.martinez3670@example.com,OH,62,Auto,Agent,2024-03-24,3156.93,3266.05,189416.0,True,1,in_force,0
PH0103671,POL0503671,Michael,Ramirez,michael.ramirez3671@example.com,PA,59,Umbrella,Broker,2018-12-30,2642.45,2717.25,158547.0,True,2,in_force,0
PH0103672,POL0503672,Joseph,Johnson,joseph.johnson3672@example.com,NY,77,Home,Direct,2022-12-18,1801.53,1854.6,108092.0,True,1,in_force,0
PH0103673,POL0503673,Christopher,Thompson,christopher.thompson3673@example.com,MI,41,Home,Direct,2024-06-08,1828.74,1832.97,109724.0,False,3,in_force,1
PH0103674,POL0503674,Richard,Lewis,richard.lewis3674@example.com,GA,32,Auto,Agent,2021-08-01,868.68,882.72,52121.0,False,3,in_force,0
PH0103675,POL0503675,Mark,Johnson,mark.johnson3675@example.com,CA,42,Life,Direct,2019-06-13,2996.43,3128.8,449464.0,False,2,in_force,1
PH0103676,POL0503676,Christopher,Clark,christopher.clark3676@example.com,VA,56,Life,Direct,2020-11-03,3549.89,3695.83,532484.0,True,3,in_force,0
PH0103677,POL0503677,Christopher,Jackson,christopher.jackson3677@example.com,WA,63,Home,Direct,2021-10-28,667.84,671.52,40070.0,True,1,in_force,0
PH0103678,POL0503678,Jennifer,Jones,jennifer.jones3678@example.com,MA,37,Home,Agent,2022-02-22,1614.75,1684.27,96885.0,False,1,in_force,0
PH0103679,POL0503679,Charles,Robinson,charles.robinson3679@example.com,VA,53,Home,Direct,2017-12-21,3823.85,4911.67,229431.0,True,2,in_force,1
PH0103680,POL0503680,David,Davis,david.davis3680@example.com,FL,38,Umbrella,Broker,2023-10-07,3088.52,3100.5,185311.0,False,1,in_force,1
PH0103681,POL0503681,Lisa,Moore,lisa.moore3681@example.com,NJ,54,Life,Agent,2023-10-13,1764.41,1808.67,264662.0,True,1,in_force,1
PH0103682,POL0503682,Mary,Lee,mary.lee3682@example.com,NY,56,Auto,Direct,2020-06-30,3012.62,3100.07,180757.0,True,1,in_force,1
PH0103683,POL0503683,Sandra,Lopez,sandra.lopez3683@example.com,NC,72,Home,Broker,2021-05-06,1916.52,2001.42,114991.0,True,3,in_force,1
PH0103684,POL0503684,Margaret,Harris,margaret.harris3684@example.com,AZ,69,Auto,Agent,2023-09-13,3838.83,3850.66,230330.0,True,3,in_force,0
PH0103685,POL0503685,Christopher,Rodriguez,christopher.rodriguez3685@example.com,MA,38,Umbrella,Direct,2016-04-24,3230.29,3883.97,193817.0,True,1,in_force,0
PH0103686,POL0503686,Lisa,Williams,lisa.williams3686@example.com,VA,35,Auto,Broker,2024-04-20,2515.06,2636.61,150904.0,False,2,in_force,1
PH0103687,POL0503687,James,Garcia,james.garcia3687@example.com,MA,49,Home,Broker,2018-11-11,1315.05,1344.55,78903.0,True,2,in_force,0
PH0103688,POL0503688,Mary,Rodriguez,mary.rodriguez3688@example.com,NC,39,Life,Agent,2024-07-08,887.33,900.05,133100.0,True,3,in_force,1
PH0103689,POL0503689,Anthony,Thompson,anthony.thompson3689@example.com,MI,71,Auto,Broker,2022-05-12,1891.84,1936.81,113510.0,True,2,in_force,0
PH0103690,POL0503690,Sandra,Miller,sandra.miller3690@example.com,NY,67,Life,Broker,2021-10-31,2174.59,2282.73,326188.0,True,3,in_force,0
PH0103691,POL0503691,John,Gonzalez,john.gonzalez3691@example.com,NC,47,Home,Agent,2016-09-10,3392.87,3425.27,203572.0,True,2,in_force,0
PH0103692,POL0503692,Nancy,Clark,nancy.clark3692@example.com,MA,29,Home,Agent,2023-02-01,3723.05,4713.7,223383.0,True,2,in_force,1
PH0103693,POL0503693,Joseph,Lewis,joseph.lewis3693@example.com,TX,77,Umbrella,Broker,2017-10-16,731.7,748.46,43902.0,False,3,in_force,0
PH0103694,POL0503694,Matthew,White,matthew.white3694@example.com,AZ,47,Home,Agent,2021-08-17,3666.19,3817.72,219971.0,True,3,in_force,1
PH0103695,POL0503695,James,Lewis,james.lewis3695@example.com,WA,30,Home,Direct,2024-04-10,1539.14,1777.07,92348.0,True,3,in_force,0
PH0103696,POL0503696,Charles,Moore,charles.moore3696@example.com,GA,44,Auto,Direct,2024-10-01,1092.92,1370.54,65575.0,True,2,in_force,1
PH0103697,POL0503697,Matthew,Wilson,matthew.wilson3697@example.com,OH,71,Auto,Direct,2016-06-24,3592.01,3727.3,215521.0,True,3,in_force,0
PH0103698,POL0503698,Richard,Gonzalez,richard.gonzalez3698@example.com,NC,45,Umbrella,Broker,2016-01-25,1642.2,1702.99,98532.0,False,1,in_force,0
PH0103699,POL0503699,Margaret,Anderson,margaret.anderson3699@example.com,WA,43,Life,Broker,2017-05-19,2451.2,2553.7,367680.0,True,1,in_force,1
PH0103700,POL0503700,Patricia,Davis,patricia.davis3700@example.com,MI,40,Auto,Agent,2021-10-01,3408.79,3493.05,204527.0,True,2,in_force,0
PH0103701,POL0503701,Joseph,Lee,joseph.lee3701@example.com,VA,72,Auto,Broker,2018-03-21,731.81,733.15,43909.0,True,1,in_force,0
PH0103702,POL0503702,John,Sanchez,john.sanchez3702@example.com,PA,69,Auto,Agent,2018-08-25,3409.22,3420.1,204553.0,True,2,in_force,0
PH0103703,POL0503703,Jessica,Sanchez,jessica.sanchez3703@example.com,WA,49,Auto,Direct,2021-08-16,3232.32,3715.43,193939.0,False,3,in_force,1
PH0103704,POL0503704,Anthony,Rodriguez,anthony.rodriguez3704@example.com,FL,56,Home,Broker,2022-02-14,3086.75,3115.62,185205.0,True,3,in_force,0
PH0103705,POL0503705,Nancy,Anderson,nancy.anderson3705@example.com,NC,51,Home,Broker,2019-08-23,1709.34,1922.3,102560.0,False,3,in_force,0
PH0103706,POL0503706,Matthew,Johnson,matthew.johnson3706@example.com,NC,32,Home,Agent,2018-07-27,1556.68,1581.6,93401.0,True,1,in_force,0
PH0103707,POL0503707,Linda,Martinez,linda.martinez3707@example.com,NC,76,Umbrella,Agent,2020-02-07,1900.16,2447.08,114010.0,True,3,in_force,1
PH0103708,POL0503708,Michael,Sanchez,michael.sanchez3708@example.com,MA,58,Auto,Direct,2021-05-12,1991.29,2362.1,119477.0,True,1,in_force,1
PH0103709,POL0503709,Nancy,Jones,nancy.jones3709@example.com,NY,70,Auto,Agent,2017-02-15,2990.91,3774.65,179455.0,True,1,in_force,1
PH0103710,POL0503710,Susan,Williams,susan.williams3710@example.com,FL,39,Umbrella,Broker,2016-01-26,2023.71,2031.23,121423.0,True,3,in_force,0
PH0103711,POL0503711,Elizabeth,Moore,elizabeth.moore3711@example.com,NY,28,Home,Direct,2022-11-15,684.48,700.94,41069.0,False,3,in_force,0
PH0103712,POL0503712,David,Ramirez,david.ramirez3712@example.com,NC,63,Umbrella,Direct,2019-06-24,2360.51,2473.07,141631.0,False,1,in_force,0
PH0103713,POL0503713,Margaret,Davis,margaret.davis3713@example.com,TX,50,Auto,Broker,2017-05-14,2039.0,2094.76,122340.0,True,2,in_force,0
PH0103714,POL0503714,David,Miller,david.miller3714@example.com,NY,64,Auto,Direct,2019-08-07,1745.33,1758.29,104720.0,True,2,in_force,0
PH0103715,POL0503715,Lisa,Jackson,lisa.jackson3715@example.com,VA,59,Home,Direct,2017-06-26,1002.9,1050.24,60174.0,True,2,in_force,1
PH0103716,POL0503716,Mark,Gonzalez,mark.gonzalez3716@example.com,CA,39,Auto,Direct,2021-04-25,3641.57,3773.96,218494.0,False,2,in_force,1
PH0103717,POL0503717,Matthew,Hernandez,matthew.hernandez3717@example.com,WA,43,Umbrella,Direct,2016-05-28,2754.09,2814.03,165245.0,True,3,in_force,0
PH0103718,POL0503718,Joseph,Lewis,joseph.lewis3718@example.com,PA,47,Auto,Direct,2019-11-03,2256.18,3003.57,135371.0,True,3,in_force,0
PH0103719,POL0503719,Jennifer,Williams,jennifer.williams3719@example.com,NC,35,Life,Broker,2020-03-22,3209.29,3349.77,481394.0,False,2,in_force,0
PH0103720,POL0503720,Mark,Lee,mark.lee3720@example.com,WA,66,Auto,Direct,2023-06-24,3355.66,3424.07,201340.0,False,1,in_force,0
PH0103721,POL0503721,Michael,Anderson,michael.anderson3721@example.com,MI,56,Auto,Broker,2021-08-22,2836.62,2907.55,170197.0,True,2,in_force,0
PH0103722,POL0503722,James,Martinez,james.martinez3722@example.com,AZ,37,Auto,Agent,2019-12-13,2134.87,2174.77,128092.0,False,2,in_force,0
PH0103723,POL0503723,Jennifer,Jones,jennifer.jones3723@example.com,NY,51,Home,Agent,2022-08-02,1752.0,1825.59,105120.0,False,3,in_force,0
PH0103724,POL0503724,Anthony,Ramirez,anthony.ramirez3724@example.com,MA,38,Umbrella,Direct,2019-05-15,2645.41,2683.3,158725.0,True,3,in_force,1
PH0103725,POL0503725,Anthony,Rodriguez,anthony.rodriguez3725@example.com,VA,34,Umbrella,Agent,2021-07-31,3188.1,3242.71,191286.0,True,3,in_force,0
PH0103726,POL0503726,Daniel,Hernandez,daniel.hernandez3726@example.com,WA,72,Home,Agent,2020-05-08,3404.09,3494.06,204245.0,True,1,in_force,1
PH0103727,POL0503727,Elizabeth,White,elizabeth.white3727@example.com,VA,28,Life,Agent,2017-01-26,2314.29,2379.29,347144.0,True,3,in_force,1
PH0103728,POL0503728,Susan,Gonzalez,susan.gonzalez3728@example.com,IL,37,Auto,Agent,2022-01-20,3222.02,3310.09,193321.0,True,1,in_force,0
PH0103729,POL0503729,Sarah,Harris,sarah.harris3729@example.com,PA,37,Home,Direct,2019-12-14,2442.03,2561.11,146522.0,True,3,in_force,0
PH0103730,POL0503730,Margaret,Lopez,margaret.lopez3730@example.com,MI,31,Auto,Agent,2020-11-19,2501.93,2521.33,150116.0,True,2,in_force,0
PH0103731,POL0503731,Sarah,Taylor,sarah.taylor3731@example.com,PA,50,Auto,Agent,2018-01-19,1574.91,1637.51,94495.0,True,1,in_force,0
PH0103732,POL0503732,John,Thomas,john.thomas3732@example.com,MA,31,Home,Direct,2022-03-09,2129.55,2179.57,127773.0,True,2,in_force,0
PH0103733,POL0503733,James,Thomas,james.thomas3733@example.com,OH,69,Life,Agent,2024-05-12,1277.97,1296.59,191696.0,True,2,in_force,0
PH0103734,POL0503734,Margaret,Johnson,margaret.johnson3734@example.com,TX,52,Home,Direct,2023-04-25,3485.03,3553.46,209102.0,False,1,in_force,0
PH0103735,POL0503735,Barbara,Jones,barbara.jones3735@example.com,NJ,59,Umbrella,Direct,2018-09-28,926.03,941.61,55562.0,True,2,in_force,0
PH0103736,POL0503736,Michael,Johnson,michael.johnson3736@example.com,MA,38,Home,Broker,2017-10-21,3757.03,3870.48,225422.0,True,1,in_force,0
PH0103737,POL0503737,Jennifer,Smith,jennifer.smith3737@example.com,VA,65,Auto,Agent,2024-01-25,1376.16,1430.07,82570.0,True,1,in_force,1
PH0103738,POL0503738,Patricia,Miller,patricia.miller3738@example.com,MA,36,Auto,Broker,2023-09-22,731.03,759.21,43862.0,True,3,in_force,0
PH0103739,POL0503739,Anthony,Thomas,anthony.thomas3739@example.com,NC,63,Umbrella,Agent,2016-12-31,2907.63,2964.26,174458.0,True,2,in_force,0
PH0103740,POL0503740,Lisa,Garcia,lisa.garcia3740@example.com,NY,57,Umbrella,Broker,2024-08-31,3680.5,3684.97,220830.0,True,2,in_force,0
PH0103741,POL0503741,Thomas,Harris,thomas.harris3741@example.com,OH,63,Auto,Agent,2018-05-21,3193.9,3296.88,191634.0,False,3,in_force,1
PH0103742,POL0503742,Christopher,Smith,christopher.smith3742@example.com,MA,53,Auto,Direct,2023-10-08,2771.42,3384.3,166285.0,True,3,in_force,0
PH0103743,POL0503743,Daniel,Perez,daniel.perez3743@example.com,NY,40,Umbrella,Direct,2018-09-09,1208.83,1266.65,72530.0,True,1,in_force,0
PH0103744,POL0503744,Michael,Thomas,michael.thomas3744@example.com,MA,43,Home,Direct,2024-10-03,3730.91,3742.01,223855.0,False,1,in_force,1
PH0103745,POL0503745,Nancy,Anderson,nancy.anderson3745@example.com,FL,31,Life,Agent,2016-01-15,3339.65,4228.64,500948.0,True,2,in_force,0
PH0103746,POL0503746,Nancy,Jones,nancy.jones3746@example.com,FL,47,Life,Direct,2017-10-30,2549.63,2599.39,382444.0,True,2,in_force,0
PH0103747,POL0503747,Joseph,Martin,joseph.martin3747@example.com,PA,71,Auto,Agent,2024-02-19,2619.12,2665.39,157147.0,False,3,in_force,1
PH0103748,POL0503748,Patricia,Robinson,patricia.robinson3748@example.com,AZ,50,Umbrella,Direct,2016-02-22,2253.68,2350.04,135221.0,True,3,in_force,0
PH0103749,POL0503749,Thomas,Wilson,thomas.wilson3749@example.com,MI,34,Auto,Agent,2019-09-23,662.07,682.81,39724.0,True,3,in_force,1
PH0103750,POL0503750,Linda,Anderson,linda.anderson3750@example.com,FL,49,Life,Direct,2022-09-09,2511.03,2524.76,376655.0,True,1,in_force,0
PH0103751,POL0503751,Jessica,White,jessica.white3751@example.com,OH,57,Home,Agent,2017-02-05,1269.83,1278.64,76190.0,True,1,in_force,0
PH0103752,POL0503752,Joseph,Moore,joseph.moore3752@example.com,MA,33,Auto,Agent,2017-10-20,1927.66,1957.29,115660.0,False,1,in_force,1
PH0103753,POL0503753,Patricia,Anderson,patricia.anderson3753@example.com,NY,49,Auto,Broker,2022-06-06,3209.27,3363.97,192556.0,False,3,in_force,1
PH0103754,POL0503754,Joseph,Gonzalez,joseph.gonzalez3754@example.com,NJ,40,Auto,Agent,2016-09-29,899.75,928.47,53985.0,True,2,in_force,1
PH0103755,POL0503755,Sarah,Johnson,sarah.johnson3755@example.com,PA,58,Home,Broker,2018-12-25,2514.62,2621.26,150877.0,True,3,in_force,1
PH0103756,POL0503756,Daniel,Hernandez,daniel.hernandez3756@example.com,FL,76,Umbrella,Direct,2021-12-20,2906.11,2914.6,174367.0,False,1,in_force,0
PH0103757,POL0503757,Michael,Hernandez,michael.hernandez3757@example.com,TX,53,Auto,Broker,2020-06-13,2183.96,2226.84,131038.0,False,1,in_force,0
PH0103758,POL0503758,Jessica,Clark,jessica.clark3758@example.com,GA,39,Home,Broker,2017-10-24,3426.32,3957.84,205579.0,False,3,in_force,1
PH0103759,POL0503759,Joseph,Hernandez,joseph.hernandez3759@example.com,NJ,74,Life,Agent,2020-11-05,2427.92,2436.63,364188.0,True,2,in_force,0
PH0103760,POL0503760,Joseph,Gonzalez,joseph.gonzalez3760@example.com,VA,66,Auto,Direct,2020-08-19,771.63,778.34,46298.0,True,3,in_force,1
PH0103761,POL0503761,Karen,Lewis,karen.lewis3761@example.com,FL,46,Auto,Agent,2020-01-01,1634.84,1674.52,98090.0,False,3,in_force,0
PH0103762,POL0503762,Margaret,Lopez,margaret.lopez3762@example.com,WA,50,Home,Broker,2017-04-27,672.51,888.39,40351.0,False,3,in_force,1
PH0103763,POL0503763,Mary,Johnson,mary.johnson3763@example.com,MA,45,Auto,Direct,2024-03-10,987.45,1026.16,59247.0,True,3,in_force,1
PH0103764,POL0503764,Charles,Sanchez,charles.sanchez3764@example.com,OH,42,Auto,Broker,2022-07-28,3426.04,3578.21,205562.0,True,3,in_force,0
PH0103765,POL0503765,Robert,Hernandez,robert.hernandez3765@example.com,NJ,48,Auto,Direct,2019-11-16,2524.01,2628.78,151441.0,True,2,in_force,1
PH0103766,POL0503766,Sandra,Sanchez,sandra.sanchez3766@example.com,MI,34,Life,Direct,2019-08-31,702.8,706.34,105420.0,True,3,in_force,0
PH0103767,POL0503767,Karen,Lee,karen.lee3767@example.com,TX,39,Umbrella,Direct,2018-03-04,693.13,894.81,41588.0,False,3,in_force,1
PH0103768,POL0503768,Linda,Perez,linda.perez3768@example.com,TX,75,Auto,Agent,2022-10-09,3229.33,3334.5,193760.0,False,3,in_force,0
PH0103769,POL0503769,Matthew,Lewis,matthew.lewis3769@example.com,AZ,42,Life,Broker,2024-03-15,3399.51,3489.11,509927.0,False,3,in_force,0
PH0103770,POL0503770,Mary,Lewis,mary.lewis3770@example.com,MA,28,Auto,Agent,2020-03-19,2671.72,2769.47,160303.0,True,2,in_force,0
PH0103771,POL0503771,Daniel,Clark,daniel.clark3771@example.com,WA,75,Auto,Broker,2019-06-17,2881.1,3343.91,172866.0,True,3,in_force,0
PH0103772,POL0503772,Barbara,Garcia,barbara.garcia3772@example.com,VA,48,Home,Agent,2020-08-17,2402.33,2420.69,144140.0,False,1,in_force,0
PH0103773,POL0503773,Betty,Moore,betty.moore3773@example.com,NJ,43,Auto,Agent,2022-10-28,2260.21,2319.86,135613.0,False,1,in_force,1
PH0103774,POL0503774,Elizabeth,Hernandez,elizabeth.hernandez3774@example.com,NJ,54,Home,Direct,2022-07-04,2362.84,2372.03,141770.0,False,1,in_force,0
PH0103775,POL0503775,John,White,john.white3775@example.com,PA,44,Umbrella,Direct,2023-11-03,2548.55,2622.49,152913.0,True,3,in_force,0
PH0103776,POL0503776,Mark,Hernandez,mark.hernandez3776@example.com,NC,53,Home,Agent,2024-03-12,2326.76,2406.52,139606.0,True,2,in_force,1
PH0103777,POL0503777,Joseph,Thomas,joseph.thomas3777@example.com,WA,35,Auto,Direct,2018-08-24,3588.2,3664.83,215292.0,False,3,in_force,0
PH0103778,POL0503778,Jessica,Clark,jessica.clark3778@example.com,NJ,59,Auto,Direct,2021-06-04,3495.15,3649.54,209709.0,True,2,in_force,0
PH0103779,POL0503779,Susan,Ramirez,susan.ramirez3779@example.com,AZ,30,Umbrella,Broker,2024-06-05,1198.33,1235.54,71900.0,True,3,in_force,0
PH0103780,POL0503780,James,Clark,james.clark3780@example.com,TX,66,Life,Agent,2016-04-28,2433.96,2483.51,365094.0,False,1,in_force,0
PH0103781,POL0503781,Joseph,Miller,joseph.miller3781@example.com,NY,39,Home,Agent,2023-11-10,2791.56,2819.47,167494.0,True,3,in_force,0
PH0103782,POL0503782,David,Robinson,david.robinson3782@example.com,IL,41,Auto,Broker,2016-08-19,2772.31,2802.57,166339.0,False,1,in_force,1
PH0103783,POL0503783,Sarah,Williams,sarah.williams3783@example.com,WA,71,Auto,Direct,2020-01-04,750.43,779.37,45026.0,True,3,in_force,0
PH0103784,POL0503784,Margaret,Martinez,margaret.martinez3784@example.com,AZ,40,Auto,Agent,2024-07-29,1411.88,1451.65,84713.0,False,2,in_force,0
PH0103785,POL0503785,William,Rodriguez,william.rodriguez3785@example.com,CA,68,Auto,Broker,2018-04-01,3090.86,3161.69,185452.0,True,1,in_force,0
PH0103786,POL0503786,Christopher,Rodriguez,christopher.rodriguez3786@example.com,TX,61,Umbrella,Direct,2021-05-13,1136.41,1182.43,68185.0,False,3,in_force,0
PH0103787,POL0503787,Richard,Rodriguez,richard.rodriguez3787@example.com,NJ,76,Auto,Agent,2024-07-04,1907.54,1959.68,114452.0,False,3,in_force,0
PH0103788,POL0503788,Karen,Ramirez,karen.ramirez3788@example.com,NC,76,Home,Direct,2018-12-31,2693.53,2826.42,161612.0,True,2,in_force,1
PH0103789,POL0503789,Sandra,Rodriguez,sandra.rodriguez3789@example.com,OH,36,Umbrella,Broker,2023-01-28,2168.46,2168.54,130108.0,False,2,in_force,1
PH0103790,POL0503790,Sarah,Sanchez,sarah.sanchez3790@example.com,NY,48,Home,Direct,2020-02-22,901.24,941.81,54074.0,True,3,in_force,0
PH0103791,POL0503791,David,Brown,david.brown3791@example.com,NY,39,Auto,Direct,2023-10-16,2878.91,2908.34,172735.0,False,2,in_force,1
PH0103792,POL0503792,Matthew,Anderson,matthew.anderson3792@example.com,WA,64,Umbrella,Agent,2017-09-16,1106.4,1111.24,66384.0,True,1,in_force,0
PH0103793,POL0503793,Robert,Robinson,robert.robinson3793@example.com,WA,56,Auto,Broker,2018-03-06,1223.21,1400.09,73393.0,True,2,in_force,0
PH0103794,POL0503794,Matthew,Smith,matthew.smith3794@example.com,WA,28,Home,Broker,2020-02-03,805.59,835.71,48335.0,True,2,in_force,0
PH0103795,POL0503795,Jessica,Hernandez,jessica.hernandez3795@example.com,VA,57,Home,Direct,2020-06-13,1340.4,1365.75,80424.0,True,2,in_force,0
PH0103796,POL0503796,William,Clark,william.clark3796@example.com,MA,51,Umbrella,Agent,2020-02-22,1661.23,2220.77,99674.0,True,3,in_force,0
PH0103797,POL0503797,Mary,Anderson,mary.anderson3797@example.com,OH,54,Life,Direct,2021-06-18,2868.96,2953.85,430344.0,True,2,in_force,0
PH0103798,POL0503798,Matthew,Taylor,matthew.taylor3798@example.com,VA,58,Auto,Broker,2016-01-29,746.51,748.78,44791.0,True,2,in_force,1
PH0103799,POL0503799,Robert,Jackson,robert.jackson3799@example.com,OH,54,Home,Agent,2019-06-21,1140.87,1171.89,68452.0,True,1,in_force,1
PH0103800,POL0503800,Jessica,Martinez,jessica.martinez3800@example.com,FL,72,Home,Agent,2023-12-18,3456.17,4303.58,207370.0,True,3,in_force,1
PH0103801,POL0503801,Patricia,Lee,patricia.lee3801@example.com,OH,34,Home,Direct,2018-03-04,2215.86,2300.33,132952.0,False,2,in_force,1
PH0103802,POL0503802,John,Wilson,john.wilson3802@example.com,FL,70,Home,Agent,2019-07-13,1859.2,1892.33,111552.0,False,1,in_force,1
PH0103803,POL0503803,Nancy,Thompson,nancy.thompson3803@example.com,AZ,38,Auto,Agent,2024-04-01,2467.78,2493.06,148067.0,False,2,in_force,0
PH0103804,POL0503804,Anthony,Lee,anthony.lee3804@example.com,NJ,35,Life,Agent,2019-06-12,2826.19,2915.94,423928.0,True,2,in_force,0
PH0103805,POL0503805,Margaret,Thomas,margaret.thomas3805@example.com,IL,72,Life,Agent,2023-07-20,790.47,796.68,118570.0,True,1,in_force,0
PH0103806,POL0503806,Betty,Williams,betty.williams3806@example.com,CA,49,Life,Agent,2020-11-09,3411.19,4153.06,511678.0,True,2,in_force,0
PH0103807,POL0503807,Patricia,Gonzalez,patricia.gonzalez3807@example.com,MI,49,Home,Direct,2017-08-22,2993.84,3100.15,179630.0,True,3,in_force,0
PH0103808,POL0503808,Linda,Jones,linda.jones3808@example.com,VA,30,Auto,Agent,2020-05-23,3292.46,3312.24,197548.0,False,1,in_force,0
PH0103809,POL0503809,Barbara,Davis,barbara.davis3809@example.com,TX,33,Life,Broker,2020-02-17,1601.36,1652.46,240204.0,False,3,in_force,0
PH0103810,POL0503810,Elizabeth,Lewis,elizabeth.lewis3810@example.com,IL,32,Life,Agent,2017-08-27,2736.14,2852.3,410421.0,True,1,in_force,0
PH0103811,POL0503811,Sarah,Hernandez,sarah.hernandez3811@example.com,NY,64,Home,Direct,2020-09-01,731.72,752.83,43903.0,False,3,in_force,1
PH0103812,POL0503812,William,Thomas,william.thomas3812@example.com,AZ,28,Life,Broker,2023-01-26,3565.12,3638.57,534768.0,True,1,in_force,0
PH0103813,POL0503813,James,Martin,james.martin3813@example.com,NJ,48,Home,Direct,2019-07-16,3718.89,3802.5,223133.0,True,3,in_force,0
PH0103814,POL0503814,Susan,White,susan.white3814@example.com,AZ,70,Life,Broker,2019-03-28,1643.72,1670.48,246558.0,False,3,in_force,0
PH0103815,POL0503815,Betty,Robinson,betty.robinson3815@example.com,MA,74,Auto,Direct,2018-10-26,3110.84,3266.04,186650.0,False,2,in_force,1
PH0103816,POL0503816,Jennifer,Lopez,jennifer.lopez3816@example.com,TX,54,Home,Direct,2017-04-25,3332.48,3379.55,199949.0,True,3,in_force,0
PH0103817,POL0503817,Patricia,Thomas,patricia.thomas3817@example.com,FL,58,Auto,Broker,2016-11-09,2122.09,2559.46,127325.0,True,1,in_force,0
PH0103818,POL0503818,Richard,Martin,richard.martin3818@example.com,WA,70,Home,Agent,2018-09-07,2861.31,2876.01,171679.0,True,2,in_force,0
PH0103819,POL0503819,Michael,Moore,michael.moore3819@example.com,PA,35,Home,Agent,2017-12-13,1039.5,1049.57,62370.0,False,1,in_force,1
PH0103820,POL0503820,Daniel,Harris,daniel.harris3820@example.com,AZ,45,Auto,Broker,2022-08-08,1340.12,1384.78,80407.0,True,1,in_force,1
PH0103821,POL0503821,Lisa,Garcia,lisa.garcia3821@example.com,OH,75,Home,Broker,2017-10-31,3057.07,3141.94,183424.0,False,1,in_force,1
PH0103822,POL0503822,Thomas,Moore,thomas.moore3822@example.com,NY,29,Auto,Agent,2018-08-11,757.55,976.71,45453.0,True,2,in_force,0
PH0103823,POL0503823,Anthony,White,anthony.white3823@example.com,MA,46,Home,Direct,2024-08-09,3090.02,3213.2,185401.0,True,2,in_force,0
PH0103824,POL0503824,Patricia,Smith,patricia.smith3824@example.com,CA,66,Auto,Broker,2023-09-27,2346.72,2446.53,140803.0,False,1,in_force,0
PH0103825,POL0503825,Sandra,Sanchez,sandra.sanchez3825@example.com,WA,72,Life,Broker,2022-12-14,1948.1,2031.25,292215.0,False,2,in_force,0
PH0103826,POL0503826,Daniel,Smith,daniel.smith3826@example.com,TX,32,Life,Agent,2020-08-03,892.79,913.06,133918.0,True,2,in_force,0
PH0103827,POL0503827,Richard,Jones,richard.jones3827@example.com,CA,36,Auto,Agent,2023-09-11,2524.43,2629.98,151466.0,False,1,in_force,1
PH0103828,POL0503828,Sandra,Moore,sandra.moore3828@example.com,WA,65,Auto,Direct,2019-01-29,3050.85,3192.85,183051.0,False,3,in_force,0
PH0103829,POL0503829,Mary,Thompson,mary.thompson3829@example.com,GA,32,Home,Agent,2023-11-30,3209.24,3223.03,192554.0,True,1,in_force,1
PH0103830,POL0503830,Nancy,Lewis,nancy.lewis3830@example.com,VA,69,Home,Direct,2019-03-20,3158.82,3268.74,189529.0,False,1,in_force,0
PH0103831,POL0503831,Linda,Martinez,linda.martinez3831@example.com,GA,57,Auto,Direct,2023-09-17,2153.75,2683.27,129225.0,False,1,in_force,0
PH0103832,POL0503832,Anthony,Brown,anthony.brown3832@example.com,NJ,41,Auto,Agent,2022-05-09,2075.42,2137.65,124525.0,True,2,in_force,0
PH0103833,POL0503833,David,Johnson,david.johnson3833@example.com,AZ,66,Auto,Broker,2018-05-26,3568.06,3737.42,214084.0,True,1,in_force,0
PH0103834,POL0503834,Nancy,Williams,nancy.williams3834@example.com,PA,60,Home,Agent,2019-03-21,1585.21,2048.84,95113.0,True,1,in_force,0
PH0103835,POL0503835,Mark,Lopez,mark.lopez3835@example.com,OH,35,Home,Broker,2018-11-21,3240.04,3342.6,194402.0,True,2,in_force,0
PH0103836,POL0503836,Patricia,Taylor,patricia.taylor3836@example.com,PA,53,Auto,Agent,2023-10-03,2522.66,2605.16,151360.0,True,1,in_force,0
PH0103837,POL0503837,Jennifer,Thompson,jennifer.thompson3837@example.com,GA,62,Umbrella,Direct,2020-08-13,2829.3,2835.19,169758.0,True,2,in_force,0
PH0103838,POL0503838,Linda,Sanchez,linda.sanchez3838@example.com,PA,54,Life,Direct,2022-04-26,934.78,973.62,140217.0,False,2,in_force,1
PH0103839,POL0503839,Margaret,White,margaret.white3839@example.com,MI,49,Auto,Agent,2020-07-31,3420.94,3512.12,205256.0,False,1,in_force,0
PH0103840,POL0503840,Elizabeth,Davis,elizabeth.davis3840@example.com,MI,35,Auto,Direct,2019-10-31,1329.01,1362.16,79741.0,True,3,in_force,0
PH0103841,POL0503841,Robert,Jackson,robert.jackson3841@example.com,IL,35,Auto,Direct,2017-07-28,2831.23,2915.16,169874.0,True,3,in_force,0
PH0103842,POL0503842,David,Gonzalez,david.gonzalez3842@example.com,IL,60,Auto,Direct,2019-08-05,3043.97,3071.25,182638.0,True,3,in_force,0
PH0103843,POL0503843,Anthony,Johnson,anthony.johnson3843@example.com,NY,56,Auto,Agent,2023-07-03,2449.21,2455.24,146953.0,False,1,in_force,1
PH0103844,POL0503844,Jessica,Thompson,jessica.thompson3844@example.com,TX,52,Home,Agent,2023-01-28,885.69,1111.84,53141.0,True,3,in_force,0
PH0103845,POL0503845,Thomas,Wilson,thomas.wilson3845@example.com,MI,52,Home,Direct,2020-07-22,3543.64,3598.83,212618.0,False,1,in_force,0
PH0103846,POL0503846,Richard,Jones,richard.jones3846@example.com,NY,28,Home,Broker,2022-09-01,780.81,805.62,46849.0,False,2,in_force,0
PH0103847,POL0503847,Sarah,Sanchez,sarah.sanchez3847@example.com,GA,38,Umbrella,Agent,2022-10-07,1473.21,1836.41,88393.0,False,2,in_force,1
PH0103848,POL0503848,Susan,Hernandez,susan.hernandez3848@example.com,TX,75,Home,Direct,2023-10-29,1739.47,1742.97,104368.0,False,2,in_force,1
PH0103849,POL0503849,Sarah,Brown,sarah.brown3849@example.com,VA,39,Life,Direct,2022-08-11,2743.47,2792.18,411520.0,True,1,in_force,0
PH0103850,POL0503850,Linda,Harris,linda.harris3850@example.com,AZ,77,Auto,Agent,2022-01-25,3742.86,3891.43,224572.0,True,1,in_force,0
PH0103851,POL0503851,Sarah,Anderson,sarah.anderson3851@example.com,OH,36,Life,Direct,2016-12-25,1072.64,1360.92,160896.0,True,2,in_force,0
PH0103852,POL0503852,Charles,Thompson,charles.thompson3852@example.com,CA,70,Auto,Agent,2023-11-08,3352.9,3377.53,201174.0,True,2,in_force,0
PH0103853,POL0503853,Richard,Rodriguez,richard.rodriguez3853@example.com,WA,62,Home,Broker,2017-08-31,2587.54,3389.62,155252.0,True,2,in_force,0
PH0103854,POL0503854,Daniel,Robinson,daniel.robinson3854@example.com,AZ,63,Home,Direct,2018-03-06,1566.02,2000.18,93961.0,False,2,in_force,0
PH0103855,POL0503855,Richard,Wilson,richard.wilson3855@example.com,NY,77,Auto,Agent,2019-03-16,3650.82,4309.46,219049.0,True,1,in_force,1
PH0103856,POL0503856,Richard,Martinez,richard.martinez3856@example.com,VA,74,Auto,Agent,2019-01-19,1377.95,1415.8,82677.0,False,1,in_force,1
PH0103857,POL0503857,Michael,Jones,michael.jones3857@example.com,TX,62,Auto,Agent,2024-08-21,1995.47,2253.89,119728.0,True,2,in_force,1
PH0103858,POL0503858,John,Robinson,john.robinson3858@example.com,NY,40,Home,Direct,2017-04-21,3021.25,3044.43,181275.0,False,1,in_force,1
PH0103859,POL0503859,Michael,White,michael.white3859@example.com,FL,33,Home,Agent,2024-08-03,1317.7,1351.81,79062.0,True,1,in_force,0
PH0103860,POL0503860,Jennifer,Harris,jennifer.harris3860@example.com,TX,75,Life,Agent,2021-08-12,2877.57,2940.96,431636.0,True,3,in_force,0
PH0103861,POL0503861,Patricia,Robinson,patricia.robinson3861@example.com,FL,37,Home,Agent,2020-10-22,3189.32,3193.46,191359.0,True,3,in_force,0
PH0103862,POL0503862,Lisa,Johnson,lisa.johnson3862@example.com,PA,34,Umbrella,Agent,2016-01-22,1933.08,1954.61,115985.0,False,3,in_force,0
PH0103863,POL0503863,Robert,Clark,robert.clark3863@example.com,AZ,62,Auto,Direct,2021-08-16,2423.3,2539.4,145398.0,False,2,in_force,1
PH0103864,POL0503864,Mark,Lewis,mark.lewis3864@example.com,TX,61,Umbrella,Agent,2016-01-15,1650.52,1710.22,99031.0,True,2,in_force,0
PH0103865,POL0503865,Robert,Harris,robert.harris3865@example.com,GA,56,Auto,Agent,2016-02-28,3520.67,3691.31,211240.0,True,2,in_force,0
PH0103866,POL0503866,Michael,Moore,michael.moore3866@example.com,WA,32,Life,Broker,2024-05-22,3783.34,3920.92,567501.0,False,2,in_force,0
PH0103867,POL0503867,Daniel,Robinson,daniel.robinson3867@example.com,NY,43,Auto,Broker,2021-06-18,2723.0,2807.04,163380.0,True,2,in_force,0
PH0103868,POL0503868,Karen,Garcia,karen.garcia3868@example.com,NY,74,Home,Direct,2024-06-02,1887.75,1914.47,113265.0,True,3,in_force,1
PH0103869,POL0503869,Susan,Thompson,susan.thompson3869@example.com,IL,57,Umbrella,Agent,2024-09-07,2012.76,2098.91,120766.0,True,2,in_force,1
PH0103870,POL0503870,Mark,Moore,mark.moore3870@example.com,WA,49,Auto,Direct,2018-11-14,1776.75,1817.98,106605.0,True,1,in_force,0
PH0103871,POL0503871,Sandra,Johnson,sandra.johnson3871@example.com,NJ,56,Auto,Agent,2022-06-03,3207.37,3362.0,192442.0,False,3,in_force,1
PH0103872,POL0503872,Jessica,Smith,jessica.smith3872@example.com,NC,59,Auto,Direct,2018-01-23,3649.03,3679.17,218942.0,True,3,in_force,0
PH0103873,POL0503873,Mary,Anderson,mary.anderson3873@example.com,GA,50,Home,Direct,2023-04-07,770.32,804.23,46219.0,False,1,in_force,0
PH0103874,POL0503874,Susan,White,susan.white3874@example.com,AZ,41,Home,Agent,2021-10-04,2006.47,2054.89,120388.0,True,1,in_force,1
PH0103875,POL0503875,Christopher,White,christopher.white3875@example.com,WA,40,Auto,Direct,2023-08-16,2420.25,2463.88,145215.0,False,1,in_force,0
PH0103876,POL0503876,Thomas,Anderson,thomas.anderson3876@example.com,NY,63,Auto,Agent,2019-04-19,725.77,733.04,43546.0,True,3,in_force,0
PH0103877,POL0503877,Barbara,Jackson,barbara.jackson3877@example.com,FL,67,Home,Direct,2021-11-06,1026.42,1164.15,61585.0,False,3,in_force,1
PH0103878,POL0503878,Michael,Miller,michael.miller3878@example.com,WA,38,Auto,Agent,2022-05-16,2492.63,2540.7,149558.0,True,1,in_force,1
PH0103879,POL0503879,James,Thomas,james.thomas3879@example.com,NC,41,Home,Broker,2017-04-24,2575.43,2996.7,154526.0,False,2,in_force,0
PH0103880,POL0503880,Susan,Moore,susan.moore3880@example.com,CA,63,Life,Direct,2023-05-13,3796.31,4429.71,569446.0,True,1,in_force,0
PH0103881,POL0503881,Robert,Garcia,robert.garcia3881@example.com,NY,60,Home,Direct,2022-06-02,883.33,890.42,53000.0,True,2,in_force,1
PH0103882,POL0503882,Jessica,Rodriguez,jessica.rodriguez3882@example.com,TX,43,Auto,Agent,2020-02-01,2082.81,2184.63,124969.0,False,2,in_force,0
PH0103883,POL0503883,Michael,Garcia,michael.garcia3883@example.com,PA,28,Umbrella,Direct,2023-08-25,2197.79,2243.83,131867.0,True,2,in_force,0
PH0103884,POL0503884,William,Martinez,william.martinez3884@example.com,NC,29,Umbrella,Agent,2016-01-22,2600.5,2656.71,156030.0,True,2,in_force,0
PH0103885,POL0503885,Lisa,Brown,lisa.brown3885@example.com,MA,68,Auto,Direct,2024-09-12,3794.25,3802.89,227655.0,False,3,in_force,0
PH0103886,POL0503886,Mary,Sanchez,mary.sanchez3886@example.com,MI,35,Auto,Broker,2018-01-14,2989.84,3000.73,179390.0,False,3,in_force,1
PH0103887,POL0503887,Patricia,White,patricia.white3887@example.com,CA,42,Home,Agent,2017-01-15,3522.39,3618.08,211343.0,False,3,in_force,0
PH0103888,POL0503888,Margaret,Thompson,margaret.thompson3888@example.com,NC,36,Auto,Agent,2020-10-17,781.03,818.31,46862.0,False,3,in_force,0
PH0103889,POL0503889,Margaret,Thompson,margaret.thompson3889@example.com,MI,42,Umbrella,Broker,2016-06-07,3089.53,3114.96,185372.0,True,1,in_force,0
PH0103890,POL0503890,Margaret,Jackson,margaret.jackson3890@example.com,WA,73,Umbrella,Direct,2017-07-24,3349.85,3457.31,200991.0,False,1,in_force,1
PH0103891,POL0503891,Karen,Johnson,karen.johnson3891@example.com,AZ,31,Auto,Agent,2023-08-22,3081.14,3096.43,184868.0,True,3,in_force,0
PH0103892,POL0503892,Joseph,Thomas,joseph.thomas3892@example.com,NJ,36,Auto,Agent,2023-12-28,2912.64,3510.62,174758.0,True,3,in_force,0
PH0103893,POL0503893,Richard,Anderson,richard.anderson3893@example.com,FL,73,Home,Direct,2022-10-18,1034.02,1036.53,62041.0,True,1,in_force,0
PH0103894,POL0503894,Michael,Miller,michael.miller3894@example.com,TX,52,Umbrella,Agent,2021-05-26,2693.3,2765.77,161598.0,False,2,in_force,0
PH0103895,POL0503895,Richard,Harris,richard.harris3895@example.com,AZ,52,Home,Direct,2024-07-07,2208.59,2271.46,132515.0,False,2,in_force,1
PH0103896,POL0503896,Betty,Moore,betty.moore3896@example.com,PA,61,Home,Agent,2016-11-12,3031.73,3101.93,181904.0,False,1,in_force,0
PH0103897,POL0503897,Barbara,Lewis,barbara.lewis3897@example.com,FL,59,Home,Agent,2022-07-19,2834.99,2863.66,170099.0,True,1,in_force,1
PH0103898,POL0503898,John,Jackson,john.jackson3898@example.com,TX,41,Auto,Agent,2019-06-20,1028.5,1078.28,61710.0,True,2,in_force,1
PH0103899,POL0503899,James,Brown,james.brown3899@example.com,NY,38,Auto,Direct,2020-08-29,1521.84,2032.65,91310.0,True,1,in_force,0
PH0103900,POL0503900,David,Gonzalez,david.gonzalez3900@example.com,GA,67,Home,Agent,2018-10-01,1963.63,2607.06,117818.0,False,3,in_force,1
PH0103901,POL0503901,Daniel,Smith,daniel.smith3901@example.com,IL,35,Umbrella,Direct,2023-03-19,947.28,959.64,56837.0,False,2,in_force,1
PH0103902,POL0503902,John,Robinson,john.robinson3902@example.com,IL,70,Home,Agent,2024-08-20,2963.87,3022.15,177832.0,True,1,in_force,1
PH0103903,POL0503903,Mary,Robinson,mary.robinson3903@example.com,OH,30,Auto,Agent,2018-05-10,2362.45,2423.07,141747.0,True,3,in_force,0
PH0103904,POL0503904,Thomas,Lopez,thomas.lopez3904@example.com,WA,71,Umbrella,Agent,2020-05-16,2583.67,2695.81,155020.0,True,3,in_force,0
PH0103905,POL0503905,David,Garcia,david.garcia3905@example.com,FL,28,Home,Broker,2022-12-18,2446.93,2544.33,146816.0,True,1,in_force,0
PH0103906,POL0503906,Patricia,Robinson,patricia.robinson3906@example.com,OH,44,Auto,Broker,2020-01-27,3394.16,3431.35,203650.0,True,3,in_force,0
PH0103907,POL0503907,Jennifer,Martinez,jennifer.martinez3907@example.com,WA,67,Auto,Direct,2017-06-19,1693.17,1719.12,101590.0,True,1,in_force,0
PH0103908,POL0503908,Linda,Davis,linda.davis3908@example.com,WA,63,Home,Broker,2023-06-01,1046.48,1072.04,62789.0,True,1,in_force,0
PH0103909,POL0503909,James,Moore,james.moore3909@example.com,MA,66,Auto,Direct,2017-04-08,2281.02,2388.88,136861.0,False,3,in_force,0
PH0103910,POL0503910,Richard,Martinez,richard.martinez3910@example.com,MA,75,Home,Broker,2023-10-16,2181.6,2211.94,130896.0,True,2,in_force,0
PH0103911,POL0503911,Anthony,Lewis,anthony.lewis3911@example.com,TX,75,Umbrella,Broker,2023-04-10,2267.97,2331.51,136078.0,False,3,in_force,0
PH0103912,POL0503912,Jessica,Robinson,jessica.robinson3912@example.com,FL,60,Auto,Direct,2020-06-14,1760.91,1843.31,105655.0,True,1,in_force,0
PH0103913,POL0503913,John,Johnson,john.johnson3913@example.com,GA,40,Umbrella,Direct,2016-08-19,3788.32,3845.38,227299.0,False,1,in_force,0
PH0103914,POL0503914,Linda,Jackson,linda.jackson3914@example.com,NC,33,Auto,Direct,2021-07-08,3216.79,3231.26,193007.0,True,2,in_force,0
PH0103915,POL0503915,Jennifer,Thomas,jennifer.thomas3915@example.com,NJ,76,Home,Agent,2017-09-30,760.22,762.15,45613.0,True,3,in_force,0
PH0103916,POL0503916,David,Smith,david.smith3916@example.com,MI,55,Home,Direct,2017-04-05,1874.03,1934.25,112442.0,True,2,in_force,0
PH0103917,POL0503917,Matthew,Robinson,matthew.robinson3917@example.com,IL,31,Auto,Broker,2020-07-18,1382.07,1393.86,82924.0,False,3,in_force,0
PH0103918,POL0503918,Jennifer,Smith,jennifer.smith3918@example.com,NY,55,Home,Agent,2020-04-22,1494.83,1696.7,89690.0,False,2,in_force,1
PH0103919,POL0503919,Anthony,Williams,anthony.williams3919@example.com,MI,40,Home,Direct,2023-02-04,2786.09,2889.26,167165.0,False,2,in_force,1
PH0103920,POL0503920,Betty,Rodriguez,betty.rodriguez3920@example.com,NJ,37,Auto,Direct,2020-01-17,1274.87,1292.9,76492.0,True,1,in_force,0
PH0103921,POL0503921,Jennifer,Robinson,jennifer.robinson3921@example.com,NC,59,Umbrella,Agent,2018-05-03,910.04,942.85,54602.0,True,1,in_force,0
PH0103922,POL0503922,Richard,Thomas,richard.thomas3922@example.com,AZ,77,Auto,Broker,2020-10-20,3833.52,3861.92,230011.0,True,1,in_force,0
PH0103923,POL0503923,Elizabeth,Garcia,elizabeth.garcia3923@example.com,MA,28,Auto,Agent,2021-04-05,3263.24,3387.35,195794.0,False,1,in_force,0
PH0103924,POL0503924,Daniel,Thompson,daniel.thompson3924@example.com,NJ,31,Life,Broker,2022-05-13,1901.65,2377.29,285248.0,True,3,in_force,1
PH0103925,POL0503925,Charles,Johnson,charles.johnson3925@example.com,NJ,56,Home,Agent,2016-09-27,2577.6,2664.67,154656.0,False,2,in_force,0
PH0103926,POL0503926,Matthew,Ramirez,matthew.ramirez3926@example.com,AZ,28,Umbrella,Direct,2022-01-01,3719.68,3790.16,223181.0,True,1,in_force,0
PH0103927,POL0503927,Susan,Lopez,susan.lopez3927@example.com,CA,30,Auto,Direct,2016-12-30,1717.06,1771.03,103024.0,True,2,in_force,0
PH0103928,POL0503928,Jessica,Garcia,jessica.garcia3928@example.com,PA,42,Auto,Direct,2022-01-24,2753.71,2758.47,165223.0,False,2,in_force,1
PH0103929,POL0503929,Nancy,Moore,nancy.moore3929@example.com,MA,68,Umbrella,Direct,2024-06-14,1409.33,1426.45,84560.0,False,3,in_force,1
PH0103930,POL0503930,Sarah,Lopez,sarah.lopez3930@example.com,MI,44,Auto,Broker,2017-09-30,2885.81,2946.52,173149.0,True,3,in_force,0
PH0103931,POL0503931,Joseph,Ramirez,joseph.ramirez3931@example.com,NC,46,Home,Direct,2020-07-29,2675.99,2689.59,160559.0,True,1,in_force,1
PH0103932,POL0503932,Sandra,White,sandra.white3932@example.com,WA,45,Home,Direct,2016-12-08,2736.61,2849.63,164197.0,True,2,in_force,0
PH0103933,POL0503933,Mary,Wilson,mary.wilson3933@example.com,FL,73,Auto,Broker,2016-12-25,1540.91,1614.91,92455.0,True,3,in_force,0
PH0103934,POL0503934,Linda,Taylor,linda.taylor3934@example.com,IL,77,Umbrella,Broker,2017-11-18,3224.51,3337.5,193471.0,True,2,in_force,0
PH0103935,POL0503935,Sarah,Harris,sarah.harris3935@example.com,AZ,64,Home,Agent,2022-06-23,2056.1,2139.08,123366.0,True,1,in_force,0
PH0103936,POL0503936,John,Davis,john.davis3936@example.com,AZ,47,Life,Agent,2020-11-17,814.32,839.71,122148.0,True,2,in_force,0
PH0103937,POL0503937,Charles,Davis,charles.davis3937@example.com,NY,33,Auto,Direct,2023-06-16,1390.21,1422.09,83413.0,True,3,in_force,0
PH0103938,POL0503938,Charles,Moore,charles.moore3938@example.com,MI,45,Auto,Agent,2021-02-28,2406.77,2486.48,144406.0,True,2,in_force,0
PH0103939,POL0503939,Barbara,Jackson,barbara.jackson3939@example.com,PA,69,Auto,Direct,2019-04-05,3274.14,3284.33,196448.0,True,2,in_force,0
PH0103940,POL0503940,Karen,Thomas,karen.thomas3940@example.com,MA,35,Auto,Direct,2021-07-06,3513.74,4687.92,210824.0,True,3,in_force,0
PH0103941,POL0503941,Lisa,Johnson,lisa.johnson3941@example.com,VA,37,Auto,Agent,2020-04-14,988.4,1237.6,59304.0,True,1,in_force,1
PH0103942,POL0503942,Christopher,Thomas,christopher.thomas3942@example.com,GA,62,Auto,Agent,2020-09-30,2423.07,2451.59,145384.0,True,2,in_force,0
PH0103943,POL0503943,William,Robinson,william.robinson3943@example.com,AZ,45,Umbrella,Broker,2022-12-21,2167.95,2169.98,130077.0,True,2,in_force,0
PH0103944,POL0503944,Matthew,Davis,matthew.davis3944@example.com,WA,35,Auto,Direct,2023-11-08,740.43,742.19,44426.0,True,1,in_force,0
PH0103945,POL0503945,Barbara,Robinson,barbara.robinson3945@example.com,CA,44,Life,Agent,2023-09-28,3294.66,3319.07,494199.0,True,1,in_force,0
PH0103946,POL0503946,William,Harris,william.harris3946@example.com,WA,47,Auto,Direct,2021-03-19,841.62,986.6,50497.0,False,3,in_force,0
PH0103947,POL0503947,John,Sanchez,john.sanchez3947@example.com,MA,39,Umbrella,Direct,2022-12-11,2667.94,2777.22,160076.0,False,1,in_force,1
PH0103948,POL0503948,Sarah,Rodriguez,sarah.rodriguez3948@example.com,NJ,76,Umbrella,Agent,2022-09-01,1081.03,1102.93,64862.0,True,2,in_force,0
PH0103949,POL0503949,Mark,Taylor,mark.taylor3949@example.com,VA,41,Auto,Broker,2024-03-19,2660.54,2715.4,159632.0,True,1,in_force,0
PH0103950,POL0503950,Daniel,Martinez,daniel.martinez3950@example.com,OH,46,Home,Agent,2018-02-17,2342.0,2423.35,140520.0,True,2,in_force,0
PH0103951,POL0503951,Betty,Gonzalez,betty.gonzalez3951@example.com,IL,60,Life,Broker,2016-01-30,2400.76,3019.33,360114.0,True,2,in_force,0
PH0103952,POL0503952,Margaret,Smith,margaret.smith3952@example.com,VA,30,Life,Agent,2020-07-13,2795.69,2919.93,419354.0,True,2,in_force,0
PH0103953,POL0503953,Jessica,Jackson,jessica.jackson3953@example.com,NJ,76,Life,Broker,2017-12-27,2360.7,2376.41,354105.0,True,3,in_force,0
PH0103954,POL0503954,Michael,Clark,michael.clark3954@example.com,FL,38,Auto,Direct,2018-08-23,3050.92,3174.45,183055.0,False,1,in_force,0
PH0103955,POL0503955,Sarah,White,sarah.white3955@example.com,NC,74,Umbrella,Agent,2020-11-28,3389.82,3409.32,203389.0,False,3,in_force,0
PH0103956,POL0503956,Margaret,Clark,margaret.clark3956@example.com,AZ,61,Auto,Broker,2021-08-06,2788.18,3247.89,167291.0,True,1,in_force,1
PH0103957,POL0503957,Barbara,Williams,barbara.williams3957@example.com,PA,34,Auto,Direct,2016-02-11,2680.6,2702.38,160836.0,True,3,in_force,0
PH0103958,POL0503958,John,Hernandez,john.hernandez3958@example.com,VA,74,Auto,Direct,2016-08-07,913.2,928.7,54792.0,True,3,in_force,0
PH0103959,POL0503959,William,Lee,william.lee3959@example.com,NJ,66,Life,Agent,2017-07-12,1960.62,2057.92,294093.0,False,3,in_force,0
PH0103960,POL0503960,Robert,Clark,robert.clark3960@example.com,MI,77,Home,Direct,2024-02-13,2737.84,3111.57,164270.0,False,1,in_force,0
PH0103961,POL0503961,Sarah,Lewis,sarah.lewis3961@example.com,TX,42,Auto,Agent,2018-11-06,1686.87,1689.04,101212.0,True,1,in_force,0
PH0103962,POL0503962,Sarah,Taylor,sarah.taylor3962@example.com,VA,41,Umbrella,Direct,2022-08-16,1271.16,1329.34,76270.0,False,3,in_force,0
PH0103963,POL0503963,Jennifer,Martin,jennifer.martin3963@example.com,VA,64,Home,Agent,2022-12-10,1292.01,1304.87,77521.0,False,1,in_force,0
PH0103964,POL0503964,Daniel,Davis,daniel.davis3964@example.com,FL,39,Home,Direct,2019-08-25,2305.35,2351.4,138321.0,True,2,in_force,0
PH0103965,POL0503965,Jessica,Hernandez,jessica.hernandez3965@example.com,FL,75,Auto,Direct,2019-12-12,2041.78,2048.39,122507.0,True,1,in_force,0
PH0103966,POL0503966,Jessica,Davis,jessica.davis3966@example.com,NY,55,Home,Agent,2021-07-29,1254.51,1453.85,75271.0,False,2,in_force,1
PH0103967,POL0503967,Joseph,Smith,joseph.smith3967@example.com,GA,67,Auto,Agent,2020-03-01,2924.22,3035.87,175453.0,True,3,in_force,1
PH0103968,POL0503968,Michael,Gonzalez,michael.gonzalez3968@example.com,NY,73,Home,Agent,2019-10-30,1597.73,1623.31,95864.0,True,2,in_force,0
PH0103969,POL0503969,Mark,Lee,mark.lee3969@example.com,AZ,43,Auto,Direct,2022-06-10,3525.75,3695.9,211545.0,False,2,in_force,1
PH0103970,POL0503970,Mark,Smith,mark.smith3970@example.com,NJ,47,Auto,Agent,2018-03-19,3755.49,3936.8,225329.0,True,1,in_force,0
PH0103971,POL0503971,Richard,Thomas,richard.thomas3971@example.com,TX,75,Home,Direct,2018-07-25,3542.53,3572.05,212552.0,True,3,in_force,0
PH0103972,POL0503972,Linda,Perez,linda.perez3972@example.com,GA,32,Auto,Broker,2023-04-25,655.84,683.58,39350.0,False,2,in_force,0
PH0103973,POL0503973,William,Moore,william.moore3973@example.com,NY,64,Life,Agent,2017-05-15,2201.37,2206.55,330206.0,True,3,in_force,0
PH0103974,POL0503974,Jennifer,Miller,jennifer.miller3974@example.com,NJ,28,Auto,Direct,2020-04-08,3341.33,3410.45,200480.0,False,3,in_force,0
PH0103975,POL0503975,John,Thomas,john.thomas3975@example.com,NY,52,Umbrella,Direct,2017-08-24,3359.39,3473.64,201563.0,False,3,in_force,0
PH0103976,POL0503976,Charles,Jackson,charles.jackson3976@example.com,PA,60,Life,Direct,2022-06-27,1477.19,1543.68,221578.0,False,3,in_force,0
PH0103977,POL0503977,Charles,Lopez,charles.lopez3977@example.com,NC,52,Home,Agent,2020-12-07,2178.51,2577.52,130711.0,False,1,in_force,1
PH0103978,POL0503978,Karen,Miller,karen.miller3978@example.com,CA,65,Home,Broker,2018-02-10,1986.54,2071.58,119192.0,True,3,in_force,0
PH0103979,POL0503979,Christopher,Smith,christopher.smith3979@example.com,WA,77,Home,Broker,2022-12-15,854.49,860.09,51269.0,False,1,in_force,1
PH0103980,POL0503980,Patricia,Martin,patricia.martin3980@example.com,MA,45,Auto,Agent,2016-11-19,1435.87,1472.86,86152.0,False,2,in_force,0
PH0103981,POL0503981,Susan,Garcia,susan.garcia3981@example.com,TX,42,Home,Broker,2022-09-26,3266.11,3956.25,195967.0,False,2,in_force,1
PH0103982,POL0503982,Lisa,Perez,lisa.perez3982@example.com,GA,64,Home,Broker,2019-08-22,738.44,750.88,44306.0,False,1,in_force,1
PH0103983,POL0503983,Nancy,Lee,nancy.lee3983@example.com,AZ,54,Auto,Direct,2019-09-20,660.67,691.24,39640.0,True,1,in_force,0
PH0103984,POL0503984,Jessica,Hernandez,jessica.hernandez3984@example.com,NJ,68,Home,Agent,2016-12-27,1787.32,1796.55,107239.0,False,3,in_force,1
PH0103985,POL0503985,Susan,Taylor,susan.taylor3985@example.com,IL,50,Life,Direct,2016-03-31,1636.54,1645.74,245481.0,False,2,in_force,0
PH0103986,POL0503986,Betty,Ramirez,betty.ramirez3986@example.com,WA,36,Home,Broker,2017-01-11,1740.97,1785.68,104458.0,False,3,in_force,0
PH0103987,POL0503987,Anthony,Hernandez,anthony.hernandez3987@example.com,GA,62,Auto,Broker,2022-08-12,1994.78,2027.98,119687.0,True,3,in_force,1
PH0103988,POL0503988,Daniel,Garcia,daniel.garcia3988@example.com,IL,34,Life,Broker,2022-12-02,2908.02,2975.48,436203.0,True,1,in_force,0
PH0103989,POL0503989,William,Lewis,william.lewis3989@example.com,AZ,62,Auto,Direct,2024-09-20,2234.14,2325.15,134048.0,True,2,in_force,1
PH0103990,POL0503990,Linda,Jones,linda.jones3990@example.com,OH,54,Auto,Direct,2017-08-04,1112.85,1119.92,66771.0,False,2,in_force,0
PH0103991,POL0503991,Elizabeth,Johnson,elizabeth.johnson3991@example.com,OH,37,Auto,Direct,2024-06-05,2596.14,2706.6,155768.0,True,2,in_force,1
PH0103992,POL0503992,Joseph,Martinez,joseph.martinez3992@example.com,MI,49,Auto,Agent,2017-05-29,3351.12,3408.26,201067.0,True,3,in_force,1
PH0103993,POL0503993,Michael,Smith,michael.smith3993@example.com,CA,32,Life,Agent,2022-05-23,1936.28,1978.67,290442.0,True,1,in_force,1
PH0103994,POL0503994,William,Moore,william.moore3994@example.com,PA,70,Auto,Agent,2020-12-06,2501.16,2601.81,150070.0,True,1,in_force,0
PH0103995,POL0503995,James,Harris,james.harris3995@example.com,NJ,47,Home,Broker,2018-04-02,843.18,846.24,50591.0,True,2,in_force,0
PH0103996,POL0503996,Richard,Anderson,richard.anderson3996@example.com,WA,55,Auto,Broker,2016-12-26,2527.57,2579.05,151654.0,False,2,in_force,1
PH0103997,POL0503997,William,Lopez,william.lopez3997@example.com,WA,54,Home,Direct,2018-08-09,1316.76,1363.27,79006.0,True,2,in_force,0
PH0103998,POL0503998,Betty,Anderson,betty.anderson3998@example.com,WA,52,Home,Direct,2020-07-12,2477.39,2504.01,148643.0,False,3,in_force,1
PH0103999,POL0503999,Lisa,Lopez,lisa.lopez3999@example.com,FL,42,Home,Direct,2018-03-01,2904.57,3011.36,174274.0,True,2,in_force,0
PH0104000,POL0504000,Patricia,Smith,patricia.smith4000@example.com,FL,52,Auto,Agent,2023-11-05,3706.6,4642.54,222396.0,True,3,in_force,1
PH0104001,POL0504001,Betty,Johnson,betty.johnson4001@example.com,MA,28,Umbrella,Direct,2017-07-03,1121.75,1167.85,67305.0,False,2,in_force,0
PH0104002,POL0504002,Margaret,Garcia,margaret.garcia4002@example.com,MA,42,Life,Broker,2021-10-22,3843.45,3953.88,576518.0,True,3,in_force,0
PH0104003,POL0504003,James,Jackson,james.jackson4003@example.com,TX,51,Auto,Agent,2022-06-20,862.09,874.62,51725.0,True,3,in_force,1
PH0104004,POL0504004,Patricia,Martin,patricia.martin4004@example.com,OH,67,Life,Agent,2018-03-07,2799.64,2816.63,419946.0,True,1,in_force,0
PH0104005,POL0504005,Thomas,Rodriguez,thomas.rodriguez4005@example.com,FL,77,Home,Agent,2021-05-29,2673.48,2804.43,160409.0,False,2,in_force,0
PH0104006,POL0504006,William,Robinson,william.robinson4006@example.com,NY,38,Auto,Direct,2016-02-10,901.2,928.34,54072.0,True,1,in_force,1
PH0104007,POL0504007,James,Jackson,james.jackson4007@example.com,FL,62,Life,Agent,2022-01-28,803.49,828.04,120524.0,True,3,in_force,1
PH0104008,POL0504008,John,Harris,john.harris4008@example.com,IL,53,Home,Direct,2016-12-09,2753.96,3132.24,165238.0,True,3,in_force,0
PH0104009,POL0504009,Jessica,Moore,jessica.moore4009@example.com,TX,30,Auto,Broker,2021-08-10,2377.53,2394.75,142652.0,True,2,in_force,0
PH0104010,POL0504010,Patricia,Smith,patricia.smith4010@example.com,AZ,63,Home,Direct,2019-04-30,1872.96,1939.61,112378.0,True,2,in_force,0
PH0104011,POL0504011,Mark,Rodriguez,mark.rodriguez4011@example.com,MA,48,Auto,Direct,2018-11-10,912.37,948.08,54742.0,True,2,in_force,0
PH0104012,POL0504012,Patricia,Rodriguez,patricia.rodriguez4012@example.com,OH,56,Umbrella,Broker,2017-08-02,3683.19,3769.85,220991.0,True,1,in_force,0
PH0104013,POL0504013,Sarah,White,sarah.white4013@example.com,GA,75,Auto,Agent,2021-06-09,1772.31,1773.11,106339.0,True,3,in_force,0
PH0104014,POL0504014,Richard,Martinez,richard.martinez4014@example.com,OH,52,Home,Agent,2022-11-07,1015.83,1065.66,60950.0,True,2,in_force,1
PH0104015,POL0504015,Lisa,White,lisa.white4015@example.com,GA,68,Life,Broker,2022-03-02,3507.55,4399.64,526132.0,True,3,in_force,1
PH0104016,POL0504016,Daniel,Johnson,daniel.johnson4016@example.com,NC,29,Home,Direct,2017-02-16,3541.42,3634.45,212485.0,False,1,in_force,1
PH0104017,POL0504017,Barbara,Rodriguez,barbara.rodriguez4017@example.com,CA,77,Auto,Agent,2016-12-21,1305.44,1364.81,78326.0,True,3,in_force,0
PH0104018,POL0504018,Matthew,Miller,matthew.miller4018@example.com,NC,77,Umbrella,Direct,2023-07-10,1030.27,1060.21,61816.0,True,2,in_force,0
PH0104019,POL0504019,Matthew,Brown,matthew.brown4019@example.com,PA,56,Home,Agent,2020-10-01,1196.43,1219.59,71786.0,False,2,in_force,1
PH0104020,POL0504020,Anthony,Perez,anthony.perez4020@example.com,AZ,59,Umbrella,Broker,2019-12-20,2547.99,2660.76,152879.0,True,1,in_force,1
PH0104021,POL0504021,Sandra,Brown,sandra.brown4021@example.com,NC,40,Auto,Direct,2022-05-16,3712.26,3774.54,222736.0,False,3,in_force,0
PH0104022,POL0504022,Karen,Moore,karen.moore4022@example.com,WA,66,Auto,Broker,2024-05-23,1079.28,1112.86,64757.0,True,2,in_force,0
PH0104023,POL0504023,William,Miller,william.miller4023@example.com,TX,67,Auto,Direct,2016-07-06,2611.92,2681.96,156715.0,True,3,in_force,0
PH0104024,POL0504024,Jennifer,Sanchez,jennifer.sanchez4024@example.com,VA,64,Auto,Direct,2022-10-01,1712.72,2040.12,102763.0,True,2,in_force,1
PH0104025,POL0504025,William,Jackson,william.jackson4025@example.com,OH,58,Auto,Broker,2022-07-24,888.49,1114.19,53309.0,True,1,in_force,0
PH0104026,POL0504026,Mary,Taylor,mary.taylor4026@example.com,AZ,74,Home,Agent,2022-03-13,1331.56,1358.61,79894.0,False,3,in_force,0
PH0104027,POL0504027,Jennifer,Taylor,jennifer.taylor4027@example.com,CA,64,Home,Broker,2021-12-25,2535.57,2591.27,152134.0,True,1,in_force,0
PH0104028,POL0504028,Matthew,Johnson,matthew.johnson4028@example.com,TX,33,Auto,Direct,2020-11-15,2327.85,2837.36,139671.0,False,2,in_force,1
PH0104029,POL0504029,Betty,Jones,betty.jones4029@example.com,VA,71,Auto,Agent,2018-04-12,1517.16,2008.76,91030.0,False,1,in_force,0
PH0104030,POL0504030,Barbara,Smith,barbara.smith4030@example.com,CA,56,Auto,Direct,2023-10-16,782.34,786.57,46940.0,False,2,in_force,1
PH0104031,POL0504031,Karen,Ramirez,karen.ramirez4031@example.com,PA,65,Home,Direct,2021-07-21,1959.03,2028.18,117542.0,True,1,in_force,0
PH0104032,POL0504032,Robert,Thomas,robert.thomas4032@example.com,MA,31,Auto,Agent,2016-02-06,2383.49,2466.43,143009.0,True,2,in_force,0
PH0104033,POL0504033,David,White,david.white4033@example.com,VA,70,Life,Direct,2024-05-16,1243.59,1298.18,186538.0,True,3,in_force,0
PH0104034,POL0504034,Anthony,Davis,anthony.davis4034@example.com,CA,58,Umbrella,Agent,2021-09-17,2879.56,3335.88,172774.0,True,2,in_force,0
PH0104035,POL0504035,Jennifer,White,jennifer.white4035@example.com,NY,35,Life,Broker,2018-09-06,707.8,738.46,106170.0,True,1,in_force,0
PH0104036,POL0504036,John,Thompson,john.thompson4036@example.com,MI,36,Auto,Direct,2016-04-12,1342.67,1715.49,80560.0,False,3,in_force,0
PH0104037,POL0504037,Richard,White,richard.white4037@example.com,PA,49,Umbrella,Broker,2020-11-06,2416.27,2476.06,144976.0,True,2,in_force,0
PH0104038,POL0504038,Joseph,Miller,joseph.miller4038@example.com,GA,47,Auto,Direct,2023-06-26,3153.56,3554.56,189214.0,False,1,in_force,1
PH0104039,POL0504039,Thomas,Thomas,thomas.thomas4039@example.com,FL,74,Life,Agent,2021-12-14,3268.7,3347.58,490305.0,False,2,in_force,1
PH0104040,POL0504040,Linda,Lewis,linda.lewis4040@example.com,TX,73,Auto,Direct,2021-04-16,3084.32,3101.68,185059.0,True,1,in_force,0
PH0104041,POL0504041,Daniel,Anderson,daniel.anderson4041@example.com,NJ,55,Auto,Direct,2022-06-17,3709.87,3726.89,222592.0,False,1,in_force,0
PH0104042,POL0504042,Anthony,Lopez,anthony.lopez4042@example.com,CA,37,Auto,Agent,2020-08-30,3500.57,3578.01,210034.0,True,1,in_force,0
PH0104043,POL0504043,Richard,Wilson,richard.wilson4043@example.com,WA,62,Life,Broker,2016-04-29,2720.04,2812.19,408006.0,True,3,in_force,0
PH0104044,POL0504044,Nancy,Miller,nancy.miller4044@example.com,FL,37,Auto,Direct,2018-03-05,3145.23,3292.02,188714.0,False,3,in_force,0
PH0104045,POL0504045,Mary,Lewis,mary.lewis4045@example.com,WA,39,Auto,Agent,2018-04-24,3199.45,3344.51,191967.0,False,3,in_force,0
PH0104046,POL0504046,Karen,Williams,karen.williams4046@example.com,MI,40,Auto,Direct,2020-09-24,1038.7,1048.7,62322.0,True,2,in_force,1
PH0104047,POL0504047,Michael,Hernandez,michael.hernandez4047@example.com,WA,50,Home,Agent,2018-11-25,3100.36,4031.37,186022.0,True,3,in_force,1
PH0104048,POL0504048,Christopher,White,christopher.white4048@example.com,NY,77,Home,Agent,2017-10-12,3237.39,3262.73,194243.0,True,3,in_force,0
PH0104049,POL0504049,Christopher,Brown,christopher.brown4049@example.com,PA,72,Auto,Broker,2018-05-21,1128.42,1477.72,67705.0,True,2,in_force,0
PH0104050,POL0504050,Sandra,Ramirez,sandra.ramirez4050@example.com,NJ,62,Home,Direct,2021-10-11,1129.36,1270.54,67762.0,False,1,in_force,0
PH0104051,POL0504051,Matthew,White,matthew.white4051@example.com,NC,33,Home,Direct,2022-02-26,1713.9,1721.28,102834.0,True,2,in_force,1
PH0104052,POL0504052,Barbara,Jones,barbara.jones4052@example.com,CA,28,Life,Agent,2016-02-27,3006.1,3120.39,450915.0,False,2,in_force,1
PH0104053,POL0504053,Christopher,Wilson,christopher.wilson4053@example.com,GA,60,Auto,Agent,2021-08-24,2069.31,2147.59,124159.0,False,2,in_force,0
PH0104054,POL0504054,Linda,Perez,linda.perez4054@example.com,OH,75,Life,Broker,2019-07-19,2385.82,2449.47,357873.0,False,1,in_force,0
PH0104055,POL0504055,Robert,Williams,robert.williams4055@example.com,TX,42,Umbrella,Agent,2020-11-12,836.27,855.19,50176.0,False,1,in_force,0
PH0104056,POL0504056,Mary,Harris,mary.harris4056@example.com,MA,66,Auto,Broker,2020-10-20,3363.2,3479.43,201792.0,True,1,in_force,0
PH0104057,POL0504057,David,Williams,david.williams4057@example.com,MA,51,Home,Agent,2023-03-16,2345.45,2838.15,140727.0,True,2,in_force,0
PH0104058,POL0504058,Elizabeth,Garcia,elizabeth.garcia4058@example.com,PA,67,Auto,Direct,2019-12-06,1135.39,1168.76,68123.0,True,3,in_force,0
PH0104059,POL0504059,John,Moore,john.moore4059@example.com,NY,67,Home,Direct,2020-06-08,3334.22,3400.78,200053.0,False,3,in_force,1
PH0104060,POL0504060,Daniel,Thompson,daniel.thompson4060@example.com,CA,63,Umbrella,Broker,2016-11-30,3126.9,3248.77,187614.0,True,1,in_force,0
PH0104061,POL0504061,Betty,Thomas,betty.thomas4061@example.com,MI,30,Auto,Broker,2023-10-16,822.59,834.13,49355.0,True,3,in_force,0
PH0104062,POL0504062,Barbara,Johnson,barbara.johnson4062@example.com,VA,62,Umbrella,Broker,2016-01-09,3261.37,4140.43,195682.0,True,2,in_force,0
PH0104063,POL0504063,Charles,Moore,charles.moore4063@example.com,WA,48,Home,Agent,2022-05-07,2937.07,2960.56,176224.0,True,3,in_force,0
PH0104064,POL0504064,Michael,Gonzalez,michael.gonzalez4064@example.com,WA,62,Home,Direct,2021-08-23,1278.29,1302.72,76697.0,True,1,in_force,1
PH0104065,POL0504065,Jessica,Lewis,jessica.lewis4065@example.com,WA,46,Auto,Agent,2020-03-27,2051.46,2310.07,123088.0,True,2,in_force,0
PH0104066,POL0504066,Karen,Miller,karen.miller4066@example.com,OH,35,Home,Agent,2017-12-01,3336.08,3417.39,200165.0,True,1,in_force,0
PH0104067,POL0504067,Betty,Lee,betty.lee4067@example.com,GA,71,Home,Agent,2023-11-10,939.58,1228.27,56375.0,True,2,in_force,1
PH0104068,POL0504068,Jennifer,Jones,jennifer.jones4068@example.com,VA,45,Auto,Broker,2020-06-06,1569.11,1617.14,94147.0,False,2,in_force,1
PH0104069,POL0504069,Susan,Smith,susan.smith4069@example.com,NY,72,Home,Direct,2019-09-19,1977.85,2530.28,118671.0,True,1,in_force,0
PH0104070,POL0504070,John,Martinez,john.martinez4070@example.com,FL,57,Umbrella,Broker,2022-09-24,1357.54,1379.2,81452.0,True,2,in_force,1
PH0104071,POL0504071,William,Williams,william.williams4071@example.com,NY,62,Auto,Agent,2016-12-03,3704.4,3867.88,222264.0,True,1,in_force,0
PH0104072,POL0504072,Anthony,Perez,anthony.perez4072@example.com,WA,72,Auto,Agent,2019-03-27,3100.97,4152.88,186058.0,False,1,in_force,0
PH0104073,POL0504073,Margaret,Clark,margaret.clark4073@example.com,VA,48,Life,Direct,2019-07-05,3012.65,3065.63,451898.0,True,2,in_force,0
PH0104074,POL0504074,Linda,Moore,linda.moore4074@example.com,NC,70,Life,Agent,2024-04-01,3439.07,3441.43,515860.0,True,1,in_force,0
PH0104075,POL0504075,Christopher,Jackson,christopher.jackson4075@example.com,OH,42,Umbrella,Agent,2017-10-17,2015.18,2051.58,120911.0,True,1,in_force,0
PH0104076,POL0504076,Thomas,Davis,thomas.davis4076@example.com,AZ,32,Umbrella,Direct,2023-07-23,675.4,869.31,40524.0,True,3,in_force,0
PH0104077,POL0504077,Jennifer,Smith,jennifer.smith4077@example.com,PA,39,Home,Direct,2020-04-06,1768.05,1788.94,106083.0,True,2,in_force,0
PH0104078,POL0504078,Sarah,Brown,sarah.brown4078@example.com,MI,29,Auto,Broker,2024-08-20,1966.96,2599.76,118018.0,False,3,in_force,1
PH0104079,POL0504079,Robert,Davis,robert.davis4079@example.com,TX,44,Life,Direct,2022-06-05,958.39,975.52,143758.0,False,2,in_force,0
PH0104080,POL0504080,Robert,Davis,robert.davis4080@example.com,TX,53,Life,Agent,2017-10-06,2807.77,2899.94,421166.0,True,3,in_force,0
PH0104081,POL0504081,Susan,Thomas,susan.thomas4081@example.com,VA,36,Auto,Direct,2022-08-13,2852.56,2959.51,171154.0,True,1,in_force,0
PH0104082,POL0504082,Betty,Anderson,betty.anderson4082@example.com,MI,76,Auto,Broker,2021-08-03,1989.3,2085.52,119358.0,True,1,in_force,0
PH0104083,POL0504083,Barbara,Jones,barbara.jones4083@example.com,MA,62,Life,Direct,2016-10-08,1881.52,1910.5,282228.0,False,1,in_force,0
PH0104084,POL0504084,Richard,Clark,richard.clark4084@example.com,TX,45,Home,Broker,2023-01-04,3226.37,3386.46,193582.0,False,2,in_force,0
PH0104085,POL0504085,Linda,Sanchez,linda.sanchez4085@example.com,NC,67,Auto,Broker,2017-04-05,2646.88,2681.27,158813.0,True,2,in_force,0
PH0104086,POL0504086,Elizabeth,Clark,elizabeth.clark4086@example.com,GA,68,Life,Agent,2021-03-28,2759.53,2866.05,413930.0,True,1,in_force,0
PH0104087,POL0504087,Christopher,Moore,christopher.moore4087@example.com,NY,74,Home,Agent,2017-09-20,2141.57,2227.27,128494.0,False,3,in_force,0
PH0104088,POL0504088,James,Perez,james.perez4088@example.com,NJ,34,Auto,Direct,2021-01-31,1960.48,2003.67,117629.0,True,1,in_force,0
PH0104089,POL0504089,Richard,Anderson,richard.anderson4089@example.com,MA,64,Umbrella,Direct,2017-06-30,3058.39,3707.72,183503.0,True,3,in_force,1
PH0104090,POL0504090,Karen,Thomas,karen.thomas4090@example.com,IL,70,Life,Broker,2020-01-18,2549.12,2575.78,382368.0,False,3,in_force,0
PH0104091,POL0504091,Betty,Miller,betty.miller4091@example.com,TX,37,Life,Agent,2021-09-11,2785.05,2898.87,417758.0,True,3,in_force,1
PH0104092,POL0504092,Anthony,Robinson,anthony.robinson4092@example.com,VA,44,Life,Agent,2021-09-04,3169.27,3303.03,475390.0,False,2,in_force,1
PH0104093,POL0504093,John,Rodriguez,john.rodriguez4093@example.com,MA,54,Home,Direct,2022-04-01,2247.15,2295.41,134829.0,True,1,in_force,0
PH0104094,POL0504094,Matthew,Rodriguez,matthew.rodriguez4094@example.com,GA,65,Auto,Direct,2024-09-14,905.52,934.12,54331.0,False,3,in_force,1
PH0104095,POL0504095,Mary,Johnson,mary.johnson4095@example.com,IL,41,Auto,Agent,2018-02-19,1812.07,1848.26,108724.0,False,1,in_force,1
PH0104096,POL0504096,Matthew,Johnson,matthew.johnson4096@example.com,NY,37,Auto,Agent,2022-06-06,2172.83,2660.16,130370.0,True,3,in_force,0
PH0104097,POL0504097,Linda,Perez,linda.perez4097@example.com,MI,32,Auto,Broker,2017-12-20,3512.73,4424.84,210764.0,True,2,in_force,0
PH0104098,POL0504098,Patricia,Perez,patricia.perez4098@example.com,IL,75,Umbrella,Direct,2019-06-26,2781.97,2820.93,166918.0,False,3,in_force,0
PH0104099,POL0504099,James,Taylor,james.taylor4099@example.com,VA,65,Auto,Agent,2024-02-02,766.41,798.92,45985.0,False,1,in_force,1
PH0104100,POL0504100,Susan,Lopez,susan.lopez4100@example.com,MI,68,Home,Direct,2024-04-23,2670.3,2677.5,160218.0,True,3,in_force,0
PH0104101,POL0504101,Michael,Smith,michael.smith4101@example.com,PA,61,Auto,Agent,2017-11-17,1302.94,1338.35,78176.0,False,2,in_force,0
PH0104102,POL0504102,Elizabeth,Jackson,elizabeth.jackson4102@example.com,TX,60,Home,Direct,2022-03-22,2970.55,3039.45,178233.0,False,1,in_force,1
PH0104103,POL0504103,John,White,john.white4103@example.com,NC,42,Home,Direct,2019-06-10,935.48,1207.69,56129.0,True,3,in_force,1
PH0104104,POL0504104,Lisa,Taylor,lisa.taylor4104@example.com,NY,44,Auto,Direct,2019-05-26,3573.2,3744.99,214392.0,True,2,in_force,0
PH0104105,POL0504105,Karen,Smith,karen.smith4105@example.com,NJ,51,Home,Direct,2019-03-01,1410.72,1598.79,84643.0,True,3,in_force,0
PH0104106,POL0504106,Elizabeth,Moore,elizabeth.moore4106@example.com,TX,34,Auto,Agent,2023-05-22,3836.29,3917.26,230177.0,True,2,in_force,0
PH0104107,POL0504107,Mary,Taylor,mary.taylor4107@example.com,OH,62,Auto,Direct,2022-09-18,826.71,835.13,49603.0,False,1,in_force,1
PH0104108,POL0504108,Matthew,Wilson,matthew.wilson4108@example.com,WA,33,Home,Agent,2020-10-26,1386.64,1403.67,83198.0,False,2,in_force,0
PH0104109,POL0504109,Mark,Ramirez,mark.ramirez4109@example.com,WA,30,Umbrella,Direct,2021-09-13,3765.37,4462.11,225922.0,False,3,in_force,1
PH0104110,POL0504110,Sandra,Williams,sandra.williams4110@example.com,NC,53,Life,Agent,2018-02-28,1845.73,1925.3,276860.0,False,2,in_force,0
PH0104111,POL0504111,Lisa,Smith,lisa.smith4111@example.com,PA,57,Home,Direct,2020-08-04,1528.22,1539.62,91693.0,True,2,in_force,0
PH0104112,POL0504112,Susan,Thomas,susan.thomas4112@example.com,MI,53,Life,Agent,2021-07-16,2221.5,2284.3,333225.0,True,3,in_force,0
PH0104113,POL0504113,Michael,Robinson,michael.robinson4113@example.com,NC,66,Auto,Broker,2017-05-08,1156.82,1212.74,69409.0,True,1,in_force,0
PH0104114,POL0504114,Patricia,Harris,patricia.harris4114@example.com,GA,74,Home,Broker,2018-04-03,974.04,1012.37,58442.0,True,1,in_force,1
PH0104115,POL0504115,Anthony,Williams,anthony.williams4115@example.com,NC,66,Auto,Direct,2019-07-02,2623.0,2952.5,157380.0,False,3,in_force,1
PH0104116,POL0504116,William,Hernandez,william.hernandez4116@example.com,NJ,66,Home,Agent,2018-01-02,2879.43,2971.83,172766.0,False,1,in_force,0
PH0104117,POL0504117,Jessica,Clark,jessica.clark4117@example.com,NC,72,Auto,Broker,2017-05-20,1065.61,1097.67,63937.0,True,1,in_force,0
PH0104118,POL0504118,Patricia,Miller,patricia.miller4118@example.com,IL,31,Umbrella,Agent,2021-08-29,1151.22,1196.28,69073.0,True,2,in_force,1
PH0104119,POL0504119,Christopher,Gonzalez,christopher.gonzalez4119@example.com,NJ,34,Home,Direct,2016-08-12,1875.47,1895.27,112528.0,False,1,in_force,0
PH0104120,POL0504120,Thomas,Williams,thomas.williams4120@example.com,NJ,28,Auto,Direct,2017-12-29,2723.04,3229.58,163382.0,False,1,in_force,1
PH0104121,POL0504121,Mary,Anderson,mary.anderson4121@example.com,NJ,49,Umbrella,Agent,2019-04-27,884.25,892.67,53055.0,True,1,in_force,1
PH0104122,POL0504122,John,Brown,john.brown4122@example.com,MI,28,Auto,Direct,2017-07-30,3294.12,3307.25,197647.0,False,3,in_force,0
PH0104123,POL0504123,Patricia,Gonzalez,patricia.gonzalez4123@example.com,VA,72,Auto,Broker,2023-01-14,1359.51,1391.31,81571.0,False,3,in_force,0
PH0104124,POL0504124,Susan,Sanchez,susan.sanchez4124@example.com,NY,56,Home,Agent,2021-03-21,1923.97,1962.1,115438.0,False,2,in_force,1
PH0104125,POL0504125,Anthony,Jackson,anthony.jackson4125@example.com,MA,67,Umbrella,Agent,2023-10-26,1706.26,2120.43,102376.0,True,3,in_force,1
PH0104126,POL0504126,Karen,Robinson,karen.robinson4126@example.com,TX,66,Auto,Direct,2024-07-26,3048.91,3176.47,182935.0,True,1,in_force,0
PH0104127,POL0504127,Karen,Harris,karen.harris4127@example.com,OH,58,Umbrella,Direct,2017-04-11,957.75,994.27,57465.0,True,3,in_force,0
PH0104128,POL0504128,Sandra,Garcia,sandra.garcia4128@example.com,GA,29,Life,Broker,2024-03-01,3291.88,3368.85,493782.0,False,3,in_force,1
PH0104129,POL0504129,Betty,Johnson,betty.johnson4129@example.com,GA,29,Home,Direct,2016-01-17,1205.3,1542.89,72318.0,True,3,in_force,0
PH0104130,POL0504130,Nancy,Martinez,nancy.martinez4130@example.com,GA,66,Auto,Agent,2021-09-05,3293.15,3817.93,197589.0,True,2,in_force,0
PH0104131,POL0504131,Barbara,Brown,barbara.brown4131@example.com,WA,69,Auto,Broker,2016-05-08,2823.98,2964.92,169439.0,False,2,in_force,0
PH0104132,POL0504132,William,Garcia,william.garcia4132@example.com,CA,42,Life,Agent,2021-09-25,2473.04,2949.27,370956.0,False,2,in_force,0
PH0104133,POL0504133,David,Harris,david.harris4133@example.com,WA,46,Auto,Direct,2016-08-20,2421.2,2534.12,145272.0,True,2,in_force,0
PH0104134,POL0504134,William,Anderson,william.anderson4134@example.com,WA,61,Home,Direct,2024-03-25,1743.83,1757.26,104630.0,True,3,in_force,1
PH0104135,POL0504135,Michael,White,michael.white4135@example.com,VA,52,Home,Agent,2022-07-23,1713.64,1748.68,102818.0,False,2,in_force,0
PH0104136,POL0504136,Susan,Jones,susan.jones4136@example.com,FL,28,Auto,Broker,2018-03-05,2374.67,2473.1,142480.0,True,3,in_force,0
PH0104137,POL0504137,Nancy,Sanchez,nancy.sanchez4137@example.com,WA,48,Auto,Direct,2021-02-23,2356.71,2423.6,141403.0,True,1,in_force,0
PH0104138,POL0504138,David,Ramirez,david.ramirez4138@example.com,AZ,67,Home,Broker,2019-04-24,2764.91,2824.38,165895.0,True,2,in_force,0
PH0104139,POL0504139,Sarah,Robinson,sarah.robinson4139@example.com,IL,28,Auto,Agent,2024-03-12,3160.0,3217.33,189600.0,True,2,in_force,1
PH0104140,POL0504140,John,Miller,john.miller4140@example.com,IL,39,Auto,Direct,2022-03-01,2631.96,2686.91,157918.0,True,2,in_force,1
PH0104141,POL0504141,Barbara,Gonzalez,barbara.gonzalez4141@example.com,NJ,29,Home,Direct,2019-12-09,2360.12,2438.65,141607.0,True,1,in_force,0
PH0104142,POL0504142,Betty,Wilson,betty.wilson4142@example.com,MA,42,Umbrella,Agent,2023-12-19,2298.21,2365.82,137893.0,False,1,in_force,1
PH0104143,POL0504143,Daniel,Gonzalez,daniel.gonzalez4143@example.com,NY,30,Home,Broker,2020-08-30,2106.06,2194.15,126364.0,True,3,in_force,0
PH0104144,POL0504144,David,Ramirez,david.ramirez4144@example.com,OH,66,Life,Broker,2019-04-08,3383.98,4031.35,507597.0,False,1,in_force,1
PH0104145,POL0504145,Nancy,Brown,nancy.brown4145@example.com,OH,33,Home,Broker,2023-11-07,1981.09,2275.43,118865.0,True,2,in_force,0
PH0104146,POL0504146,Christopher,Harris,christopher.harris4146@example.com,PA,30,Home,Direct,2019-07-26,3360.68,3477.17,201641.0,False,2,in_force,0
PH0104147,POL0504147,Elizabeth,Brown,elizabeth.brown4147@example.com,NY,69,Umbrella,Agent,2016-01-07,1571.45,1587.47,94287.0,False,2,in_force,1
PH0104148,POL0504148,Sarah,Martinez,sarah.martinez4148@example.com,NC,42,Auto,Agent,2016-06-08,1278.28,1472.75,76697.0,True,2,in_force,0
PH0104149,POL0504149,James,Davis,james.davis4149@example.com,FL,44,Auto,Agent,2018-10-21,1385.01,1397.44,83101.0,False,3,in_force,0
PH0104150,POL0504150,David,Jones,david.jones4150@example.com,OH,65,Auto,Agent,2024-06-19,698.98,878.74,41939.0,True,2,in_force,1
PH0104151,POL0504151,Mary,Lopez,mary.lopez4151@example.com,NJ,71,Auto,Direct,2017-07-04,1358.89,1383.71,81533.0,False,3,in_force,0
PH0104152,POL0504152,Richard,Davis,richard.davis4152@example.com,CA,76,Home,Agent,2023-10-28,2229.71,2257.88,133783.0,True,1,in_force,0
PH0104153,POL0504153,Sandra,Lee,sandra.lee4153@example.com,NJ,77,Home,Agent,2020-04-03,2277.67,2376.12,136660.0,True,2,in_force,0
PH0104154,POL0504154,Sarah,Harris,sarah.harris4154@example.com,NY,56,Auto,Agent,2016-10-12,2548.89,2596.75,152933.0,True,3,in_force,0
PH0104155,POL0504155,Elizabeth,Martinez,elizabeth.martinez4155@example.com,FL,67,Auto,Direct,2018-08-15,1487.69,1562.0,89261.0,True,2,in_force,1
PH0104156,POL0504156,Betty,Thomas,betty.thomas4156@example.com,IL,46,Auto,Broker,2016-02-16,3489.32,4145.31,209359.0,True,1,in_force,0
PH0104157,POL0504157,Charles,Brown,charles.brown4157@example.com,GA,35,Life,Agent,2021-07-24,2670.84,2750.39,400626.0,True,3,in_force,0
PH0104158,POL0504158,Barbara,Jones,barbara.jones4158@example.com,NC,67,Auto,Agent,2016-12-06,2705.24,2808.54,162314.0,True,1,in_force,0
PH0104159,POL0504159,Thomas,Moore,thomas.moore4159@example.com,NC,51,Auto,Agent,2017-05-05,1934.39,2208.79,116063.0,True,3,in_force,0
PH0104160,POL0504160,James,Ramirez,james.ramirez4160@example.com,GA,34,Umbrella,Direct,2018-10-31,894.05,934.89,53643.0,True,1,in_force,0
PH0104161,POL0504161,Lisa,Ramirez,lisa.ramirez4161@example.com,PA,37,Auto,Agent,2023-08-20,3584.99,3747.67,215099.0,True,3,in_force,1
PH0104162,POL0504162,Christopher,Thomas,christopher.thomas4162@example.com,IL,57,Auto,Direct,2018-02-19,2503.81,2617.84,150229.0,False,1,in_force,1
PH0104163,POL0504163,Robert,Gonzalez,robert.gonzalez4163@example.com,VA,30,Auto,Direct,2017-02-08,1803.48,2164.02,108209.0,False,2,in_force,0
PH0104164,POL0504164,Thomas,Robinson,thomas.robinson4164@example.com,IL,41,Auto,Direct,2017-03-31,1263.35,1304.85,75801.0,True,3,in_force,0
PH0104165,POL0504165,Michael,Wilson,michael.wilson4165@example.com,NJ,39,Umbrella,Agent,2021-01-27,3053.5,4043.94,183210.0,True,2,in_force,1
PH0104166,POL0504166,Sandra,Thompson,sandra.thompson4166@example.com,PA,67,Home,Agent,2020-07-05,3430.72,4157.41,205843.0,True,3,in_force,0
PH0104167,POL0504167,Susan,Harris,susan.harris4167@example.com,MI,37,Home,Broker,2018-01-18,1604.09,1821.36,96245.0,False,1,in_force,0
PH0104168,POL0504168,Lisa,Martin,lisa.martin4168@example.com,VA,53,Life,Broker,2018-02-14,2041.1,2074.89,306165.0,True,3,in_force,0
PH0104169,POL0504169,Mark,Johnson,mark.johnson4169@example.com,TX,63,Life,Direct,2016-06-04,829.73,852.93,124460.0,False,2,in_force,0
PH0104170,POL0504170,Joseph,Lee,joseph.lee4170@example.com,FL,34,Home,Broker,2019-03-12,3531.09,3534.03,211865.0,False,3,in_force,1
PH0104171,POL0504171,Anthony,Hernandez,anthony.hernandez4171@example.com,WA,73,Auto,Agent,2018-04-29,2200.66,2916.39,132040.0,True,3,in_force,1
PH0104172,POL0504172,Sarah,Wilson,sarah.wilson4172@example.com,VA,56,Umbrella,Agent,2019-01-19,1469.6,1473.98,88176.0,True,3,in_force,0
PH0104173,POL0504173,Sandra,Taylor,sandra.taylor4173@example.com,MI,49,Home,Agent,2017-01-07,3180.55,3231.82,190833.0,False,1,in_force,0
PH0104174,POL0504174,Nancy,Johnson,nancy.johnson4174@example.com,NJ,38,Home,Agent,2018-05-08,949.09,980.84,56945.0,False,1,in_force,1
PH0104175,POL0504175,Elizabeth,Jackson,elizabeth.jackson4175@example.com,IL,73,Life,Broker,2018-02-20,1943.21,2278.14,291482.0,False,3,in_force,0
PH0104176,POL0504176,Thomas,Martin,thomas.martin4176@example.com,CA,37,Auto,Direct,2024-08-17,3506.27,3542.14,210376.0,False,2,in_force,1
PH0104177,POL0504177,Richard,Robinson,richard.robinson4177@example.com,FL,29,Umbrella,Broker,2018-10-04,1565.89,1568.46,93953.0,False,3,in_force,0
PH0104178,POL0504178,Mary,Davis,mary.davis4178@example.com,MI,73,Home,Direct,2023-01-20,799.58,810.33,47975.0,False,3,in_force,1
PH0104179,POL0504179,Joseph,Lee,joseph.lee4179@example.com,NY,62,Home,Direct,2022-07-22,2832.74,3604.59,169964.0,True,2,in_force,0
PH0104180,POL0504180,Mark,Harris,mark.harris4180@example.com,WA,42,Home,Broker,2018-08-18,1978.81,2049.36,118729.0,True,2,in_force,0
PH0104181,POL0504181,Jessica,Moore,jessica.moore4181@example.com,NY,33,Auto,Agent,2023-04-12,1683.06,1974.71,100984.0,False,3,in_force,1
PH0104182,POL0504182,Nancy,Hernandez,nancy.hernandez4182@example.com,PA,47,Auto,Direct,2019-10-19,2529.78,3381.01,151787.0,True,2,in_force,1
PH0104183,POL0504183,Mary,Robinson,mary.robinson4183@example.com,TX,73,Auto,Agent,2019-12-05,957.11,974.52,57427.0,True,1,in_force,0
PH0104184,POL0504184,Jennifer,Anderson,jennifer.anderson4184@example.com,WA,32,Umbrella,Broker,2022-10-10,3112.35,3212.57,186741.0,True,1,in_force,0
PH0104185,POL0504185,Jennifer,Thomas,jennifer.thomas4185@example.com,NC,53,Life,Agent,2019-01-13,1382.01,1445.95,207302.0,False,2,in_force,0
PH0104186,POL0504186,Mark,Johnson,mark.johnson4186@example.com,FL,55,Auto,Agent,2019-02-26,2121.18,2209.68,127271.0,True,1,in_force,0
PH0104187,POL0504187,Mark,Rodriguez,mark.rodriguez4187@example.com,NC,60,Home,Agent,2021-09-18,2633.24,3414.71,157994.0,True,1,in_force,0
PH0104188,POL0504188,John,Jackson,john.jackson4188@example.com,VA,66,Auto,Agent,2017-12-23,2936.44,3725.0,176186.0,False,2,in_force,0
PH0104189,POL0504189,Richard,Robinson,richard.robinson4189@example.com,NY,32,Home,Agent,2016-06-22,952.3,962.41,57138.0,False,3,in_force,0
PH0104190,POL0504190,Karen,Sanchez,karen.sanchez4190@example.com,IL,42,Umbrella,Broker,2023-09-25,1492.2,1693.52,89532.0,True,2,in_force,0
PH0104191,POL0504191,Susan,Wilson,susan.wilson4191@example.com,AZ,67,Life,Agent,2021-03-26,3600.74,3686.85,540111.0,True,2,in_force,0
PH0104192,POL0504192,Richard,Robinson,richard.robinson4192@example.com,NJ,28,Auto,Agent,2020-08-08,957.77,990.25,57466.0,True,1,in_force,0
PH0104193,POL0504193,Jennifer,Smith,jennifer.smith4193@example.com,CA,55,Life,Broker,2023-09-07,2889.11,3000.77,433366.0,False,2,in_force,0
PH0104194,POL0504194,Joseph,Lee,joseph.lee4194@example.com,MI,72,Life,Agent,2018-06-11,1513.83,1522.73,227074.0,False,3,in_force,0
PH0104195,POL0504195,Matthew,Moore,matthew.moore4195@example.com,MI,70,Auto,Direct,2023-08-04,718.31,736.69,43099.0,False,1,in_force,0
PH0104196,POL0504196,Charles,Lewis,charles.lewis4196@example.com,IL,34,Auto,Direct,2017-10-06,3709.19,3834.43,222551.0,True,3,in_force,0
PH0104197,POL0504197,Daniel,Clark,daniel.clark4197@example.com,MA,35,Home,Agent,2022-06-13,1549.33,1604.49,92960.0,False,3,in_force,0
PH0104198,POL0504198,Jennifer,Taylor,jennifer.taylor4198@example.com,TX,32,Umbrella,Broker,2020-05-23,1719.77,1803.01,103186.0,True,1,in_force,0
PH0104199,POL0504199,Susan,Brown,susan.brown4199@example.com,OH,34,Auto,Broker,2021-12-02,1887.6,1962.71,113256.0,False,2,in_force,0
PH0104200,POL0504200,Charles,Ramirez,charles.ramirez4200@example.com,GA,48,Umbrella,Broker,2020-02-14,1332.69,1333.82,79961.0,False,1,in_force,0
PH0104201,POL0504201,Jessica,Gonzalez,jessica.gonzalez4201@example.com,NY,69,Auto,Agent,2022-08-14,2779.81,2794.45,166789.0,False,3,in_force,0
PH0104202,POL0504202,James,Sanchez,james.sanchez4202@example.com,FL,67,Life,Direct,2024-03-05,2224.22,2585.13,333633.0,True,1,in_force,0
PH0104203,POL0504203,William,Williams,william.williams4203@example.com,PA,61,Life,Agent,2016-09-25,1574.32,1619.08,236148.0,False,1,in_force,0
PH0104204,POL0504204,Sandra,Williams,sandra.williams4204@example.com,MA,39,Auto,Agent,2020-01-15,3244.09,3278.22,194645.0,False,2,in_force,0
PH0104205,POL0504205,David,Anderson,david.anderson4205@example.com,MI,34,Life,Agent,2021-08-13,3685.89,4717.52,552884.0,False,3,in_force,1
PH0104206,POL0504206,Sarah,Rodriguez,sarah.rodriguez4206@example.com,PA,46,Auto,Agent,2019-01-06,3778.84,4934.24,226730.0,False,1,in_force,0
PH0104207,POL0504207,Margaret,White,margaret.white4207@example.com,MA,51,Umbrella,Agent,2021-12-06,867.68,900.3,52061.0,False,2,in_force,0
PH0104208,POL0504208,Sarah,Brown,sarah.brown4208@example.com,CA,52,Home,Direct,2019-05-25,1660.51,1669.12,99631.0,False,2,in_force,0
PH0104209,POL0504209,Jessica,Hernandez,jessica.hernandez4209@example.com,NJ,57,Umbrella,Direct,2016-10-25,2719.93,2850.09,163196.0,True,3,in_force,1
PH0104210,POL0504210,Charles,Miller,charles.miller4210@example.com,IL,34,Auto,Agent,2021-02-27,1223.74,1238.76,73424.0,True,1,in_force,0
PH0104211,POL0504211,Michael,Lopez,michael.lopez4211@example.com,NC,70,Home,Agent,2016-05-21,3773.57,3958.93,226414.0,True,2,in_force,0
PH0104212,POL0504212,Karen,Taylor,karen.taylor4212@example.com,PA,33,Umbrella,Agent,2019-08-14,2475.55,2526.25,148533.0,True,1,in_force,0
PH0104213,POL0504213,Karen,Williams,karen.williams4213@example.com,GA,43,Umbrella,Agent,2017-04-11,3796.83,3908.71,227810.0,False,1,in_force,0
PH0104214,POL0504214,Nancy,Miller,nancy.miller4214@example.com,IL,75,Life,Agent,2022-07-24,3168.91,3179.36,475336.0,True,2,in_force,0
PH0104215,POL0504215,Richard,Garcia,richard.garcia4215@example.com,PA,30,Life,Broker,2022-01-03,3530.94,3571.43,529641.0,True,2,in_force,0
PH0104216,POL0504216,Sandra,Thompson,sandra.thompson4216@example.com,PA,43,Auto,Agent,2017-03-14,2277.14,2294.32,136628.0,True,1,in_force,0
PH0104217,POL0504217,Betty,Martin,betty.martin4217@example.com,TX,39,Life,Broker,2022-07-02,2926.55,2966.54,438982.0,True,2,in_force,0
PH0104218,POL0504218,Patricia,Moore,patricia.moore4218@example.com,NC,49,Auto,Broker,2020-10-12,2959.09,3048.03,177545.0,False,1,in_force,0
PH0104219,POL0504219,Sarah,Moore,sarah.moore4219@example.com,FL,71,Auto,Broker,2022-10-14,1016.1,1042.56,60966.0,True,1,in_force,0
PH0104220,POL0504220,James,Gonzalez,james.gonzalez4220@example.com,PA,51,Home,Direct,2017-05-19,2419.6,2453.74,145176.0,True,1,in_force,0
PH0104221,POL0504221,Jessica,Lewis,jessica.lewis4221@example.com,MA,28,Home,Direct,2018-06-10,691.64,707.31,41498.0,True,2,in_force,0
PH0104222,POL0504222,William,Brown,william.brown4222@example.com,NY,45,Life,Agent,2022-10-12,2233.23,2247.92,334984.0,True,2,in_force,0
PH0104223,POL0504223,Margaret,Smith,margaret.smith4223@example.com,MI,31,Umbrella,Broker,2019-11-23,1751.51,1787.91,105091.0,True,3,in_force,1
PH0104224,POL0504224,Mark,Thomas,mark.thomas4224@example.com,GA,28,Home,Broker,2017-05-20,838.87,869.4,50332.0,True,3,in_force,0
PH0104225,POL0504225,Nancy,Jones,nancy.jones4225@example.com,WA,43,Auto,Broker,2017-04-05,988.65,1036.09,59319.0,True,2,in_force,1
PH0104226,POL0504226,Daniel,Rodriguez,daniel.rodriguez4226@example.com,VA,54,Umbrella,Agent,2019-01-16,3232.05,3385.18,193923.0,False,1,in_force,0
PH0104227,POL0504227,Michael,Davis,michael.davis4227@example.com,CA,67,Umbrella,Direct,2017-03-25,2867.71,3003.05,172063.0,True,3,in_force,0
PH0104228,POL0504228,Michael,Sanchez,michael.sanchez4228@example.com,MI,28,Auto,Direct,2021-04-30,1956.99,1965.94,117419.0,True,3,in_force,0
PH0104229,POL0504229,Daniel,Clark,daniel.clark4229@example.com,IL,48,Home,Direct,2019-03-27,905.97,942.13,54358.0,False,2,in_force,1
PH0104230,POL0504230,Betty,Garcia,betty.garcia4230@example.com,IL,60,Home,Broker,2020-03-23,1269.13,1625.32,76148.0,True,3,in_force,0
PH0104231,POL0504231,Sarah,Lee,sarah.lee4231@example.com,MA,31,Umbrella,Agent,2018-07-21,3607.75,3646.46,216465.0,True,2,in_force,1
PH0104232,POL0504232,Susan,Anderson,susan.anderson4232@example.com,VA,65,Auto,Broker,2016-08-28,3684.25,3695.99,221055.0,True,2,in_force,0
PH0104233,POL0504233,Karen,Robinson,karen.robinson4233@example.com,NY,34,Auto,Agent,2017-04-13,999.13,1000.07,59948.0,False,2,in_force,0
PH0104234,POL0504234,Patricia,Thomas,patricia.thomas4234@example.com,WA,77,Home,Direct,2019-05-27,779.03,794.15,46742.0,True,1,in_force,0
PH0104235,POL0504235,David,Johnson,david.johnson4235@example.com,NC,29,Life,Agent,2022-08-20,1087.93,1088.6,163190.0,True,2,in_force,0
PH0104236,POL0504236,Jessica,Anderson,jessica.anderson4236@example.com,OH,45,Home,Broker,2020-07-12,2184.38,2199.28,131063.0,False,2,in_force,0
PH0104237,POL0504237,Christopher,Sanchez,christopher.sanchez4237@example.com,GA,56,Home,Agent,2020-05-21,3750.58,3762.6,225035.0,False,1,in_force,0
PH0104238,POL0504238,Linda,Ramirez,linda.ramirez4238@example.com,TX,63,Life,Agent,2016-02-07,2802.34,2823.76,420351.0,True,3,in_force,0
PH0104239,POL0504239,Jessica,Lee,jessica.lee4239@example.com,GA,47,Home,Agent,2019-06-17,2728.49,2816.72,163709.0,True,1,in_force,0
PH0104240,POL0504240,Elizabeth,Moore,elizabeth.moore4240@example.com,PA,56,Life,Direct,2024-05-18,802.95,813.47,120442.0,True,3,in_force,0
PH0104241,POL0504241,Susan,Gonzalez,susan.gonzalez4241@example.com,VA,63,Home,Direct,2016-05-29,2101.05,2119.62,126063.0,True,1,in_force,0
PH0104242,POL0504242,John,Gonzalez,john.gonzalez4242@example.com,WA,63,Umbrella,Broker,2019-03-08,3596.1,3651.83,215766.0,True,1,in_force,0
PH0104243,POL0504243,Christopher,Hernandez,christopher.hernandez4243@example.com,NC,65,Auto,Agent,2021-08-07,2559.76,2602.37,153586.0,True,2,in_force,1
PH0104244,POL0504244,Daniel,White,daniel.white4244@example.com,AZ,70,Auto,Agent,2022-07-19,1357.77,1635.26,81466.0,False,2,in_force,1
PH0104245,POL0504245,Jennifer,Jones,jennifer.jones4245@example.com,TX,62,Auto,Direct,2019-12-09,1360.73,1414.59,81644.0,True,2,in_force,0
PH0104246,POL0504246,Jennifer,Jackson,jennifer.jackson4246@example.com,TX,58,Umbrella,Direct,2022-10-15,2503.76,2609.93,150226.0,True,1,in_force,1
PH0104247,POL0504247,David,Thompson,david.thompson4247@example.com,IL,68,Auto,Direct,2023-08-01,3516.05,3564.5,210963.0,True,1,in_force,0
PH0104248,POL0504248,Barbara,Ramirez,barbara.ramirez4248@example.com,NC,45,Auto,Agent,2021-02-28,1627.4,1826.4,97644.0,True,1,in_force,0
PH0104249,POL0504249,Betty,Thomas,betty.thomas4249@example.com,VA,48,Home,Agent,2024-08-10,1951.92,2020.3,117115.0,True,1,in_force,0
PH0104250,POL0504250,Margaret,White,margaret.white4250@example.com,GA,69,Auto,Agent,2016-04-27,3258.0,3314.59,195480.0,True,3,in_force,0
PH0104251,POL0504251,Linda,Lewis,linda.lewis4251@example.com,NY,36,Home,Agent,2023-11-18,3487.76,3635.12,209266.0,False,2,in_force,1
PH0104252,POL0504252,Sandra,Jackson,sandra.jackson4252@example.com,VA,76,Auto,Direct,2018-12-01,2924.41,2930.46,175465.0,False,3,in_force,0
PH0104253,POL0504253,John,Garcia,john.garcia4253@example.com,NJ,54,Home,Broker,2017-02-20,3202.36,3233.12,192142.0,True,2,in_force,0
PH0104254,POL0504254,John,Jackson,john.jackson4254@example.com,WA,68,Auto,Agent,2020-07-30,2462.67,2483.21,147760.0,False,2,in_force,1
PH0104255,POL0504255,Margaret,Lee,margaret.lee4255@example.com,PA,77,Auto,Agent,2023-09-29,2502.26,2562.05,150136.0,False,1,in_force,1
PH0104256,POL0504256,Elizabeth,Ramirez,elizabeth.ramirez4256@example.com,WA,54,Umbrella,Broker,2024-05-15,1544.97,1585.9,92698.0,True,1,in_force,0
PH0104257,POL0504257,Jennifer,Lee,jennifer.lee4257@example.com,OH,32,Auto,Direct,2023-08-06,1011.74,1159.95,60704.0,False,1,in_force,0
PH0104258,POL0504258,Charles,Sanchez,charles.sanchez4258@example.com,NC,65,Umbrella,Agent,2023-05-22,2234.99,2274.72,134099.0,False,3,in_force,1
PH0104259,POL0504259,Elizabeth,Robinson,elizabeth.robinson4259@example.com,NJ,60,Auto,Broker,2022-01-15,1757.93,1827.47,105476.0,True,3,in_force,1
PH0104260,POL0504260,Anthony,Smith,anthony.smith4260@example.com,AZ,46,Umbrella,Direct,2022-09-17,1380.95,1402.65,82857.0,True,1,in_force,1
PH0104261,POL0504261,Matthew,Sanchez,matthew.sanchez4261@example.com,VA,46,Auto,Agent,2016-12-26,1121.45,1176.33,67287.0,True,3,in_force,0
PH0104262,POL0504262,Sandra,Sanchez,sandra.sanchez4262@example.com,PA,52,Life,Agent,2016-02-21,2979.16,3044.96,446874.0,False,3,in_force,0
PH0104263,POL0504263,William,Harris,william.harris4263@example.com,VA,59,Life,Direct,2020-11-02,909.94,934.86,136491.0,False,3,in_force,0
PH0104264,POL0504264,Christopher,Williams,christopher.williams4264@example.com,NJ,59,Auto,Direct,2016-11-08,3126.17,3913.54,187570.0,False,1,in_force,0
PH0104265,POL0504265,Jessica,White,jessica.white4265@example.com,MA,41,Home,Agent,2019-08-23,768.12,802.79,46087.0,True,3,in_force,0
PH0104266,POL0504266,Mary,Clark,mary.clark4266@example.com,MA,30,Umbrella,Direct,2021-06-27,3060.51,4017.49,183631.0,False,3,in_force,0
PH0104267,POL0504267,David,Lopez,david.lopez4267@example.com,FL,29,Auto,Broker,2019-11-17,963.62,996.09,57817.0,False,1,in_force,1
PH0104268,POL0504268,Karen,Thompson,karen.thompson4268@example.com,IL,46,Auto,Broker,2021-08-08,2337.05,2431.95,140223.0,False,1,in_force,0
PH0104269,POL0504269,James,Lewis,james.lewis4269@example.com,MI,61,Umbrella,Agent,2021-05-14,833.86,1055.36,50032.0,True,1,in_force,1
PH0104270,POL0504270,Anthony,Brown,anthony.brown4270@example.com,NJ,73,Auto,Broker,2023-12-20,1963.2,1979.31,117792.0,True,3,in_force,0
PH0104271,POL0504271,Barbara,Martinez,barbara.martinez4271@example.com,NY,42,Home,Agent,2019-03-11,1657.27,1678.13,99436.0,False,1,in_force,0
PH0104272,POL0504272,Margaret,Harris,margaret.harris4272@example.com,NY,71,Life,Direct,2021-05-18,3682.36,3771.15,552354.0,False,3,in_force,0
PH0104273,POL0504273,Susan,Moore,susan.moore4273@example.com,AZ,48,Umbrella,Direct,2018-09-24,1596.42,1627.49,95785.0,True,3,in_force,0
PH0104274,POL0504274,John,Martinez,john.martinez4274@example.com,GA,53,Auto,Direct,2024-06-30,1892.01,1916.18,113521.0,False,3,in_force,0
PH0104275,POL0504275,Robert,Rodriguez,robert.rodriguez4275@example.com,NJ,55,Home,Direct,2018-10-28,770.61,771.23,46237.0,True,2,in_force,1
PH0104276,POL0504276,John,Smith,john.smith4276@example.com,OH,74,Auto,Direct,2024-08-06,2370.78,2482.59,142247.0,True,1,in_force,0
PH0104277,POL0504277,Michael,Brown,michael.brown4277@example.com,GA,40,Auto,Agent,2020-07-07,1328.79,1361.52,79727.0,False,3,in_force,1
PH0104278,POL0504278,Mark,Perez,mark.perez4278@example.com,MI,73,Home,Agent,2021-04-07,1586.98,1603.34,95219.0,True,3,in_force,0
PH0104279,POL0504279,Charles,Williams,charles.williams4279@example.com,VA,45,Home,Agent,2020-05-26,1708.41,1741.63,102505.0,True,1,in_force,0
PH0104280,POL0504280,Linda,Anderson,linda.anderson4280@example.com,PA,64,Life,Broker,2019-09-22,1928.25,2282.29,289238.0,True,3,in_force,0
PH0104281,POL0504281,Joseph,Lee,joseph.lee4281@example.com,TX,76,Home,Direct,2016-02-29,972.14,1009.73,58328.0,False,1,in_force,0
PH0104282,POL0504282,Lisa,Wilson,lisa.wilson4282@example.com,MI,64,Life,Direct,2017-08-03,732.71,753.6,109906.0,True,1,in_force,0
PH0104283,POL0504283,Christopher,Brown,christopher.brown4283@example.com,NY,76,Home,Direct,2024-03-21,3636.35,3771.01,218181.0,True,2,in_force,0
PH0104284,POL0504284,Charles,Jones,charles.jones4284@example.com,GA,29,Home,Agent,2024-06-01,3224.96,3328.63,193498.0,True,1,in_force,1
PH0104285,POL0504285,Robert,Sanchez,robert.sanchez4285@example.com,VA,61,Home,Agent,2022-03-15,1535.34,1572.36,92120.0,True,1,in_force,0
PH0104286,POL0504286,Charles,Williams,charles.williams4286@example.com,TX,64,Life,Broker,2016-08-28,2322.54,2348.43,348381.0,False,1,in_force,1
PH0104287,POL0504287,Robert,Thomas,robert.thomas4287@example.com,PA,66,Auto,Broker,2017-09-09,1038.25,1083.71,62295.0,False,2,in_force,0
PH0104288,POL0504288,Mary,Ramirez,mary.ramirez4288@example.com,VA,45,Auto,Broker,2019-01-02,1934.77,2024.75,116086.0,False,3,in_force,0
PH0104289,POL0504289,Richard,Anderson,richard.anderson4289@example.com,AZ,52,Auto,Direct,2021-09-14,3107.22,3122.87,186433.0,True,2,in_force,0
PH0104290,POL0504290,Mark,Anderson,mark.anderson4290@example.com,FL,34,Auto,Agent,2016-07-03,2534.49,3219.01,152069.0,True,1,in_force,0
PH0104291,POL0504291,Karen,Martinez,karen.martinez4291@example.com,VA,54,Auto,Direct,2019-04-24,921.72,926.9,55303.0,False,1,in_force,0
PH0104292,POL0504292,Robert,White,robert.white4292@example.com,WA,48,Home,Broker,2019-05-21,2875.81,2996.02,172549.0,False,2,in_force,0
PH0104293,POL0504293,Robert,Martinez,robert.martinez4293@example.com,GA,63,Home,Agent,2019-12-17,3632.97,4604.3,217978.0,True,2,in_force,0
PH0104294,POL0504294,James,Rodriguez,james.rodriguez4294@example.com,FL,52,Umbrella,Broker,2019-01-25,3404.79,3491.37,204287.0,True,2,in_force,0
PH0104295,POL0504295,Sandra,White,sandra.white4295@example.com,MA,71,Umbrella,Direct,2024-07-22,1928.05,1948.44,115683.0,True,2,in_force,0
PH0104296,POL0504296,Susan,Davis,susan.davis4296@example.com,CA,47,Auto,Broker,2018-11-02,3336.13,3493.77,200168.0,True,2,in_force,0
PH0104297,POL0504297,Christopher,White,christopher.white4297@example.com,NJ,34,Umbrella,Agent,2016-05-13,1855.26,2366.6,111316.0,False,1,in_force,1
PH0104298,POL0504298,Charles,Lee,charles.lee4298@example.com,AZ,35,Home,Direct,2016-01-06,2210.66,2314.55,132640.0,True,2,in_force,0
PH0104299,POL0504299,Michael,Williams,michael.williams4299@example.com,IL,67,Life,Agent,2020-09-21,1136.8,1406.46,170520.0,True,1,in_force,0
PH0104300,POL0504300,Jennifer,Lee,jennifer.lee4300@example.com,GA,58,Umbrella,Agent,2020-08-20,1118.83,1161.01,67130.0,False,2,in_force,1
PH0104301,POL0504301,David,Lopez,david.lopez4301@example.com,VA,32,Home,Direct,2016-12-12,3274.54,3283.17,196472.0,False,2,in_force,0
PH0104302,POL0504302,Robert,Thomas,robert.thomas4302@example.com,FL,43,Auto,Agent,2024-02-13,2851.82,3323.28,171109.0,False,2,in_force,0
PH0104303,POL0504303,William,Smith,william.smith4303@example.com,MA,63,Home,Agent,2018-05-28,2685.52,2742.48,161131.0,True,2,in_force,0
PH0104304,POL0504304,Linda,Martin,linda.martin4304@example.com,GA,74,Auto,Agent,2020-09-14,1099.78,1114.91,65987.0,False,2,in_force,1
PH0104305,POL0504305,Linda,Lee,linda.lee4305@example.com,TX,44,Umbrella,Agent,2023-07-01,1561.57,1624.89,93694.0,False,1,in_force,0
PH0104306,POL0504306,Barbara,Anderson,barbara.anderson4306@example.com,AZ,57,Auto,Agent,2022-07-06,3847.02,3849.23,230821.0,True,3,in_force,0
PH0104307,POL0504307,Linda,Sanchez,linda.sanchez4307@example.com,NJ,57,Home,Direct,2016-09-29,3182.14,3242.09,190928.0,True,2,in_force,0
PH0104308,POL0504308,Jessica,Wilson,jessica.wilson4308@example.com,GA,47,Umbrella,Direct,2024-06-15,2295.49,2312.72,137729.0,True,1,in_force,1
PH0104309,POL0504309,Sarah,Brown,sarah.brown4309@example.com,NY,67,Umbrella,Agent,2020-08-24,3619.78,3704.76,217187.0,True,2,in_force,1
PH0104310,POL0504310,Jennifer,Martinez,jennifer.martinez4310@example.com,MA,76,Auto,Broker,2017-01-30,810.22,840.46,48613.0,True,3,in_force,0
PH0104311,POL0504311,Anthony,Clark,anthony.clark4311@example.com,NY,50,Auto,Direct,2021-10-19,3251.51,3374.97,195091.0,True,1,in_force,0
PH0104312,POL0504312,Christopher,Sanchez,christopher.sanchez4312@example.com,GA,66,Auto,Direct,2023-10-20,1480.68,1523.21,88841.0,False,1,in_force,1
PH0104313,POL0504313,Mary,Taylor,mary.taylor4313@example.com,WA,73,Auto,Direct,2019-10-22,716.23,716.78,42974.0,True,2,in_force,1
PH0104314,POL0504314,Patricia,Williams,patricia.williams4314@example.com,NC,62,Home,Broker,2021-01-11,2628.86,2691.13,157732.0,False,2,in_force,1
PH0104315,POL0504315,Margaret,Williams,margaret.williams4315@example.com,AZ,53,Home,Broker,2024-06-20,1558.59,1619.53,93515.0,True,2,in_force,0
PH0104316,POL0504316,Elizabeth,Wilson,elizabeth.wilson4316@example.com,WA,72,Auto,Direct,2021-02-26,2193.57,2267.6,131614.0,False,2,in_force,1
PH0104317,POL0504317,Christopher,Clark,christopher.clark4317@example.com,FL,59,Umbrella,Direct,2016-08-29,1033.52,1070.79,62011.0,False,1,in_force,0
PH0104318,POL0504318,Lisa,Ramirez,lisa.ramirez4318@example.com,WA,34,Home,Direct,2018-09-04,2598.42,2649.01,155905.0,True,1,in_force,1
PH0104319,POL0504319,James,Thompson,james.thompson4319@example.com,OH,76,Auto,Direct,2018-04-02,2415.17,2478.76,144910.0,False,1,in_force,0
PH0104320,POL0504320,Charles,Robinson,charles.robinson4320@example.com,TX,53,Auto,Direct,2019-04-01,2041.26,2091.96,122476.0,True,1,in_force,0
PH0104321,POL0504321,Richard,Hernandez,richard.hernandez4321@example.com,AZ,69,Home,Agent,2019-03-22,3558.78,4013.51,213527.0,True,1,in_force,0
PH0104322,POL0504322,William,Martin,william.martin4322@example.com,NC,67,Home,Broker,2020-01-22,2993.82,3017.07,179629.0,True,1,in_force,1
PH0104323,POL0504323,Elizabeth,Jones,elizabeth.jones4323@example.com,MI,36,Auto,Broker,2024-06-06,2178.95,2198.76,130737.0,False,2,in_force,0
PH0104324,POL0504324,William,Ramirez,william.ramirez4324@example.com,FL,47,Auto,Agent,2017-03-11,3096.03,3106.45,185762.0,True,3,in_force,0
PH0104325,POL0504325,Charles,Williams,charles.williams4325@example.com,VA,43,Home,Agent,2024-03-18,3267.59,3382.22,196055.0,True,1,in_force,0
PH0104326,POL0504326,Sarah,Johnson,sarah.johnson4326@example.com,NJ,70,Auto,Direct,2024-07-14,2617.38,3398.82,157043.0,False,2,in_force,1
PH0104327,POL0504327,Anthony,Clark,anthony.clark4327@example.com,PA,61,Auto,Agent,2018-01-15,3546.53,3722.5,212792.0,True,2,in_force,1
PH0104328,POL0504328,Jennifer,Williams,jennifer.williams4328@example.com,NY,39,Life,Direct,2023-12-25,3723.65,3804.0,558548.0,False,3,in_force,0
PH0104329,POL0504329,Sarah,Williams,sarah.williams4329@example.com,NY,42,Home,Agent,2021-10-13,2655.82,2761.6,159349.0,False,2,in_force,0
PH0104330,POL0504330,Jennifer,Martinez,jennifer.martinez4330@example.com,NJ,65,Life,Direct,2016-12-23,1481.34,1497.58,222201.0,False,1,in_force,0
PH0104331,POL0504331,Anthony,Ramirez,anthony.ramirez4331@example.com,AZ,43,Home,Agent,2020-08-13,918.94,943.74,55136.0,False,2,in_force,0
PH0104332,POL0504332,Linda,Lee,linda.lee4332@example.com,FL,43,Umbrella,Agent,2019-08-25,3795.49,3836.28,227729.0,True,2,in_force,0
PH0104333,POL0504333,Barbara,Ramirez,barbara.ramirez4333@example.com,MA,67,Life,Agent,2024-09-10,1208.98,1246.86,181347.0,False,2,in_force,0
PH0104334,POL0504334,William,Davis,william.davis4334@example.com,CA,41,Auto,Broker,2024-03-23,1722.02,1738.67,103321.0,True,1,in_force,0
PH0104335,POL0504335,John,Wilson,john.wilson4335@example.com,NJ,65,Home,Direct,2016-10-02,3336.74,3396.42,200204.0,True,1,in_force,0
PH0104336,POL0504336,Daniel,Harris,daniel.harris4336@example.com,FL,56,Home,Direct,2018-06-19,2809.34,3723.82,168560.0,False,3,in_force,1
PH0104337,POL0504337,Patricia,Taylor,patricia.taylor4337@example.com,CA,39,Auto,Agent,2016-10-19,723.3,728.63,43398.0,True,3,in_force,0
PH0104338,POL0504338,Mary,Miller,mary.miller4338@example.com,TX,55,Life,Direct,2018-08-06,2535.57,3119.8,380336.0,True,2,in_force,0
PH0104339,POL0504339,Jennifer,Rodriguez,jennifer.rodriguez4339@example.com,CA,64,Auto,Agent,2017-05-07,3031.34,3124.97,181880.0,False,2,in_force,1
PH0104340,POL0504340,Mary,Harris,mary.harris4340@example.com,TX,68,Home,Broker,2017-10-03,1878.25,1957.61,112695.0,False,3,in_force,0
PH0104341,POL0504341,Michael,Wilson,michael.wilson4341@example.com,VA,56,Auto,Agent,2022-03-27,832.35,1086.62,49941.0,False,3,in_force,1
PH0104342,POL0504342,Susan,Johnson,susan.johnson4342@example.com,GA,58,Auto,Broker,2019-09-10,3547.63,4459.83,212858.0,True,2,in_force,1
PH0104343,POL0504343,Christopher,Lopez,christopher.lopez4343@example.com,AZ,61,Home,Broker,2021-01-08,1885.69,2297.22,113141.0,True,3,in_force,0
PH0104344,POL0504344,William,Lewis,william.lewis4344@example.com,VA,59,Life,Direct,2020-08-27,2637.85,2711.57,395678.0,False,1,in_force,0
PH0104345,POL0504345,Margaret,Anderson,margaret.anderson4345@example.com,IL,56,Home,Agent,2024-05-29,997.38,1134.71,59843.0,False,1,in_force,0
PH0104346,POL0504346,Mary,Hernandez,mary.hernandez4346@example.com,PA,28,Auto,Agent,2017-12-18,3491.78,3553.95,209507.0,True,2,in_force,0
PH0104347,POL0504347,Mark,Gonzalez,mark.gonzalez4347@example.com,NY,53,Home,Agent,2017-01-26,3745.47,3838.47,224728.0,True,3,in_force,0
PH0104348,POL0504348,David,Harris,david.harris4348@example.com,FL,42,Auto,Agent,2022-07-21,3188.77,3269.39,191326.0,True,3,in_force,0
PH0104349,POL0504349,Linda,Wilson,linda.wilson4349@example.com,MA,64,Home,Direct,2022-02-20,1579.12,1628.24,94747.0,False,1,in_force,1
PH0104350,POL0504350,Joseph,Brown,joseph.brown4350@example.com,NC,44,Home,Agent,2022-11-10,769.83,964.84,46190.0,True,3,in_force,1
PH0104351,POL0504351,Sarah,Martin,sarah.martin4351@example.com,WA,35,Auto,Direct,2020-09-30,2817.39,2867.57,169043.0,True,1,in_force,0
PH0104352,POL0504352,Lisa,Gonzalez,lisa.gonzalez4352@example.com,NY,50,Home,Broker,2023-03-22,3066.16,3114.2,183970.0,True,1,in_force,1
PH0104353,POL0504353,Anthony,Lee,anthony.lee4353@example.com,AZ,29,Life,Agent,2023-01-16,3455.57,4299.63,518336.0,True,2,in_force,0
PH0104354,POL0504354,Christopher,White,christopher.white4354@example.com,PA,33,Auto,Broker,2021-05-06,1502.62,1867.37,90157.0,True,3,in_force,0
PH0104355,POL0504355,Patricia,Robinson,patricia.robinson4355@example.com,NJ,62,Umbrella,Direct,2023-01-05,3597.78,3631.95,215867.0,True,1,in_force,0
PH0104356,POL0504356,Anthony,Clark,anthony.clark4356@example.com,NC,67,Auto,Agent,2018-11-29,2623.43,2687.01,157406.0,True,2,in_force,0
PH0104357,POL0504357,Nancy,Thomas,nancy.thomas4357@example.com,NJ,33,Life,Agent,2020-01-20,2771.96,2906.22,415794.0,True,2,in_force,0
PH0104358,POL0504358,Charles,Sanchez,charles.sanchez4358@example.com,IL,57,Auto,Direct,2024-05-13,1867.88,2299.45,112073.0,False,1,in_force,1
PH0104359,POL0504359,Sarah,Anderson,sarah.anderson4359@example.com,NJ,70,Umbrella,Broker,2022-05-23,3414.35,4381.81,204861.0,True,3,in_force,1
PH0104360,POL0504360,Mary,Garcia,mary.garcia4360@example.com,NJ,72,Auto,Direct,2020-08-02,3068.56,3119.61,184114.0,False,3,in_force,0
PH0104361,POL0504361,Elizabeth,Hernandez,elizabeth.hernandez4361@example.com,AZ,28,Umbrella,Agent,2024-06-14,2110.33,2156.94,126620.0,True,3,in_force,0
PH0104362,POL0504362,William,White,william.white4362@example.com,PA,46,Auto,Agent,2020-11-02,2865.74,2927.4,171944.0,False,1,in_force,1
PH0104363,POL0504363,Michael,Martinez,michael.martinez4363@example.com,PA,44,Auto,Broker,2024-08-24,703.34,732.74,42200.0,False,1,in_force,1
PH0104364,POL0504364,Susan,Perez,susan.perez4364@example.com,VA,63,Umbrella,Agent,2024-07-25,1957.73,2042.75,117464.0,True,3,in_force,1
PH0104365,POL0504365,Jennifer,White,jennifer.white4365@example.com,TX,45,Auto,Direct,2020-05-17,2344.37,2362.96,140662.0,True,2,in_force,0
PH0104366,POL0504366,Charles,White,charles.white4366@example.com,NC,54,Home,Broker,2020-07-26,1448.35,1461.19,86901.0,True,3,in_force,0
PH0104367,POL0504367,Richard,White,richard.white4367@example.com,FL,67,Auto,Broker,2023-02-01,1446.88,1481.02,86813.0,True,1,in_force,1
PH0104368,POL0504368,Thomas,Anderson,thomas.anderson4368@example.com,NC,56,Auto,Direct,2016-01-08,2942.41,3072.58,176545.0,True,2,in_force,0
PH0104369,POL0504369,Linda,Thompson,linda.thompson4369@example.com,NY,62,Auto,Broker,2021-07-07,2595.68,2680.04,155741.0,True,1,in_force,0
PH0104370,POL0504370,Karen,White,karen.white4370@example.com,FL,45,Auto,Agent,2021-04-22,1687.77,1746.93,101266.0,False,2,in_force,1
PH0104371,POL0504371,Christopher,Ramirez,christopher.ramirez4371@example.com,OH,54,Auto,Direct,2021-03-21,3070.49,3223.24,184229.0,True,2,in_force,0
PH0104372,POL0504372,Karen,Moore,karen.moore4372@example.com,NC,37,Umbrella,Agent,2023-08-06,2637.91,2648.43,158275.0,True,3,in_force,0
PH0104373,POL0504373,Michael,Martin,michael.martin4373@example.com,MA,72,Auto,Direct,2018-07-19,1602.37,2046.31,96142.0,True,1,in_force,0
PH0104374,POL0504374,Charles,Lee,charles.lee4374@example.com,OH,34,Life,Agent,2016-09-07,2653.31,2741.34,397996.0,True,2,in_force,0
PH0104375,POL0504375,Charles,Garcia,charles.garcia4375@example.com,CA,64,Auto,Agent,2021-10-02,3557.72,3666.43,213463.0,True,1,in_force,1
PH0104376,POL0504376,Susan,Brown,susan.brown4376@example.com,VA,61,Auto,Broker,2022-09-19,2733.15,2747.3,163989.0,False,3,in_force,1
PH0104377,POL0504377,Joseph,Clark,joseph.clark4377@example.com,NC,68,Umbrella,Broker,2021-08-24,1510.59,1529.25,90635.0,False,2,in_force,1
PH0104378,POL0504378,Mark,White,mark.white4378@example.com,GA,48,Auto,Direct,2018-02-04,3556.62,3605.82,213397.0,True,1,in_force,0
PH0104379,POL0504379,Elizabeth,Gonzalez,elizabeth.gonzalez4379@example.com,NY,50,Home,Agent,2023-10-07,1457.7,1493.61,87462.0,False,1,in_force,1
PH0104380,POL0504380,Thomas,Williams,thomas.williams4380@example.com,IL,66,Umbrella,Agent,2016-11-09,2008.79,2037.66,120527.0,False,3,in_force,0
PH0104381,POL0504381,Jennifer,Davis,jennifer.davis4381@example.com,AZ,35,Life,Agent,2024-04-28,3514.48,3680.85,527172.0,True,2,in_force,1
PH0104382,POL0504382,Sandra,Thomas,sandra.thomas4382@example.com,GA,73,Auto,Direct,2018-05-24,2666.34,2765.27,159980.0,False,2,in_force,0
PH0104383,POL0504383,Susan,Jones,susan.jones4383@example.com,GA,51,Umbrella,Broker,2024-08-05,957.1,987.63,57426.0,True,3,in_force,0
PH0104384,POL0504384,Elizabeth,Anderson,elizabeth.anderson4384@example.com,NJ,47,Home,Agent,2024-03-02,1399.94,1429.89,83996.0,False,2,in_force,0
PH0104385,POL0504385,Joseph,Gonzalez,joseph.gonzalez4385@example.com,NJ,49,Auto,Direct,2018-10-16,2531.79,2656.36,151907.0,True,1,in_force,1
PH0104386,POL0504386,Matthew,Robinson,matthew.robinson4386@example.com,WA,61,Auto,Direct,2023-05-16,1705.91,1712.23,102355.0,True,3,in_force,0
PH0104387,POL0504387,Nancy,Martin,nancy.martin4387@example.com,CA,53,Home,Direct,2016-04-03,3454.6,3624.42,207276.0,True,3,in_force,0
PH0104388,POL0504388,Joseph,Davis,joseph.davis4388@example.com,WA,44,Auto,Direct,2016-05-04,1825.84,2193.44,109550.0,True,1,in_force,0
PH0104389,POL0504389,John,Robinson,john.robinson4389@example.com,NC,49,Umbrella,Agent,2024-09-04,2975.25,3046.59,178515.0,True,2,in_force,1
PH0104390,POL0504390,Linda,Perez,linda.perez4390@example.com,MA,56,Home,Agent,2017-11-19,3430.58,3498.54,205835.0,False,2,in_force,0
PH0104391,POL0504391,Anthony,Harris,anthony.harris4391@example.com,MI,31,Life,Agent,2021-12-21,1456.42,1896.11,218463.0,True,3,in_force,0
PH0104392,POL0504392,Sarah,Perez,sarah.perez4392@example.com,NY,65,Umbrella,Direct,2017-02-27,671.05,810.51,40263.0,True,3,in_force,0
PH0104393,POL0504393,Barbara,Miller,barbara.miller4393@example.com,WA,74,Home,Direct,2020-11-13,1230.84,1247.67,73850.0,False,1,in_force,0
PH0104394,POL0504394,John,Harris,john.harris4394@example.com,OH,31,Life,Agent,2016-11-19,1188.47,1506.7,178270.0,True,2,in_force,0
PH0104395,POL0504395,Karen,Taylor,karen.taylor4395@example.com,NC,53,Life,Direct,2019-09-11,2868.67,2971.98,430300.0,True,3,in_force,0
PH0104396,POL0504396,Jennifer,White,jennifer.white4396@example.com,WA,49,Home,Broker,2022-05-23,3348.25,3404.58,200895.0,True,2,in_force,0
PH0104397,POL0504397,Susan,Moore,susan.moore4397@example.com,TX,71,Umbrella,Agent,2020-08-31,1891.39,1956.07,113483.0,False,2,in_force,0
PH0104398,POL0504398,Joseph,Jackson,joseph.jackson4398@example.com,TX,44,Auto,Agent,2016-08-01,3747.51,3799.91,224851.0,True,3,in_force,0
PH0104399,POL0504399,Anthony,Clark,anthony.clark4399@example.com,NJ,57,Umbrella,Agent,2023-04-16,1556.3,1576.62,93378.0,False,2,in_force,1
PH0104400,POL0504400,David,Lee,david.lee4400@example.com,PA,39,Auto,Direct,2018-04-01,3685.34,3761.03,221120.0,False,2,in_force,1
PH0104401,POL0504401,James,Anderson,james.anderson4401@example.com,NY,57,Life,Direct,2024-05-01,1923.22,1929.98,288483.0,True,3,in_force,1
PH0104402,POL0504402,David,Jones,david.jones4402@example.com,MI,74,Life,Agent,2022-12-11,3727.27,3743.13,559090.0,True,2,in_force,0
PH0104403,POL0504403,David,Thompson,david.thompson4403@example.com,OH,43,Life,Direct,2020-09-26,3425.99,3479.17,513898.0,True,2,in_force,1
PH0104404,POL0504404,Karen,Jackson,karen.jackson4404@example.com,MA,62,Life,Direct,2017-11-28,1870.89,1931.0,280634.0,True,2,in_force,0
PH0104405,POL0504405,Charles,Johnson,charles.johnson4405@example.com,CA,69,Home,Agent,2021-05-21,1304.44,1354.6,78266.0,True,1,in_force,0
PH0104406,POL0504406,Michael,Sanchez,michael.sanchez4406@example.com,VA,48,Home,Broker,2021-10-25,2767.4,2794.68,166044.0,True,3,in_force,0
PH0104407,POL0504407,Jessica,Sanchez,jessica.sanchez4407@example.com,FL,77,Auto,Agent,2024-07-16,2723.84,2858.99,163430.0,False,2,in_force,0
PH0104408,POL0504408,Barbara,Martin,barbara.martin4408@example.com,OH,75,Home,Broker,2021-07-05,1946.48,2004.25,116789.0,False,1,in_force,1
PH0104409,POL0504409,Charles,Thomas,charles.thomas4409@example.com,NC,75,Auto,Direct,2019-10-19,2843.38,3282.35,170603.0,False,1,in_force,1
PH0104410,POL0504410,Linda,Jackson,linda.jackson4410@example.com,FL,68,Home,Broker,2019-10-04,2711.06,2844.83,162664.0,True,2,in_force,0
PH0104411,POL0504411,Karen,Martin,karen.martin4411@example.com,GA,36,Home,Direct,2022-11-22,1862.84,1952.33,111770.0,True,3,in_force,0
PH0104412,POL0504412,John,Rodriguez,john.rodriguez4412@example.com,TX,72,Auto,Broker,2023-12-11,2459.36,2856.57,147562.0,False,3,in_force,1
PH0104413,POL0504413,Jessica,Anderson,jessica.anderson4413@example.com,GA,71,Life,Direct,2020-11-06,3815.76,3955.61,572364.0,True,2,in_force,1
PH0104414,POL0504414,Lisa,Lewis,lisa.lewis4414@example.com,MI,56,Auto,Direct,2017-04-11,2064.73,2114.33,123884.0,False,3,in_force,0
PH0104415,POL0504415,Linda,Thomas,linda.thomas4415@example.com,TX,31,Life,Agent,2024-08-21,3638.73,3697.7,545810.0,False,1,in_force,1
PH0104416,POL0504416,Thomas,Hernandez,thomas.hernandez4416@example.com,PA,77,Home,Direct,2017-02-21,2323.12,2624.27,139387.0,True,1,in_force,0
PH0104417,POL0504417,Linda,Moore,linda.moore4417@example.com,VA,73,Auto,Agent,2022-06-24,3768.32,3925.39,226099.0,True,3,in_force,0
PH0104418,POL0504418,Nancy,Lopez,nancy.lopez4418@example.com,VA,54,Home,Agent,2016-12-21,3797.04,3950.81,227822.0,True,3,in_force,0
PH0104419,POL0504419,Nancy,Robinson,nancy.robinson4419@example.com,FL,71,Life,Direct,2021-08-03,2910.73,2928.75,436610.0,True,3,in_force,0
PH0104420,POL0504420,James,Garcia,james.garcia4420@example.com,NC,28,Life,Direct,2022-09-07,1969.08,1988.93,295362.0,True,2,in_force,0
PH0104421,POL0504421,Mark,Jackson,mark.jackson4421@example.com,CA,72,Home,Direct,2020-10-08,1641.83,1664.51,98510.0,True,1,in_force,0
PH0104422,POL0504422,Nancy,Smith,nancy.smith4422@example.com,NC,61,Auto,Agent,2018-11-07,2714.75,2721.87,162885.0,True,3,in_force,0
PH0104423,POL0504423,Robert,Taylor,robert.taylor4423@example.com,CA,37,Auto,Agent,2018-12-26,2514.3,3100.83,150858.0,True,2,in_force,1
PH0104424,POL0504424,David,Davis,david.davis4424@example.com,OH,39,Auto,Broker,2024-07-19,1295.08,1296.9,77705.0,False,1,in_force,1
PH0104425,POL0504425,Jennifer,Hernandez,jennifer.hernandez4425@example.com,NC,32,Auto,Direct,2020-11-24,3449.04,3598.22,206942.0,True,2,in_force,0
PH0104426,POL0504426,Sarah,Jackson,sarah.jackson4426@example.com,NY,29,Auto,Direct,2021-06-25,3355.78,3355.9,201347.0,False,2,in_force,0
PH0104427,POL0504427,Robert,Lee,robert.lee4427@example.com,NC,31,Umbrella,Direct,2019-01-14,2744.81,2866.41,164689.0,True,1,in_force,0
PH0104428,POL0504428,Robert,Brown,robert.brown4428@example.com,PA,67,Auto,Agent,2024-05-18,2036.23,2127.13,122174.0,False,2,in_force,1
PH0104429,POL0504429,David,Clark,david.clark4429@example.com,NY,71,Auto,Direct,2020-01-16,3447.53,4287.36,206852.0,True,3,in_force,0
PH0104430,POL0504430,Jessica,Sanchez,jessica.sanchez4430@example.com,FL,53,Auto,Agent,2018-03-07,3158.52,3667.89,189511.0,True,2,in_force,1
PH0104431,POL0504431,Patricia,Gonzalez,patricia.gonzalez4431@example.com,IL,60,Home,Direct,2020-04-16,1520.85,1577.0,91251.0,True,2,in_force,1
PH0104432,POL0504432,Nancy,Miller,nancy.miller4432@example.com,NY,55,Auto,Agent,2023-10-18,2541.9,2599.97,152514.0,True,2,in_force,0
PH0104433,POL0504433,Richard,Robinson,richard.robinson4433@example.com,TX,34,Life,Direct,2017-12-23,1717.52,2139.6,257628.0,True,3,in_force,0
PH0104434,POL0504434,Anthony,Taylor,anthony.taylor4434@example.com,PA,46,Home,Direct,2019-07-14,3802.21,3855.77,228133.0,False,3,in_force,0
PH0104435,POL0504435,Betty,Thompson,betty.thompson4435@example.com,NC,32,Auto,Broker,2021-10-03,2425.97,2988.85,145558.0,True,2,in_force,0
PH0104436,POL0504436,Lisa,Thomas,lisa.thomas4436@example.com,OH,73,Auto,Agent,2016-01-14,1564.96,1624.48,93898.0,False,3,in_force,0
PH0104437,POL0504437,William,Garcia,william.garcia4437@example.com,AZ,47,Home,Direct,2017-08-20,1595.07,1845.2,95704.0,False,3,in_force,1
PH0104438,POL0504438,William,Anderson,william.anderson4438@example.com,AZ,59,Auto,Agent,2023-01-31,1715.62,1737.31,102937.0,True,3,in_force,1
PH0104439,POL0504439,Anthony,Davis,anthony.davis4439@example.com,FL,60,Life,Broker,2021-09-15,1143.23,1150.78,171484.0,True,1,in_force,1
PH0104440,POL0504440,Sarah,Robinson,sarah.robinson4440@example.com,TX,51,Umbrella,Direct,2016-09-04,2749.76,2840.0,164986.0,True,2,in_force,0
PH0104441,POL0504441,Elizabeth,Clark,elizabeth.clark4441@example.com,TX,46,Auto,Direct,2017-06-01,2115.09,2174.77,126905.0,False,1,in_force,1
PH0104442,POL0504442,Sandra,Wilson,sandra.wilson4442@example.com,TX,64,Home,Broker,2020-06-18,1703.42,1762.64,102205.0,True,3,in_force,0
PH0104443,POL0504443,Linda,Ramirez,linda.ramirez4443@example.com,MI,63,Home,Broker,2020-02-29,3727.79,3765.85,223667.0,False,2,in_force,0
PH0104444,POL0504444,Betty,Moore,betty.moore4444@example.com,FL,74,Auto,Agent,2017-07-23,3097.37,3152.43,185842.0,False,2,in_force,0
PH0104445,POL0504445,Sandra,Perez,sandra.perez4445@example.com,FL,77,Auto,Agent,2017-02-16,1992.92,2085.23,119575.0,True,3,in_force,0
PH0104446,POL0504446,Betty,White,betty.white4446@example.com,GA,36,Auto,Agent,2019-02-10,3457.03,3545.17,207422.0,True,1,in_force,0
PH0104447,POL0504447,James,Jones,james.jones4447@example.com,CA,58,Auto,Direct,2020-05-02,3731.09,3900.94,223865.0,True,2,in_force,1
PH0104448,POL0504448,Matthew,Lee,matthew.lee4448@example.com,NC,34,Auto,Broker,2019-09-25,2408.69,2431.48,144521.0,True,3,in_force,0
PH0104449,POL0504449,Elizabeth,Garcia,elizabeth.garcia4449@example.com,AZ,63,Auto,Agent,2020-12-21,3834.97,3946.08,230098.0,False,1,in_force,1
PH0104450,POL0504450,Betty,Ramirez,betty.ramirez4450@example.com,CA,74,Auto,Direct,2016-07-16,848.57,1039.77,50914.0,True,1,in_force,0
PH0104451,POL0504451,David,Robinson,david.robinson4451@example.com,FL,71,Life,Broker,2024-01-16,1453.29,1628.67,217994.0,False,1,in_force,1
PH0104452,POL0504452,Linda,Rodriguez,linda.rodriguez4452@example.com,NC,35,Auto,Direct,2018-05-06,3018.52,3138.91,181111.0,False,2,in_force,0
PH0104453,POL0504453,Nancy,Garcia,nancy.garcia4453@example.com,IL,74,Home,Agent,2024-05-09,2159.42,2264.92,129565.0,True,2,in_force,0
PH0104454,POL0504454,Elizabeth,Perez,elizabeth.perez4454@example.com,CA,47,Umbrella,Agent,2022-08-20,3669.43,3786.78,220166.0,False,2,in_force,0
PH0104455,POL0504455,John,Moore,john.moore4455@example.com,NY,76,Life,Direct,2016-11-14,3594.46,3630.19,539169.0,True,3,in_force,0
PH0104456,POL0504456,Daniel,Williams,daniel.williams4456@example.com,FL,60,Home,Direct,2017-01-19,3021.61,3171.3,181297.0,True,2,in_force,0
PH0104457,POL0504457,Daniel,Garcia,daniel.garcia4457@example.com,AZ,28,Life,Agent,2021-11-13,2418.33,2502.1,362750.0,True,2,in_force,1
PH0104458,POL0504458,Daniel,Williams,daniel.williams4458@example.com,VA,28,Auto,Broker,2016-04-09,870.35,886.8,52221.0,False,1,in_force,1
PH0104459,POL0504459,Robert,Hernandez,robert.hernandez4459@example.com,AZ,53,Auto,Direct,2017-06-29,805.49,817.09,48329.0,True,3,in_force,0
PH0104460,POL0504460,Linda,Williams,linda.williams4460@example.com,VA,57,Auto,Agent,2023-10-19,2687.53,2811.38,161252.0,False,3,in_force,1
PH0104461,POL0504461,Mark,White,mark.white4461@example.com,PA,70,Life,Direct,2016-01-27,2725.86,2768.22,408879.0,True,3,in_force,0
PH0104462,POL0504462,William,Ramirez,william.ramirez4462@example.com,OH,44,Home,Agent,2023-08-05,3094.61,3654.1,185677.0,True,1,in_force,0
PH0104463,POL0504463,Margaret,Martinez,margaret.martinez4463@example.com,MI,41,Home,Direct,2024-05-24,2613.16,2691.51,156790.0,False,2,in_force,0
PH0104464,POL0504464,Joseph,Clark,joseph.clark4464@example.com,PA,59,Life,Agent,2023-10-18,1636.37,1686.26,245455.0,True,2,in_force,1
PH0104465,POL0504465,Nancy,Garcia,nancy.garcia4465@example.com,OH,68,Auto,Direct,2016-07-30,1461.01,1508.12,87661.0,True,3,in_force,0
PH0104466,POL0504466,Charles,Davis,charles.davis4466@example.com,GA,66,Auto,Agent,2020-04-24,3274.25,3387.29,196455.0,True,1,in_force,0
PH0104467,POL0504467,Linda,Lee,linda.lee4467@example.com,PA,40,Auto,Broker,2018-06-23,2654.96,3190.33,159298.0,False,1,in_force,0
PH0104468,POL0504468,Matthew,Smith,matthew.smith4468@example.com,FL,28,Auto,Direct,2021-12-16,1926.67,2215.47,115600.0,True,2,in_force,0
PH0104469,POL0504469,Thomas,Taylor,thomas.taylor4469@example.com,CA,46,Auto,Broker,2021-03-25,2687.37,2703.97,161242.0,True,1,in_force,0
PH0104470,POL0504470,David,Jones,david.jones4470@example.com,VA,48,Auto,Agent,2024-01-05,3105.79,3113.48,186347.0,True,2,in_force,0
PH0104471,POL0504471,Jennifer,Lewis,jennifer.lewis4471@example.com,AZ,34,Umbrella,Agent,2021-01-07,2166.56,2482.18,129994.0,True,2,in_force,0
PH0104472,POL0504472,Nancy,Jackson,nancy.jackson4472@example.com,VA,52,Home,Broker,2021-05-27,2370.64,2421.68,142238.0,True,3,in_force,0
PH0104473,POL0504473,Sandra,Wilson,sandra.wilson4473@example.com,WA,56,Life,Broker,2023-07-29,2031.35,2095.16,304702.0,False,2,in_force,1
PH0104474,POL0504474,Mary,Smith,mary.smith4474@example.com,CA,36,Umbrella,Direct,2020-12-17,1634.43,1688.56,98066.0,True,2,in_force,0
PH0104475,POL0504475,Patricia,Davis,patricia.davis4475@example.com,CA,64,Home,Direct,2019-02-24,1179.79,1218.3,70787.0,False,1,in_force,1
PH0104476,POL0504476,William,Williams,william.williams4476@example.com,OH,69,Auto,Direct,2017-03-28,2872.75,2931.65,172365.0,True,3,in_force,0
PH0104477,POL0504477,Betty,Thompson,betty.thompson4477@example.com,OH,46,Life,Agent,2016-11-28,2289.74,2396.15,343461.0,False,2,in_force,0
PH0104478,POL0504478,Robert,Hernandez,robert.hernandez4478@example.com,NY,65,Umbrella,Broker,2018-11-08,2423.66,2536.65,145420.0,False,3,in_force,0
PH0104479,POL0504479,Lisa,Lee,lisa.lee4479@example.com,MA,62,Auto,Agent,2022-12-11,2352.84,2372.77,141170.0,True,3,in_force,0
PH0104480,POL0504480,Daniel,Martinez,daniel.martinez4480@example.com,CA,58,Life,Agent,2016-09-07,1048.6,1099.78,157290.0,True,1,in_force,0
PH0104481,POL0504481,Elizabeth,Thompson,elizabeth.thompson4481@example.com,NY,65,Home,Direct,2024-03-26,1533.06,1537.33,91984.0,True,3,in_force,0
PH0104482,POL0504482,James,Perez,james.perez4482@example.com,MA,65,Home,Direct,2016-10-05,3396.58,3526.56,203795.0,True,2,in_force,0
PH0104483,POL0504483,David,Lopez,david.lopez4483@example.com,NY,49,Auto,Direct,2022-09-28,3400.05,3457.04,204003.0,False,1,in_force,0
PH0104484,POL0504484,Michael,Thomas,michael.thomas4484@example.com,PA,57,Life,Direct,2024-05-28,3462.45,3486.76,519368.0,True,2,in_force,0
PH0104485,POL0504485,Mark,Miller,mark.miller4485@example.com,WA,72,Auto,Agent,2020-02-03,1702.9,1704.19,102174.0,True,1,in_force,1
PH0104486,POL0504486,Mark,Brown,mark.brown4486@example.com,MI,76,Auto,Agent,2019-11-23,1596.46,1659.96,95788.0,True,1,in_force,0
PH0104487,POL0504487,Robert,Anderson,robert.anderson4487@example.com,IL,74,Auto,Broker,2020-02-04,1825.99,1889.39,109559.0,False,1,in_force,0
PH0104488,POL0504488,Daniel,Thomas,daniel.thomas4488@example.com,MA,31,Auto,Broker,2020-06-21,2027.13,2515.49,121628.0,True,3,in_force,0
PH0104489,POL0504489,Charles,Martin,charles.martin4489@example.com,PA,40,Life,Direct,2018-06-12,1470.6,1521.58,220590.0,False,3,in_force,0
PH0104490,POL0504490,Mary,Clark,mary.clark4490@example.com,TX,28,Home,Broker,2018-12-17,1628.94,1635.25,97736.0,False,3,in_force,1
PH0104491,POL0504491,Sarah,Martinez,sarah.martinez4491@example.com,MA,63,Home,Agent,2020-04-03,3790.66,3922.3,227440.0,False,3,in_force,0
PH0104492,POL0504492,William,Smith,william.smith4492@example.com,NY,57,Life,Direct,2024-07-25,2996.72,3069.32,449508.0,False,2,in_force,1
PH0104493,POL0504493,Mary,Lopez,mary.lopez4493@example.com,AZ,55,Home,Agent,2020-11-26,1624.9,1636.34,97494.0,True,1,in_force,0
PH0104494,POL0504494,Thomas,Harris,thomas.harris4494@example.com,IL,47,Home,Agent,2017-08-07,1568.12,1763.83,94087.0,False,1,in_force,0
PH0104495,POL0504495,Betty,Davis,betty.davis4495@example.com,FL,30,Auto,Direct,2019-03-16,3737.69,3741.73,224261.0,False,2,in_force,0
PH0104496,POL0504496,Sarah,Lewis,sarah.lewis4496@example.com,OH,36,Home,Direct,2023-11-16,1065.3,1108.09,63918.0,True,1,in_force,0
PH0104497,POL0504497,Jennifer,Miller,jennifer.miller4497@example.com,GA,69,Life,Direct,2018-08-23,1380.45,1391.95,207068.0,False,1,in_force,0
PH0104498,POL0504498,Mark,Lee,mark.lee4498@example.com,IL,77,Home,Direct,2019-12-09,3052.04,3956.54,183122.0,True,2,in_force,1
PH0104499,POL0504499,Sandra,Johnson,sandra.johnson4499@example.com,NY,41,Life,Direct,2018-12-05,2009.16,2010.85,301374.0,False,2,in_force,0
PH0104500,POL0504500,Daniel,Martin,daniel.martin4500@example.com,FL,74,Life,Direct,2021-05-06,1443.24,1506.21,216486.0,False,1,in_force,0
PH0104501,POL0504501,Barbara,Garcia,barbara.garcia4501@example.com,VA,47,Auto,Agent,2018-04-08,1851.98,1916.86,111119.0,False,2,in_force,0
PH0104502,POL0504502,John,Brown,john.brown4502@example.com,FL,43,Auto,Broker,2021-09-04,3672.48,3785.02,220349.0,False,1,in_force,0
PH0104503,POL0504503,Betty,Taylor,betty.taylor4503@example.com,AZ,43,Home,Agent,2022-04-12,1707.81,1720.39,102469.0,True,3,in_force,0
PH0104504,POL0504504,Richard,Lewis,richard.lewis4504@example.com,CA,58,Auto,Broker,2022-05-13,3498.7,3667.54,209922.0,False,1,in_force,1
PH0104505,POL0504505,Richard,Williams,richard.williams4505@example.com,PA,68,Auto,Direct,2016-08-12,781.02,798.74,46861.0,True,2,in_force,0
PH0104506,POL0504506,Mark,Lee,mark.lee4506@example.com,GA,54,Auto,Broker,2021-11-03,1588.77,1640.02,95326.0,False,1,in_force,0
PH0104507,POL0504507,Jennifer,Harris,jennifer.harris4507@example.com,CA,63,Auto,Agent,2020-04-21,3221.21,3254.88,193273.0,True,2,in_force,0
PH0104508,POL0504508,Barbara,Johnson,barbara.johnson4508@example.com,NY,31,Auto,Agent,2018-02-15,2097.94,2519.55,125876.0,True,2,in_force,0
PH0104509,POL0504509,Jessica,Lewis,jessica.lewis4509@example.com,WA,64,Umbrella,Direct,2023-02-02,876.66,913.37,52600.0,True,3,in_force,0
PH0104510,POL0504510,Mary,Moore,mary.moore4510@example.com,MI,75,Life,Broker,2017-04-22,1490.04,1544.14,223506.0,True,2,in_force,0
PH0104511,POL0504511,John,Jones,john.jones4511@example.com,NY,60,Auto,Agent,2016-03-10,3003.34,3978.57,180200.0,False,1,in_force,1
PH0104512,POL0504512,Christopher,Rodriguez,christopher.rodriguez4512@example.com,MA,36,Home,Broker,2017-07-08,3578.33,4718.02,214700.0,False,2,in_force,1
PH0104513,POL0504513,Mark,Sanchez,mark.sanchez4513@example.com,FL,69,Auto,Direct,2016-06-11,2709.46,2749.6,162568.0,False,1,in_force,1
PH0104514,POL0504514,Elizabeth,Perez,elizabeth.perez4514@example.com,IL,32,Life,Direct,2022-08-21,1544.36,1584.16,231654.0,False,2,in_force,1
PH0104515,POL0504515,Mark,Lewis,mark.lewis4515@example.com,NJ,52,Umbrella,Agent,2017-12-11,2402.95,2479.2,144177.0,True,1,in_force,0
PH0104516,POL0504516,Barbara,Moore,barbara.moore4516@example.com,CA,62,Auto,Direct,2017-01-07,3656.54,3666.14,219392.0,False,2,in_force,0
PH0104517,POL0504517,Michael,Thompson,michael.thompson4517@example.com,IL,56,Auto,Agent,2021-01-01,2847.58,3369.93,170855.0,False,1,in_force,1
PH0104518,POL0504518,Anthony,Thomas,anthony.thomas4518@example.com,TX,77,Home,Direct,2024-07-23,3210.49,3218.36,192629.0,True,3,in_force,1
PH0104519,POL0504519,Matthew,Martinez,matthew.martinez4519@example.com,VA,44,Auto,Direct,2019-06-29,3196.7,3254.25,191802.0,False,2,in_force,0
PH0104520,POL0504520,James,Lopez,james.lopez4520@example.com,NJ,68,Auto,Broker,2023-07-17,3395.58,3535.95,203735.0,True,3,in_force,0
PH0104521,POL0504521,Sarah,Perez,sarah.perez4521@example.com,NC,58,Home,Agent,2019-04-14,1562.57,1576.58,93754.0,False,2,in_force,0
PH0104522,POL0504522,John,Garcia,john.garcia4522@example.com,MI,74,Auto,Direct,2017-04-18,3431.85,3524.64,205911.0,True,1,in_force,0
PH0104523,POL0504523,Michael,Davis,michael.davis4523@example.com,FL,43,Life,Direct,2020-06-10,1005.19,1025.94,150778.0,False,3,in_force,1
PH0104524,POL0504524,Jessica,Gonzalez,jessica.gonzalez4524@example.com,VA,62,Life,Direct,2018-03-25,2937.11,3869.93,440566.0,True,3,in_force,1
PH0104525,POL0504525,Daniel,Perez,daniel.perez4525@example.com,FL,59,Auto,Agent,2019-09-23,1451.33,1515.47,87080.0,False,1,in_force,0
PH0104526,POL0504526,Lisa,Garcia,lisa.garcia4526@example.com,CA,75,Auto,Direct,2022-07-31,943.77,963.62,56626.0,True,2,in_force,0
PH0104527,POL0504527,Christopher,Martinez,christopher.martinez4527@example.com,GA,53,Auto,Agent,2018-06-22,2648.75,2679.88,158925.0,True,2,in_force,0
PH0104528,POL0504528,David,Jackson,david.jackson4528@example.com,FL,65,Auto,Broker,2016-10-20,3711.18,4929.85,222671.0,True,3,in_force,0
PH0104529,POL0504529,Betty,Rodriguez,betty.rodriguez4529@example.com,CA,66,Auto,Direct,2023-12-14,2672.91,3218.29,160375.0,False,3,in_force,0
PH0104530,POL0504530,Thomas,Perez,thomas.perez4530@example.com,NC,59,Auto,Broker,2016-11-09,2925.37,3746.63,175522.0,True,3,in_force,1
PH0104531,POL0504531,Thomas,Smith,thomas.smith4531@example.com,MI,68,Umbrella,Direct,2020-07-14,2963.32,3934.96,177799.0,True,3,in_force,0
PH0104532,POL0504532,Betty,Jones,betty.jones4532@example.com,CA,51,Home,Broker,2021-03-04,1514.87,1575.65,90892.0,True,1,in_force,1
PH0104533,POL0504533,Matthew,Robinson,matthew.robinson4533@example.com,NC,50,Umbrella,Direct,2024-06-21,1785.27,1864.04,107116.0,True,3,in_force,0
PH0104534,POL0504534,Lisa,Rodriguez,lisa.rodriguez4534@example.com,AZ,34,Life,Agent,2018-12-15,975.02,1012.62,146253.0,True,3,in_force,0
PH0104535,POL0504535,David,Lee,david.lee4535@example.com,MI,50,Auto,Direct,2024-07-02,3371.04,3390.79,202262.0,False,3,in_force,1
PH0104536,POL0504536,Karen,Rodriguez,karen.rodriguez4536@example.com,AZ,38,Auto,Broker,2016-09-17,1763.11,1795.2,105787.0,True,1,in_force,0
PH0104537,POL0504537,Anthony,Lee,anthony.lee4537@example.com,NJ,63,Auto,Agent,2024-02-15,2827.04,2890.36,169622.0,True,1,in_force,0
PH0104538,POL0504538,Daniel,Anderson,daniel.anderson4538@example.com,PA,55,Home,Direct,2023-04-03,1509.07,1518.81,90544.0,False,2,in_force,0
PH0104539,POL0504539,Jessica,Ramirez,jessica.ramirez4539@example.com,AZ,49,Umbrella,Direct,2024-01-18,1553.2,1554.53,93192.0,True,2,in_force,0
PH0104540,POL0504540,Margaret,Miller,margaret.miller4540@example.com,FL,63,Home,Agent,2021-02-16,1673.86,1751.24,100432.0,False,1,in_force,1
PH0104541,POL0504541,Anthony,Taylor,anthony.taylor4541@example.com,CA,57,Home,Direct,2021-01-04,3548.79,3565.87,212927.0,True,2,in_force,1
PH0104542,POL0504542,Richard,Ramirez,richard.ramirez4542@example.com,TX,53,Auto,Direct,2018-08-23,1437.94,1473.65,86276.0,False,2,in_force,0
PH0104543,POL0504543,Robert,Jackson,robert.jackson4543@example.com,MA,54,Home,Direct,2017-02-24,2143.15,2219.02,128589.0,True,1,in_force,0
PH0104544,POL0504544,Richard,Davis,richard.davis4544@example.com,AZ,42,Auto,Broker,2020-02-01,2404.19,2814.1,144251.0,True,2,in_force,0
PH0104545,POL0504545,Patricia,Sanchez,patricia.sanchez4545@example.com,VA,44,Auto,Broker,2017-04-12,2507.72,2538.7,150463.0,True,1,in_force,0
PH0104546,POL0504546,Sandra,Lewis,sandra.lewis4546@example.com,TX,43,Life,Agent,2020-02-22,2744.72,2854.44,411708.0,True,1,in_force,0
PH0104547,POL0504547,Elizabeth,Garcia,elizabeth.garcia4547@example.com,NC,67,Auto,Direct,2024-04-22,2261.15,2363.46,135669.0,True,2,in_force,0
PH0104548,POL0504548,Robert,Garcia,robert.garcia4548@example.com,FL,67,Auto,Agent,2022-04-15,3448.7,3585.3,206922.0,False,3,in_force,0
PH0104549,POL0504549,Mark,Davis,mark.davis4549@example.com,MI,51,Life,Broker,2018-07-11,1505.59,1556.17,225838.0,True,2,in_force,0
PH0104550,POL0504550,Michael,Harris,michael.harris4550@example.com,WA,40,Auto,Broker,2022-11-06,1280.7,1344.41,76842.0,False,3,in_force,0
PH0104551,POL0504551,Barbara,Garcia,barbara.garcia4551@example.com,VA,76,Home,Direct,2019-08-03,3371.03,3494.54,202262.0,False,1,in_force,1
PH0104552,POL0504552,Jennifer,Clark,jennifer.clark4552@example.com,NC,28,Auto,Agent,2020-03-06,1758.8,1771.88,105528.0,True,3,in_force,0
PH0104553,POL0504553,Robert,Taylor,robert.taylor4553@example.com,GA,57,Auto,Agent,2023-11-14,2748.3,2816.95,164898.0,False,1,in_force,1
PH0104554,POL0504554,Richard,Martin,richard.martin4554@example.com,MI,71,Auto,Agent,2024-07-25,3249.15,3328.26,194949.0,False,2,in_force,0
PH0104555,POL0504555,Christopher,Williams,christopher.williams4555@example.com,OH,51,Umbrella,Agent,2021-08-27,3327.38,4269.16,199643.0,True,3,in_force,0
PH0104556,POL0504556,Linda,Taylor,linda.taylor4556@example.com,WA,44,Auto,Direct,2021-03-16,2325.8,2331.24,139548.0,True,3,in_force,0
PH0104557,POL0504557,Thomas,Jones,thomas.jones4557@example.com,NJ,35,Auto,Direct,2019-09-05,3302.58,3418.27,198155.0,False,2,in_force,0
PH0104558,POL0504558,Linda,Moore,linda.moore4558@example.com,IL,66,Auto,Direct,2018-06-21,2299.83,2744.39,137990.0,False,3,in_force,1
PH0104559,POL0504559,Charles,Taylor,charles.taylor4559@example.com,GA,64,Auto,Broker,2016-01-05,3641.36,4788.55,218482.0,True,3,in_force,1
PH0104560,POL0504560,Christopher,Miller,christopher.miller4560@example.com,WA,53,Auto,Direct,2017-04-19,822.43,863.03,49346.0,True,3,in_force,0
PH0104561,POL0504561,William,Johnson,william.johnson4561@example.com,NC,56,Home,Broker,2023-08-13,1439.51,1460.55,86371.0,True,3,in_force,0
PH0104562,POL0504562,Robert,Garcia,robert.garcia4562@example.com,VA,68,Auto,Broker,2020-01-03,1776.25,1857.61,106575.0,True,2,in_force,0
PH0104563,POL0504563,Patricia,Perez,patricia.perez4563@example.com,NY,61,Home,Agent,2016-03-21,679.46,688.74,40768.0,True,1,in_force,0
PH0104564,POL0504564,Mark,Moore,mark.moore4564@example.com,MI,33,Auto,Direct,2017-04-21,1037.8,1078.78,62268.0,True,3,in_force,1
PH0104565,POL0504565,Sarah,Brown,sarah.brown4565@example.com,NY,39,Home,Direct,2018-12-13,2221.85,2263.83,133311.0,True,3,in_force,0
PH0104566,POL0504566,David,Jackson,david.jackson4566@example.com,NC,43,Auto,Direct,2022-02-22,2051.77,2359.9,123106.0,True,2,in_force,0
PH0104567,POL0504567,Linda,Williams,linda.williams4567@example.com,NY,69,Auto,Direct,2018-07-30,3003.97,3143.28,180238.0,False,2,in_force,1
PH0104568,POL0504568,Betty,Thompson,betty.thompson4568@example.com,GA,53,Auto,Agent,2023-03-26,3044.39,3175.42,182663.0,True,1,in_force,0
PH0104569,POL0504569,Matthew,Hernandez,matthew.hernandez4569@example.com,GA,32,Home,Agent,2020-08-05,2020.55,2073.64,121233.0,True,3,in_force,0
PH0104570,POL0504570,Thomas,Robinson,thomas.robinson4570@example.com,MA,44,Auto,Agent,2023-10-08,986.16,997.63,59170.0,True,2,in_force,1
PH0104571,POL0504571,James,Garcia,james.garcia4571@example.com,MI,53,Auto,Broker,2024-04-03,2535.18,2560.13,152111.0,True,3,in_force,0
PH0104572,POL0504572,Elizabeth,Davis,elizabeth.davis4572@example.com,TX,73,Umbrella,Agent,2016-10-29,1154.21,1161.34,69253.0,False,2,in_force,0
PH0104573,POL0504573,James,Harris,james.harris4573@example.com,MA,33,Home,Broker,2023-02-03,3026.9,3110.56,181614.0,True,1,in_force,0
PH0104574,POL0504574,Mary,Jones,mary.jones4574@example.com,NY,70,Life,Agent,2020-10-09,1266.52,1303.79,189978.0,True,2,in_force,0
PH0104575,POL0504575,Betty,Clark,betty.clark4575@example.com,OH,47,Auto,Direct,2023-09-24,891.11,998.12,53467.0,True,3,in_force,0
PH0104576,POL0504576,Richard,Johnson,richard.johnson4576@example.com,AZ,61,Umbrella,Direct,2021-05-01,3278.08,3297.19,196685.0,True,3,in_force,1
PH0104577,POL0504577,Patricia,Clark,patricia.clark4577@example.com,IL,77,Auto,Agent,2017-03-09,2933.92,3351.61,176035.0,False,2,in_force,0
PH0104578,POL0504578,Thomas,Thomas,thomas.thomas4578@example.com,NC,43,Auto,Agent,2018-07-06,2331.01,3076.69,139861.0,True,3,in_force,1
PH0104579,POL0504579,Charles,Lopez,charles.lopez4579@example.com,AZ,40,Auto,Agent,2016-06-10,3066.72,3639.15,184003.0,False,2,in_force,1
PH0104580,POL0504580,Elizabeth,Rodriguez,elizabeth.rodriguez4580@example.com,NY,63,Auto,Agent,2019-11-25,2447.0,2514.76,146820.0,False,2,in_force,0
PH0104581,POL0504581,David,Harris,david.harris4581@example.com,CA,30,Auto,Broker,2023-10-27,2251.19,2323.73,135071.0,False,1,in_force,1
PH0104582,POL0504582,Elizabeth,Garcia,elizabeth.garcia4582@example.com,AZ,33,Auto,Direct,2019-09-25,2642.77,2728.89,158566.0,True,1,in_force,0
PH0104583,POL0504583,Karen,Brown,karen.brown4583@example.com,FL,77,Auto,Agent,2020-10-06,2795.17,3726.36,167710.0,False,3,in_force,1
PH0104584,POL0504584,Sandra,Wilson,sandra.wilson4584@example.com,GA,65,Umbrella,Agent,2018-05-31,2339.29,2722.75,140357.0,True,1,in_force,0
PH0104585,POL0504585,Mary,Clark,mary.clark4585@example.com,WA,65,Life,Direct,2024-08-30,1768.69,1794.08,265304.0,True,3,in_force,0
PH0104586,POL0504586,David,Lopez,david.lopez4586@example.com,OH,56,Umbrella,Agent,2018-02-02,3763.29,3908.98,225797.0,True,3,in_force,0
PH0104587,POL0504587,Richard,Ramirez,richard.ramirez4587@example.com,MA,31,Umbrella,Agent,2017-02-26,2811.52,3456.14,168691.0,False,2,in_force,1
PH0104588,POL0504588,Susan,Perez,susan.perez4588@example.com,MI,35,Auto,Direct,2021-02-17,883.95,900.34,53037.0,False,2,in_force,0
PH0104589,POL0504589,Sandra,Robinson,sandra.robinson4589@example.com,NJ,36,Auto,Direct,2024-07-14,1593.25,1607.05,95595.0,False,2,in_force,1
PH0104590,POL0504590,Richard,Taylor,richard.taylor4590@example.com,CA,45,Auto,Broker,2020-09-25,3021.19,3033.11,181271.0,True,2,in_force,0
PH0104591,POL0504591,Jessica,Thompson,jessica.thompson4591@example.com,PA,32,Home,Agent,2024-02-04,664.17,692.22,39850.0,True,3,in_force,0
PH0104592,POL0504592,Elizabeth,Harris,elizabeth.harris4592@example.com,NJ,35,Auto,Direct,2023-06-06,2883.43,2953.93,173006.0,True,1,in_force,1
PH0104593,POL0504593,Patricia,Gonzalez,patricia.gonzalez4593@example.com,OH,64,Auto,Direct,2017-09-06,2240.98,2864.98,134459.0,True,1,in_force,0
PH0104594,POL0504594,Betty,Lee,betty.lee4594@example.com,MI,55,Umbrella,Agent,2024-07-30,3770.42,3895.78,226225.0,False,3,in_force,0
PH0104595,POL0504595,Jennifer,Martin,jennifer.martin4595@example.com,FL,69,Life,Agent,2018-09-11,2592.96,2677.85,388944.0,False,3,in_force,1
PH0104596,POL0504596,Daniel,Harris,daniel.harris4596@example.com,AZ,70,Auto,Broker,2019-05-04,3238.47,3362.85,194308.0,True,2,in_force,0
PH0104597,POL0504597,Jennifer,Lewis,jennifer.lewis4597@example.com,MA,53,Auto,Direct,2022-02-02,2733.57,2799.5,164014.0,True,3,in_force,0
PH0104598,POL0504598,Betty,Clark,betty.clark4598@example.com,AZ,75,Life,Direct,2017-09-01,3229.43,3303.03,484414.0,True,2,in_force,0
PH0104599,POL0504599,Lisa,Gonzalez,lisa.gonzalez4599@example.com,OH,53,Auto,Agent,2020-01-18,1532.34,1591.74,91940.0,True,3,in_force,0
PH0104600,POL0504600,Matthew,Lee,matthew.lee4600@example.com,CA,38,Home,Agent,2024-09-02,2674.74,2765.1,160484.0,True,2,in_force,1
PH0104601,POL0504601,Robert,Thomas,robert.thomas4601@example.com,IL,50,Auto,Direct,2018-12-15,1831.84,1909.41,109910.0,True,2,in_force,0
PH0104602,POL0504602,Margaret,Clark,margaret.clark4602@example.com,NY,40,Home,Broker,2019-01-09,655.46,662.4,39328.0,True,1,in_force,0
PH0104603,POL0504603,Daniel,Perez,daniel.perez4603@example.com,OH,54,Auto,Agent,2016-04-02,2022.67,2523.55,121360.0,True,1,in_force,0
PH0104604,POL0504604,Charles,Davis,charles.davis4604@example.com,PA,41,Auto,Broker,2018-11-03,1869.25,1886.08,112155.0,False,3,in_force,1
PH0104605,POL0504605,Betty,Jones,betty.jones4605@example.com,MA,62,Auto,Agent,2022-05-06,1557.52,1577.22,93451.0,True,3,in_force,0
PH0104606,POL0504606,Jennifer,Lee,jennifer.lee4606@example.com,CA,61,Home,Agent,2024-03-27,1348.32,1408.33,80899.0,True,3,in_force,1
PH0104607,POL0504607,John,Smith,john.smith4607@example.com,AZ,37,Umbrella,Agent,2018-06-09,1360.18,1408.12,81611.0,False,3,in_force,0
PH0104608,POL0504608,Linda,Lee,linda.lee4608@example.com,VA,68,Umbrella,Agent,2023-03-21,1744.06,1807.88,104644.0,False,3,in_force,1
PH0104609,POL0504609,Matthew,Anderson,matthew.anderson4609@example.com,NY,40,Umbrella,Agent,2023-10-21,2044.98,2069.08,122699.0,True,1,in_force,0
PH0104610,POL0504610,Nancy,Moore,nancy.moore4610@example.com,CA,75,Auto,Agent,2021-02-23,816.45,944.97,48987.0,True,1,in_force,1
PH0104611,POL0504611,Nancy,Taylor,nancy.taylor4611@example.com,GA,56,Home,Direct,2016-06-15,2346.71,2414.02,140803.0,True,2,in_force,0
PH0104612,POL0504612,John,Perez,john.perez4612@example.com,FL,63,Auto,Agent,2023-02-01,3376.54,3515.92,202592.0,True,1,in_force,0
PH0104613,POL0504613,Jessica,Williams,jessica.williams4613@example.com,WA,36,Life,Broker,2017-02-26,3194.7,3244.32,479205.0,False,3,in_force,0
PH0104614,POL0504614,Karen,Williams,karen.williams4614@example.com,WA,55,Auto,Direct,2019-10-29,2675.0,2780.09,160500.0,True,1,in_force,0
PH0104615,POL0504615,James,Miller,james.miller4615@example.com,GA,39,Umbrella,Direct,2023-07-31,2410.33,2443.2,144620.0,True,2,in_force,0
PH0104616,POL0504616,Linda,Taylor,linda.taylor4616@example.com,VA,36,Home,Agent,2016-08-25,2911.07,3841.5,174664.0,True,1,in_force,1
PH0104617,POL0504617,David,Martin,david.martin4617@example.com,CA,35,Auto,Agent,2023-11-21,3166.41,3233.69,189985.0,False,1,in_force,0
PH0104618,POL0504618,Richard,Harris,richard.harris4618@example.com,TX,32,Auto,Agent,2021-01-02,3167.64,3203.11,190058.0,True,1,in_force,0
PH0104619,POL0504619,Thomas,Hernandez,thomas.hernandez4619@example.com,OH,54,Home,Direct,2022-07-28,1512.53,1543.84,90752.0,True,1,in_force,0
PH0104620,POL0504620,Barbara,Thompson,barbara.thompson4620@example.com,MA,32,Home,Direct,2023-09-06,3301.4,4420.69,198084.0,True,1,in_force,0
PH0104621,POL0504621,James,Jones,james.jones4621@example.com,NY,58,Auto,Direct,2021-12-02,3619.18,3698.61,217151.0,True,1,in_force,0
PH0104622,POL0504622,Mary,White,mary.white4622@example.com,TX,61,Auto,Agent,2017-08-28,3655.72,3708.16,219343.0,True,3,in_force,0
PH0104623,POL0504623,John,Harris,john.harris4623@example.com,IL,30,Auto,Agent,2017-11-16,2735.77,3543.9,164146.0,False,1,in_force,1
PH0104624,POL0504624,Margaret,Thompson,margaret.thompson4624@example.com,WA,77,Auto,Direct,2024-02-10,1972.78,2025.18,118367.0,True,1,in_force,1
PH0104625,POL0504625,David,White,david.white4625@example.com,MA,60,Life,Broker,2016-10-21,3434.37,3522.34,515156.0,True,1,in_force,0
PH0104626,POL0504626,Nancy,Perez,nancy.perez4626@example.com,NY,28,Home,Direct,2018-04-11,938.61,972.38,56317.0,True,1,in_force,0
PH0104627,POL0504627,Anthony,Moore,anthony.moore4627@example.com,WA,40,Auto,Agent,2016-11-09,3006.57,3840.62,180394.0,True,2,in_force,1
PH0104628,POL0504628,Charles,Johnson,charles.johnson4628@example.com,VA,30,Home,Broker,2016-04-17,3349.57,3378.3,200974.0,True,3,in_force,0
PH0104629,POL0504629,Margaret,Lewis,margaret.lewis4629@example.com,NY,51,Auto,Agent,2019-11-28,2381.66,2398.66,142900.0,False,1,in_force,0
PH0104630,POL0504630,Jessica,Ramirez,jessica.ramirez4630@example.com,OH,31,Auto,Broker,2018-01-27,3848.33,4031.15,230900.0,True,3,in_force,0
PH0104631,POL0504631,Jessica,Martinez,jessica.martinez4631@example.com,FL,66,Auto,Direct,2019-10-17,1609.51,1678.93,96571.0,True,3,in_force,0
PH0104632,POL0504632,Richard,Martinez,richard.martinez4632@example.com,GA,34,Home,Agent,2016-08-25,1053.64,1086.64,63218.0,True,2,in_force,0
PH0104633,POL0504633,John,Garcia,john.garcia4633@example.com,NC,44,Auto,Broker,2018-12-26,2977.2,3943.91,178632.0,True,1,in_force,0
PH0104634,POL0504634,Sandra,Brown,sandra.brown4634@example.com,GA,40,Home,Agent,2017-03-21,1437.47,1486.07,86248.0,False,1,in_force,0
PH0104635,POL0504635,Anthony,Perez,anthony.perez4635@example.com,WA,76,Umbrella,Broker,2023-07-23,1395.28,1449.84,83717.0,True,1,in_force,0
PH0104636,POL0504636,David,Gonzalez,david.gonzalez4636@example.com,NY,51,Auto,Broker,2023-12-10,2588.87,2667.73,155332.0,True,1,in_force,1
PH0104637,POL0504637,Margaret,Lopez,margaret.lopez4637@example.com,OH,59,Home,Direct,2018-02-08,862.31,905.15,51739.0,True,3,in_force,0
PH0104638,POL0504638,Matthew,Garcia,matthew.garcia4638@example.com,GA,38,Home,Agent,2016-01-28,912.62,929.25,54757.0,True,2,in_force,0
PH0104639,POL0504639,Patricia,White,patricia.white4639@example.com,WA,67,Home,Agent,2017-03-23,3293.51,3364.58,197611.0,True,1,in_force,0
PH0104640,POL0504640,James,Moore,james.moore4640@example.com,NJ,49,Life,Agent,2016-08-05,3710.03,3844.32,556504.0,False,2,in_force,0
PH0104641,POL0504641,Elizabeth,Lewis,elizabeth.lewis4641@example.com,VA,51,Home,Direct,2017-08-22,3307.17,3389.71,198430.0,False,3,in_force,1
PH0104642,POL0504642,Daniel,Anderson,daniel.anderson4642@example.com,VA,61,Life,Direct,2019-02-10,1555.57,1602.81,233336.0,True,3,in_force,0
PH0104643,POL0504643,Barbara,Rodriguez,barbara.rodriguez4643@example.com,MA,36,Home,Agent,2019-05-25,2656.46,2743.25,159388.0,True,3,in_force,0
PH0104644,POL0504644,Sarah,Smith,sarah.smith4644@example.com,NY,65,Auto,Direct,2022-10-04,2218.96,2260.11,133138.0,True,1,in_force,0
PH0104645,POL0504645,Elizabeth,Brown,elizabeth.brown4645@example.com,OH,45,Auto,Agent,2024-04-13,3582.42,4234.08,214945.0,True,2,in_force,0
PH0104646,POL0504646,William,Clark,william.clark4646@example.com,WA,30,Life,Direct,2016-09-20,834.17,839.6,125126.0,True,1,in_force,0
PH0104647,POL0504647,Christopher,Clark,christopher.clark4647@example.com,CA,46,Umbrella,Direct,2017-11-22,1027.17,1060.25,61630.0,False,2,in_force,1
PH0104648,POL0504648,Christopher,Gonzalez,christopher.gonzalez4648@example.com,IL,30,Auto,Agent,2018-05-16,2762.87,2899.38,165772.0,True,1,in_force,0
PH0104649,POL0504649,Mary,Davis,mary.davis4649@example.com,FL,45,Auto,Broker,2019-03-16,1786.87,1848.71,107212.0,True,1,in_force,0
PH0104650,POL0504650,Matthew,Moore,matthew.moore4650@example.com,NY,62,Life,Direct,2021-05-04,1280.54,1527.92,192081.0,True,1,in_force,0
PH0104651,POL0504651,Jennifer,Martinez,jennifer.martinez4651@example.com,TX,64,Home,Agent,2020-11-05,1284.71,1338.5,77083.0,True,1,in_force,0
PH0104652,POL0504652,Elizabeth,Gonzalez,elizabeth.gonzalez4652@example.com,MA,67,Umbrella,Direct,2022-06-06,1291.5,1319.21,77490.0,False,1,in_force,0
PH0104653,POL0504653,John,Thompson,john.thompson4653@example.com,IL,44,Auto,Direct,2018-02-02,2329.23,2364.47,139754.0,True,3,in_force,0
PH0104654,POL0504654,Nancy,Taylor,nancy.taylor4654@example.com,FL,32,Auto,Direct,2020-03-17,2214.49,2323.13,132869.0,True,3,in_force,0
PH0104655,POL0504655,Mary,Rodriguez,mary.rodriguez4655@example.com,NY,48,Umbrella,Agent,2023-06-06,2123.75,2734.88,127425.0,True,2,in_force,0
PH0104656,POL0504656,Betty,Lee,betty.lee4656@example.com,TX,64,Auto,Direct,2016-08-25,1053.2,1103.02,63192.0,True,2,in_force,0
PH0104657,POL0504657,Matthew,Jackson,matthew.jackson4657@example.com,PA,28,Auto,Direct,2022-06-24,2623.35,3470.16,157401.0,True,3,in_force,0
PH0104658,POL0504658,Christopher,Brown,christopher.brown4658@example.com,WA,33,Home,Broker,2016-09-13,1909.42,1933.05,114565.0,False,1,in_force,0
PH0104659,POL0504659,John,Anderson,john.anderson4659@example.com,OH,52,Auto,Agent,2018-10-02,2505.68,2599.36,150341.0,True,3,in_force,0
PH0104660,POL0504660,Elizabeth,Sanchez,elizabeth.sanchez4660@example.com,FL,30,Home,Agent,2019-08-17,1557.58,1616.26,93455.0,False,3,in_force,0
PH0104661,POL0504661,Susan,Moore,susan.moore4661@example.com,IL,48,Home,Agent,2023-12-13,1065.82,1105.59,63949.0,True,3,in_force,1
PH0104662,POL0504662,Anthony,Lee,anthony.lee4662@example.com,AZ,70,Auto,Broker,2017-03-11,3043.15,3976.67,182589.0,True,2,in_force,0
PH0104663,POL0504663,Charles,Wilson,charles.wilson4663@example.com,NC,65,Auto,Direct,2016-07-01,1318.41,1362.55,79105.0,False,2,in_force,0
PH0104664,POL0504664,Joseph,Miller,joseph.miller4664@example.com,GA,63,Auto,Agent,2017-02-09,1286.27,1334.29,77176.0,True,1,in_force,0
PH0104665,POL0504665,Sandra,Martin,sandra.martin4665@example.com,AZ,56,Auto,Broker,2021-04-14,2444.01,2509.74,146641.0,False,2,in_force,0
PH0104666,POL0504666,Nancy,Lopez,nancy.lopez4666@example.com,MA,40,Umbrella,Direct,2017-12-06,3460.8,3474.91,207648.0,True,1,in_force,0
PH0104667,POL0504667,Michael,Thompson,michael.thompson4667@example.com,IL,69,Auto,Agent,2022-01-07,973.62,988.23,58417.0,True,3,in_force,0
PH0104668,POL0504668,Matthew,Williams,matthew.williams4668@example.com,GA,54,Home,Direct,2023-04-02,3179.59,3183.95,190775.0,True,3,in_force,0
PH0104669,POL0504669,Anthony,Lopez,anthony.lopez4669@example.com,GA,44,Auto,Agent,2019-02-18,875.51,898.62,52531.0,False,2,in_force,0
PH0104670,POL0504670,John,Anderson,john.anderson4670@example.com,TX,41,Umbrella,Direct,2019-11-14,1547.59,1619.49,92855.0,False,2,in_force,0
PH0104671,POL0504671,Charles,Garcia,charles.garcia4671@example.com,OH,39,Auto,Agent,2020-07-01,3054.35,3148.88,183261.0,False,2,in_force,0
PH0104672,POL0504672,Linda,Miller,linda.miller4672@example.com,NC,32,Auto,Agent,2019-08-13,3191.62,3229.79,191497.0,True,1,in_force,0
PH0104673,POL0504673,Mary,Moore,mary.moore4673@example.com,FL,60,Life,Direct,2017-11-26,2439.83,2547.98,365974.0,True,2,in_force,0
PH0104674,POL0504674,Anthony,Taylor,anthony.taylor4674@example.com,AZ,38,Home,Direct,2018-08-01,820.66,825.69,49240.0,True,3,in_force,1
PH0104675,POL0504675,John,Brown,john.brown4675@example.com,IL,68,Home,Direct,2020-10-01,3047.6,3634.52,182856.0,True,3,in_force,0
PH0104676,POL0504676,Anthony,Rodriguez,anthony.rodriguez4676@example.com,OH,41,Auto,Agent,2020-07-01,3138.38,3149.08,188303.0,True,3,in_force,0
PH0104677,POL0504677,Richard,Sanchez,richard.sanchez4677@example.com,VA,73,Umbrella,Direct,2020-09-14,1029.7,1069.58,61782.0,True,3,in_force,1
PH0104678,POL0504678,William,Lewis,william.lewis4678@example.com,IL,60,Home,Direct,2021-05-14,1073.93,1101.97,64436.0,True,1,in_force,0
PH0104679,POL0504679,Richard,Williams,richard.williams4679@example.com,NJ,44,Umbrella,Agent,2016-05-15,2897.58,2944.12,173855.0,True,3,in_force,0
PH0104680,POL0504680,Barbara,Miller,barbara.miller4680@example.com,IL,58,Life,Agent,2023-06-06,1414.79,1443.79,212218.0,True,1,in_force,0
PH0104681,POL0504681,Thomas,Martinez,thomas.martinez4681@example.com,PA,76,Home,Agent,2018-12-07,1830.14,1917.15,109808.0,False,2,in_force,0
PH0104682,POL0504682,Betty,Lopez,betty.lopez4682@example.com,PA,75,Auto,Direct,2023-11-19,2188.6,2194.6,131316.0,True,2,in_force,0
PH0104683,POL0504683,Margaret,White,margaret.white4683@example.com,CA,44,Home,Broker,2019-10-07,3840.34,3887.59,230420.0,True,3,in_force,0
PH0104684,POL0504684,Linda,Williams,linda.williams4684@example.com,CA,68,Umbrella,Agent,2016-02-02,2988.33,3089.29,179300.0,True,2,in_force,1
PH0104685,POL0504685,Susan,Davis,susan.davis4685@example.com,NJ,41,Umbrella,Agent,2024-05-14,1361.97,1395.43,81718.0,True,3,in_force,1
PH0104686,POL0504686,William,Robinson,william.robinson4686@example.com,IL,73,Home,Direct,2023-05-23,824.21,1009.67,49453.0,True,2,in_force,1
PH0104687,POL0504687,Robert,Smith,robert.smith4687@example.com,AZ,37,Life,Agent,2021-07-06,2651.47,2723.26,397720.0,True,3,in_force,0
PH0104688,POL0504688,James,Martinez,james.martinez4688@example.com,WA,55,Auto,Agent,2016-12-25,3440.43,3455.32,206426.0,False,3,in_force,1
PH0104689,POL0504689,William,Williams,william.williams4689@example.com,TX,77,Auto,Direct,2024-08-22,3346.37,3503.64,200782.0,True,1,in_force,1
PH0104690,POL0504690,Barbara,White,barbara.white4690@example.com,WA,41,Auto,Direct,2016-05-04,796.08,807.24,47765.0,True,3,in_force,1
PH0104691,POL0504691,Michael,Martin,michael.martin4691@example.com,TX,47,Life,Direct,2022-04-14,2019.67,2069.24,302950.0,True,1,in_force,0
PH0104692,POL0504692,Joseph,Garcia,joseph.garcia4692@example.com,PA,36,Umbrella,Broker,2020-01-20,1245.92,1274.2,74755.0,True,2,in_force,1
PH0104693,POL0504693,John,Thompson,john.thompson4693@example.com,AZ,73,Life,Broker,2020-01-27,2578.1,2686.94,386715.0,True,2,in_force,0
PH0104694,POL0504694,James,Rodriguez,james.rodriguez4694@example.com,FL,71,Life,Direct,2020-01-04,3457.33,4592.41,518600.0,True,2,in_force,1
PH0104695,POL0504695,David,Harris,david.harris4695@example.com,NC,62,Umbrella,Agent,2016-04-03,1480.89,1838.1,88853.0,False,1,in_force,1
PH0104696,POL0504696,Sarah,Lewis,sarah.lewis4696@example.com,IL,69,Auto,Agent,2023-07-18,3845.02,3959.78,230701.0,True,2,in_force,0
PH0104697,POL0504697,Betty,Moore,betty.moore4697@example.com,NJ,49,Home,Agent,2022-10-28,2890.0,3700.64,173400.0,True,2,in_force,1
PH0104698,POL0504698,Jessica,Lee,jessica.lee4698@example.com,GA,45,Life,Direct,2018-01-06,690.5,719.57,103575.0,False,2,in_force,0
PH0104699,POL0504699,Anthony,Rodriguez,anthony.rodriguez4699@example.com,NJ,70,Umbrella,Agent,2022-07-09,1113.81,1165.86,66829.0,True,3,in_force,0
PH0104700,POL0504700,Elizabeth,Garcia,elizabeth.garcia4700@example.com,AZ,47,Life,Direct,2018-07-21,3586.5,3681.9,537975.0,False,3,in_force,0
PH0104701,POL0504701,James,Davis,james.davis4701@example.com,FL,39,Home,Broker,2024-07-06,867.48,873.86,52049.0,True,2,in_force,0
PH0104702,POL0504702,Anthony,Taylor,anthony.taylor4702@example.com,AZ,32,Home,Agent,2020-04-03,2520.79,3079.36,151247.0,True,3,in_force,0
PH0104703,POL0504703,Elizabeth,Clark,elizabeth.clark4703@example.com,IL,55,Life,Direct,2022-04-12,3757.38,3908.43,563607.0,True,2,in_force,0
PH0104704,POL0504704,Lisa,Thompson,lisa.thompson4704@example.com,TX,49,Auto,Agent,2016-08-15,3198.72,3341.27,191923.0,True,3,in_force,0
PH0104705,POL0504705,Elizabeth,Sanchez,elizabeth.sanchez4705@example.com,NC,42,Home,Agent,2022-05-05,1651.64,1715.39,99098.0,True,1,in_force,0
PH0104706,POL0504706,William,Lewis,william.lewis4706@example.com,NC,73,Life,Direct,2021-05-14,2563.79,2678.18,384568.0,False,2,in_force,0
PH0104707,POL0504707,Jennifer,Lee,jennifer.lee4707@example.com,MI,58,Life,Direct,2021-01-20,2039.26,2362.1,305889.0,True,1,in_force,0
PH0104708,POL0504708,James,Taylor,james.taylor4708@example.com,VA,60,Auto,Direct,2021-03-05,3839.46,3932.92,230368.0,False,3,in_force,1
PH0104709,POL0504709,Christopher,Gonzalez,christopher.gonzalez4709@example.com,MA,62,Home,Direct,2019-06-23,2816.95,2929.42,169017.0,True,3,in_force,1
PH0104710,POL0504710,Michael,Gonzalez,michael.gonzalez4710@example.com,GA,50,Home,Direct,2018-10-17,2200.0,2225.22,132000.0,False,1,in_force,0
PH0104711,POL0504711,Betty,Hernandez,betty.hernandez4711@example.com,PA,54,Auto,Agent,2020-06-22,1465.23,1474.88,87914.0,False,3,in_force,1
PH0104712,POL0504712,Lisa,Wilson,lisa.wilson4712@example.com,VA,50,Auto,Agent,2018-11-19,3530.13,3617.27,211808.0,True,3,in_force,0
PH0104713,POL0504713,John,Garcia,john.garcia4713@example.com,NC,36,Auto,Direct,2022-10-28,1790.54,2286.32,107432.0,True,3,in_force,1
PH0104714,POL0504714,Matthew,Wilson,matthew.wilson4714@example.com,GA,43,Auto,Direct,2021-01-16,2068.45,2097.6,124107.0,False,3,in_force,1
PH0104715,POL0504715,Nancy,Martin,nancy.martin4715@example.com,MA,58,Auto,Agent,2022-01-10,2017.74,2096.28,121064.0,False,2,in_force,0
PH0104716,POL0504716,Jessica,White,jessica.white4716@example.com,MA,37,Home,Agent,2016-11-03,1834.1,1918.34,110046.0,True,3,in_force,0
PH0104717,POL0504717,Betty,Johnson,betty.johnson4717@example.com,MA,66,Auto,Direct,2016-06-01,1996.12,2049.64,119767.0,True,3,in_force,0
PH0104718,POL0504718,Karen,Williams,karen.williams4718@example.com,GA,31,Home,Direct,2020-07-26,1717.02,1792.15,103021.0,False,3,in_force,0
PH0104719,POL0504719,Michael,Moore,michael.moore4719@example.com,CA,68,Auto,Broker,2016-04-30,1600.84,2078.01,96050.0,True,3,in_force,1
PH0104720,POL0504720,Jessica,Lewis,jessica.lewis4720@example.com,GA,73,Home,Broker,2020-02-06,2559.35,2664.32,153561.0,True,2,in_force,0
PH0104721,POL0504721,Barbara,Ramirez,barbara.ramirez4721@example.com,TX,63,Auto,Agent,2020-11-19,2265.19,2374.01,135911.0,True,1,in_force,0
PH0104722,POL0504722,John,Miller,john.miller4722@example.com,MA,47,Auto,Direct,2016-07-19,1499.97,1526.43,89998.0,True,3,in_force,0
PH0104723,POL0504723,Thomas,Lewis,thomas.lewis4723@example.com,NJ,43,Umbrella,Direct,2020-11-20,3795.91,3975.93,227755.0,True,1,in_force,1
PH0104724,POL0504724,Matthew,Harris,matthew.harris4724@example.com,NC,30,Auto,Direct,2019-12-03,2997.25,2998.27,179835.0,True,2,in_force,0
PH0104725,POL0504725,Jennifer,Moore,jennifer.moore4725@example.com,NJ,59,Home,Agent,2019-11-02,2258.62,2365.81,135517.0,False,3,in_force,0
PH0104726,POL0504726,Robert,Hernandez,robert.hernandez4726@example.com,TX,51,Umbrella,Agent,2018-04-27,1507.86,1947.61,90472.0,True,3,in_force,0
PH0104727,POL0504727,Barbara,Gonzalez,barbara.gonzalez4727@example.com,MI,77,Home,Broker,2024-06-25,2646.3,2718.73,158778.0,True,1,in_force,0
PH0104728,POL0504728,Linda,Clark,linda.clark4728@example.com,IL,53,Home,Agent,2024-04-18,2996.91,3843.06,179815.0,False,1,in_force,0
PH0104729,POL0504729,Jennifer,Wilson,jennifer.wilson4729@example.com,MA,66,Auto,Agent,2023-08-18,1397.96,1441.94,83878.0,True,3,in_force,0
PH0104730,POL0504730,Elizabeth,Johnson,elizabeth.johnson4730@example.com,NC,41,Life,Agent,2016-06-30,3520.35,3555.55,528052.0,True,2,in_force,0
PH0104731,POL0504731,Christopher,Brown,christopher.brown4731@example.com,MI,46,Auto,Direct,2022-05-24,1223.47,1579.17,73408.0,True,3,in_force,0
PH0104732,POL0504732,Richard,Harris,richard.harris4732@example.com,MA,34,Life,Broker,2023-11-04,941.81,983.28,141272.0,True,2,in_force,1
PH0104733,POL0504733,James,Robinson,james.robinson4733@example.com,MI,34,Umbrella,Broker,2020-01-19,1606.62,1609.96,96397.0,False,1,in_force,0
PH0104734,POL0504734,Christopher,Rodriguez,christopher.rodriguez4734@example.com,VA,40,Auto,Agent,2017-11-28,3251.14,3284.03,195068.0,True,3,in_force,0
PH0104735,POL0504735,Susan,Brown,susan.brown4735@example.com,AZ,47,Auto,Agent,2023-03-19,722.56,735.09,43354.0,True,1,in_force,1
PH0104736,POL0504736,Robert,Harris,robert.harris4736@example.com,NY,67,Auto,Broker,2017-01-04,3452.13,3460.82,207128.0,False,1,in_force,1
PH0104737,POL0504737,Nancy,Thomas,nancy.thomas4737@example.com,PA,64,Umbrella,Direct,2023-09-14,1016.88,1038.38,61013.0,True,1,in_force,0
PH0104738,POL0504738,Jessica,Lopez,jessica.lopez4738@example.com,FL,46,Home,Agent,2016-05-26,866.08,885.86,51965.0,True,3,in_force,0
PH0104739,POL0504739,Karen,Smith,karen.smith4739@example.com,CA,55,Auto,Broker,2019-11-26,2539.14,2651.51,152348.0,True,2,in_force,0
PH0104740,POL0504740,Christopher,Robinson,christopher.robinson4740@example.com,CA,37,Home,Direct,2017-03-26,1737.46,1809.89,104248.0,True,1,in_force,1
PH0104741,POL0504741,Karen,Garcia,karen.garcia4741@example.com,OH,69,Home,Broker,2016-02-18,2321.11,2427.8,139267.0,False,3,in_force,1
PH0104742,POL0504742,Anthony,Clark,anthony.clark4742@example.com,CA,66,Home,Direct,2018-10-12,2982.58,3075.49,178955.0,False,1,in_force,1
PH0104743,POL0504743,Matthew,White,matthew.white4743@example.com,AZ,63,Home,Direct,2017-03-01,2706.04,3210.53,162362.0,False,1,in_force,0
PH0104744,POL0504744,John,Johnson,john.johnson4744@example.com,MI,35,Auto,Broker,2019-09-02,1039.13,1084.34,62348.0,True,1,in_force,0
PH0104745,POL0504745,Robert,Johnson,robert.johnson4745@example.com,AZ,62,Auto,Direct,2022-02-25,742.06,758.33,44524.0,True,3,in_force,0
PH0104746,POL0504746,Elizabeth,Moore,elizabeth.moore4746@example.com,IL,41,Umbrella,Agent,2024-08-21,3808.6,4697.53,228516.0,True,1,in_force,0
PH0104747,POL0504747,Linda,Thomas,linda.thomas4747@example.com,AZ,29,Home,Agent,2020-06-28,1817.33,1878.7,109040.0,True,2,in_force,0
PH0104748,POL0504748,Mark,Garcia,mark.garcia4748@example.com,MI,62,Auto,Direct,2017-02-24,766.03,785.22,45962.0,False,1,in_force,0
PH0104749,POL0504749,Barbara,Gonzalez,barbara.gonzalez4749@example.com,FL,73,Umbrella,Direct,2023-05-03,2990.9,3018.06,179454.0,True,2,in_force,0
PH0104750,POL0504750,David,Lopez,david.lopez4750@example.com,NC,76,Auto,Direct,2018-09-02,3489.15,3500.95,209349.0,False,1,in_force,1
PH0104751,POL0504751,Karen,Lee,karen.lee4751@example.com,MA,39,Life,Agent,2023-03-13,1445.17,1926.37,216776.0,True,3,in_force,0
PH0104752,POL0504752,James,Martin,james.martin4752@example.com,NJ,64,Auto,Agent,2022-10-14,2157.58,2257.77,129455.0,False,1,in_force,1
PH0104753,POL0504753,Barbara,Jones,barbara.jones4753@example.com,PA,50,Home,Direct,2018-04-13,1512.84,1900.36,90770.0,False,3,in_force,1
PH0104754,POL0504754,Nancy,Sanchez,nancy.sanchez4754@example.com,PA,77,Home,Agent,2023-11-19,3765.19,3910.87,225911.0,False,2,in_force,1
PH0104755,POL0504755,Susan,Martinez,susan.martinez4755@example.com,WA,56,Home,Agent,2016-09-22,1107.23,1130.68,66434.0,False,1,in_force,0
PH0104756,POL0504756,Mark,Gonzalez,mark.gonzalez4756@example.com,NC,65,Home,Agent,2021-07-14,2116.48,2130.51,126989.0,True,3,in_force,1
PH0104757,POL0504757,Michael,Thomas,michael.thomas4757@example.com,OH,73,Home,Agent,2021-03-04,2793.71,2820.81,167623.0,True,3,in_force,0
PH0104758,POL0504758,William,Johnson,william.johnson4758@example.com,NY,68,Auto,Direct,2021-07-11,2092.67,2158.26,125560.0,True,2,in_force,0
PH0104759,POL0504759,Robert,Wilson,robert.wilson4759@example.com,NC,75,Life,Broker,2021-07-31,2844.51,3222.73,426677.0,True,1,in_force,0
PH0104760,POL0504760,Patricia,Smith,patricia.smith4760@example.com,OH,41,Auto,Agent,2016-07-08,2223.97,2280.65,133438.0,True,3,in_force,0
PH0104761,POL0504761,Barbara,Clark,barbara.clark4761@example.com,MA,58,Auto,Agent,2017-04-17,1033.38,1078.72,62003.0,False,2,in_force,0
PH0104762,POL0504762,Mark,Thompson,mark.thompson4762@example.com,NC,55,Auto,Direct,2019-02-19,1438.94,1463.03,86336.0,True,1,in_force,0
PH0104763,POL0504763,Betty,Jones,betty.jones4763@example.com,TX,38,Life,Direct,2018-09-28,2544.88,2644.93,381732.0,True,3,in_force,0
PH0104764,POL0504764,Elizabeth,Harris,elizabeth.harris4764@example.com,PA,61,Home,Broker,2023-08-24,856.4,889.29,51384.0,False,2,in_force,1
PH0104765,POL0504765,Thomas,Williams,thomas.williams4765@example.com,CA,59,Auto,Agent,2016-01-04,998.9,1326.92,59934.0,True,1,in_force,0
PH0104766,POL0504766,Margaret,Taylor,margaret.taylor4766@example.com,OH,60,Life,Direct,2018-07-17,2584.94,2595.11,387741.0,True,1,in_force,0
PH0104767,POL0504767,Sarah,Lopez,sarah.lopez4767@example.com,AZ,57,Auto,Direct,2021-05-26,1186.0,1244.61,71160.0,False,1,in_force,0
PH0104768,POL0504768,Christopher,Ramirez,christopher.ramirez4768@example.com,IL,66,Home,Direct,2021-02-11,1977.54,2071.14,118652.0,False,2,in_force,0
PH0104769,POL0504769,Matthew,Martin,matthew.martin4769@example.com,NC,30,Auto,Broker,2016-06-18,2796.69,2927.24,167801.0,False,2,in_force,0
PH0104770,POL0504770,Sarah,Martinez,sarah.martinez4770@example.com,MI,38,Auto,Direct,2019-10-26,2367.66,2369.73,142060.0,True,1,in_force,0
PH0104771,POL0504771,Barbara,Clark,barbara.clark4771@example.com,NJ,30,Umbrella,Direct,2018-01-05,2994.02,3062.11,179641.0,True,1,in_force,0
PH0104772,POL0504772,Margaret,Robinson,margaret.robinson4772@example.com,WA,43,Auto,Agent,2019-12-06,3392.01,3471.68,203521.0,True,2,in_force,0
PH0104773,POL0504773,Matthew,Garcia,matthew.garcia4773@example.com,NY,75,Life,Agent,2023-11-14,1433.01,1454.65,214952.0,True,3,in_force,0
PH0104774,POL0504774,Sarah,Robinson,sarah.robinson4774@example.com,NY,60,Home,Agent,2023-04-13,1457.83,1636.65,87470.0,True,3,in_force,1
PH0104775,POL0504775,Elizabeth,Anderson,elizabeth.anderson4775@example.com,NC,52,Auto,Direct,2016-03-08,1792.68,1814.26,107561.0,True,1,in_force,0
PH0104776,POL0504776,Lisa,Harris,lisa.harris4776@example.com,NJ,58,Umbrella,Agent,2023-04-08,1016.31,1315.09,60979.0,True,1,in_force,1
PH0104777,POL0504777,William,Jones,william.jones4777@example.com,CA,60,Auto,Direct,2018-03-02,3774.24,4662.24,226454.0,False,3,in_force,0
PH0104778,POL0504778,Thomas,Lopez,thomas.lopez4778@example.com,NJ,71,Home,Agent,2016-07-26,1028.56,1030.7,61714.0,False,1,in_force,0
PH0104779,POL0504779,William,Jones,william.jones4779@example.com,MA,63,Life,Direct,2016-01-11,2774.97,2895.38,416245.0,True,2,in_force,0
PH0104780,POL0504780,Margaret,Harris,margaret.harris4780@example.com,PA,37,Auto,Agent,2017-08-18,1634.52,1709.81,98071.0,True,2,in_force,0
PH0104781,POL0504781,Mark,Clark,mark.clark4781@example.com,CA,69,Life,Direct,2023-08-14,1177.95,1214.52,176692.0,True,1,in_force,0
PH0104782,POL0504782,David,Taylor,david.taylor4782@example.com,OH,73,Auto,Direct,2024-06-16,3002.79,3126.6,180167.0,False,1,in_force,0
PH0104783,POL0504783,Linda,Miller,linda.miller4783@example.com,OH,48,Auto,Agent,2020-03-09,1893.62,1959.37,113617.0,True,2,in_force,0
PH0104784,POL0504784,Christopher,Jackson,christopher.jackson4784@example.com,NY,69,Life,Broker,2016-09-10,3529.78,3642.56,529467.0,True,3,in_force,0
PH0104785,POL0504785,Jennifer,White,jennifer.white4785@example.com,NY,46,Life,Direct,2022-03-24,989.45,1001.93,148418.0,True,3,in_force,0
PH0104786,POL0504786,Jessica,Perez,jessica.perez4786@example.com,AZ,55,Auto,Agent,2024-02-10,853.96,858.59,51238.0,True,3,in_force,1
PH0104787,POL0504787,Jennifer,Jackson,jennifer.jackson4787@example.com,MI,57,Umbrella,Broker,2020-12-10,3642.51,3790.76,218551.0,False,1,in_force,1
PH0104788,POL0504788,David,Thomas,david.thomas4788@example.com,NY,60,Life,Agent,2019-04-24,3426.78,3501.1,514017.0,True,1,in_force,0
PH0104789,POL0504789,John,Jones,john.jones4789@example.com,GA,28,Home,Direct,2023-07-22,1579.14,1613.14,94748.0,True,2,in_force,1
PH0104790,POL0504790,Daniel,Jackson,daniel.jackson4790@example.com,WA,40,Home,Agent,2024-05-20,1573.32,1599.54,94399.0,False,1,in_force,1
PH0104791,POL0504791,James,Anderson,james.anderson4791@example.com,VA,33,Life,Direct,2016-07-26,3234.03,3324.75,485105.0,True,2,in_force,1
PH0104792,POL0504792,Karen,Garcia,karen.garcia4792@example.com,MA,29,Life,Direct,2017-08-06,1342.77,1668.08,201416.0,True,3,in_force,1
PH0104793,POL0504793,Linda,Johnson,linda.johnson4793@example.com,FL,73,Auto,Agent,2024-02-27,1315.3,1315.74,78918.0,True,2,in_force,1
PH0104794,POL0504794,Barbara,Ramirez,barbara.ramirez4794@example.com,TX,58,Auto,Direct,2017-08-04,2359.4,2377.94,141564.0,True,2,in_force,0
PH0104795,POL0504795,John,Taylor,john.taylor4795@example.com,MA,31,Auto,Agent,2023-03-13,2467.44,2520.21,148046.0,True,1,in_force,0
PH0104796,POL0504796,Mary,Wilson,mary.wilson4796@example.com,PA,33,Auto,Direct,2021-02-12,2592.73,2595.42,155564.0,True,3,in_force,0
PH0104797,POL0504797,Elizabeth,Garcia,elizabeth.garcia4797@example.com,PA,38,Auto,Agent,2022-02-14,2344.29,2395.34,140657.0,True,2,in_force,0
PH0104798,POL0504798,Linda,Clark,linda.clark4798@example.com,MA,46,Umbrella,Agent,2021-01-13,873.0,1121.36,52380.0,True,3,in_force,1
PH0104799,POL0504799,Daniel,Smith,daniel.smith4799@example.com,WA,35,Auto,Agent,2024-07-08,2123.21,2729.36,127393.0,True,2,in_force,1
PH0104800,POL0504800,Barbara,Robinson,barbara.robinson4800@example.com,PA,50,Auto,Agent,2019-11-06,1252.96,1515.0,75178.0,True,1,in_force,0
PH0104801,POL0504801,Anthony,Moore,anthony.moore4801@example.com,MA,38,Umbrella,Agent,2017-12-23,2929.48,3021.77,175769.0,True,1,in_force,0
PH0104802,POL0504802,Nancy,Thompson,nancy.thompson4802@example.com,NC,29,Auto,Agent,2020-05-19,816.44,922.59,48986.0,True,1,in_force,0
PH0104803,POL0504803,Charles,Clark,charles.clark4803@example.com,OH,42,Life,Direct,2020-09-15,949.53,1187.24,142430.0,True,2,in_force,0
PH0104804,POL0504804,Betty,Martin,betty.martin4804@example.com,WA,33,Umbrella,Agent,2021-09-01,1690.39,1755.68,101423.0,True,2,in_force,0
PH0104805,POL0504805,Matthew,Sanchez,matthew.sanchez4805@example.com,OH,34,Home,Direct,2023-08-24,1676.3,1686.72,100578.0,True,1,in_force,0
PH0104806,POL0504806,David,Taylor,david.taylor4806@example.com,OH,58,Home,Agent,2020-12-06,2295.11,2377.49,137707.0,True,2,in_force,0
PH0104807,POL0504807,Susan,Garcia,susan.garcia4807@example.com,NC,69,Auto,Direct,2023-10-04,2395.13,2429.86,143708.0,True,1,in_force,1
PH0104808,POL0504808,Joseph,Rodriguez,joseph.rodriguez4808@example.com,FL,75,Umbrella,Direct,2024-02-24,1192.53,1219.27,71552.0,True,3,in_force,0
PH0104809,POL0504809,Betty,Williams,betty.williams4809@example.com,TX,44,Auto,Agent,2016-04-08,780.46,892.47,46828.0,True,3,in_force,0
PH0104810,POL0504810,Lisa,Smith,lisa.smith4810@example.com,AZ,47,Auto,Direct,2016-03-05,2507.99,3027.27,150479.0,True,1,in_force,0
PH0104811,POL0504811,Robert,Smith,robert.smith4811@example.com,MI,33,Home,Direct,2024-08-13,2624.79,2674.59,157487.0,False,3,in_force,1
PH0104812,POL0504812,Linda,Lee,linda.lee4812@example.com,GA,65,Home,Direct,2018-03-12,2677.51,2741.99,160651.0,True,1,in_force,0
PH0104813,POL0504813,Robert,Thomas,robert.thomas4813@example.com,CA,55,Umbrella,Agent,2024-07-15,2882.59,2986.93,172955.0,False,1,in_force,0
PH0104814,POL0504814,Lisa,Rodriguez,lisa.rodriguez4814@example.com,CA,28,Auto,Direct,2020-12-30,3790.48,3867.16,227429.0,False,2,in_force,1
PH0104815,POL0504815,Sandra,Harris,sandra.harris4815@example.com,GA,35,Umbrella,Direct,2016-01-18,1246.3,1506.96,74778.0,False,1,in_force,1
PH0104816,POL0504816,David,Lee,david.lee4816@example.com,WA,53,Auto,Agent,2020-08-08,3746.65,3826.01,224799.0,True,1,in_force,0
PH0104817,POL0504817,Charles,Rodriguez,charles.rodriguez4817@example.com,NC,59,Umbrella,Broker,2016-09-05,689.6,711.74,41376.0,False,3,in_force,1
PH0104818,POL0504818,Jessica,Gonzalez,jessica.gonzalez4818@example.com,NJ,64,Home,Direct,2021-04-18,3086.54,3198.61,185192.0,True,2,in_force,0
PH0104819,POL0504819,Susan,Clark,susan.clark4819@example.com,PA,29,Home,Direct,2018-10-22,2282.27,2310.26,136936.0,True,3,in_force,0
PH0104820,POL0504820,Mark,Rodriguez,mark.rodriguez4820@example.com,WA,41,Auto,Broker,2021-06-06,2663.53,2755.53,159812.0,True,3,in_force,0
PH0104821,POL0504821,Sarah,Jackson,sarah.jackson4821@example.com,WA,51,Auto,Agent,2021-06-13,1664.96,2191.37,99898.0,True,2,in_force,1
PH0104822,POL0504822,William,Perez,william.perez4822@example.com,VA,37,Umbrella,Direct,2017-08-30,1037.18,1083.61,62231.0,True,2,in_force,0
PH0104823,POL0504823,Sarah,Harris,sarah.harris4823@example.com,NC,47,Auto,Agent,2020-10-27,2831.02,3189.83,169861.0,False,3,in_force,0
PH0104824,POL0504824,Anthony,Miller,anthony.miller4824@example.com,GA,72,Home,Agent,2018-12-17,1158.07,1159.88,69484.0,True,1,in_force,1
PH0104825,POL0504825,Thomas,Davis,thomas.davis4825@example.com,GA,64,Auto,Direct,2022-07-18,2712.2,2807.8,162732.0,True,1,in_force,0
PH0104826,POL0504826,Mary,Williams,mary.williams4826@example.com,NJ,57,Home,Broker,2020-08-02,3076.71,3184.5,184603.0,True,1,in_force,0
PH0104827,POL0504827,Matthew,White,matthew.white4827@example.com,NY,51,Home,Direct,2022-11-02,2982.02,3046.9,178921.0,True,3,in_force,0
PH0104828,POL0504828,William,Rodriguez,william.rodriguez4828@example.com,AZ,38,Auto,Agent,2019-12-19,3507.22,3589.6,210433.0,False,1,in_force,0
PH0104829,POL0504829,Christopher,Thomas,christopher.thomas4829@example.com,WA,53,Life,Broker,2020-12-27,1810.43,1842.2,271564.0,True,3,in_force,0
PH0104830,POL0504830,Sandra,Perez,sandra.perez4830@example.com,TX,71,Home,Agent,2024-09-01,3347.05,3391.73,200823.0,False,1,in_force,1
PH0104831,POL0504831,Mark,Taylor,mark.taylor4831@example.com,PA,74,Life,Agent,2018-08-12,866.69,866.73,130004.0,True,1,in_force,0
PH0104832,POL0504832,Anthony,Brown,anthony.brown4832@example.com,CA,52,Home,Broker,2019-12-06,2066.72,2129.72,124003.0,True,2,in_force,0
PH0104833,POL0504833,Barbara,Taylor,barbara.taylor4833@example.com,NC,50,Auto,Direct,2018-09-14,1957.49,2213.94,117449.0,True,2,in_force,1
PH0104834,POL0504834,Daniel,Martin,daniel.martin4834@example.com,NY,75,Home,Agent,2024-09-13,894.12,918.32,53647.0,True,1,in_force,0
PH0104835,POL0504835,Susan,White,susan.white4835@example.com,NC,67,Auto,Direct,2020-08-19,2683.78,3115.36,161027.0,True,1,in_force,0
PH0104836,POL0504836,Robert,Thomas,robert.thomas4836@example.com,VA,64,Umbrella,Direct,2017-01-23,3358.79,3497.36,201527.0,True,1,in_force,0
PH0104837,POL0504837,Karen,Martinez,karen.martinez4837@example.com,CA,47,Home,Broker,2021-06-10,3531.32,3617.93,211879.0,False,1,in_force,0
PH0104838,POL0504838,Karen,Davis,karen.davis4838@example.com,GA,63,Home,Agent,2020-03-20,1397.07,1425.52,83824.0,True,3,in_force,0
PH0104839,POL0504839,Christopher,Williams,christopher.williams4839@example.com,NC,50,Auto,Broker,2021-12-25,2869.73,2897.36,172184.0,False,3,in_force,1
PH0104840,POL0504840,Daniel,Anderson,daniel.anderson4840@example.com,MI,54,Auto,Direct,2023-01-02,1670.83,1719.82,100250.0,True,1,in_force,0
PH0104841,POL0504841,John,Jones,john.jones4841@example.com,VA,34,Auto,Agent,2021-01-17,1085.27,1221.3,65116.0,False,3,in_force,1
PH0104842,POL0504842,Joseph,Perez,joseph.perez4842@example.com,NY,56,Home,Direct,2016-06-14,663.37,671.12,39802.0,True,3,in_force,0
PH0104843,POL0504843,Mark,Harris,mark.harris4843@example.com,NC,37,Auto,Direct,2019-09-30,3520.54,3657.27,211232.0,True,2,in_force,0
PH0104844,POL0504844,Jennifer,Lopez,jennifer.lopez4844@example.com,IL,62,Auto,Direct,2022-02-20,684.54,698.16,41072.0,False,1,in_force,1
PH0104845,POL0504845,Linda,Smith,linda.smith4845@example.com,IL,51,Umbrella,Broker,2024-04-24,2280.65,2301.66,136839.0,True,2,in_force,1
PH0104846,POL0504846,William,Sanchez,william.sanchez4846@example.com,TX,45,Home,Agent,2024-05-25,2352.89,2396.19,141173.0,True,2,in_force,1
PH0104847,POL0504847,Robert,Miller,robert.miller4847@example.com,OH,29,Life,Direct,2022-06-14,3385.94,4349.59,507891.0,True,1,in_force,0
PH0104848,POL0504848,David,Jackson,david.jackson4848@example.com,VA,40,Home,Direct,2017-12-26,784.65,879.64,47079.0,True,2,in_force,0
PH0104849,POL0504849,Sandra,Robinson,sandra.robinson4849@example.com,TX,76,Umbrella,Direct,2019-05-10,2485.9,2583.74,149154.0,False,2,in_force,0
PH0104850,POL0504850,Jessica,Wilson,jessica.wilson4850@example.com,TX,43,Home,Direct,2020-09-07,1021.5,1196.21,61290.0,True,1,in_force,1
PH0104851,POL0504851,Charles,Lee,charles.lee4851@example.com,IL,52,Auto,Agent,2021-05-19,2759.47,3627.99,165568.0,False,1,in_force,1
PH0104852,POL0504852,Sandra,Martinez,sandra.martinez4852@example.com,GA,65,Auto,Direct,2020-02-10,976.88,981.45,58613.0,True,1,in_force,1
PH0104853,POL0504853,Joseph,Robinson,joseph.robinson4853@example.com,AZ,58,Auto,Agent,2018-09-05,2733.38,3147.59,164003.0,True,1,in_force,0
PH0104854,POL0504854,Joseph,Davis,joseph.davis4854@example.com,NY,76,Auto,Broker,2018-05-09,2375.43,2481.04,142526.0,True,2,in_force,0
PH0104855,POL0504855,Matthew,Thomas,matthew.thomas4855@example.com,VA,55,Umbrella,Agent,2022-08-30,3550.36,3588.8,213022.0,False,1,in_force,1
PH0104856,POL0504856,Daniel,Thomas,daniel.thomas4856@example.com,FL,48,Home,Agent,2023-08-18,2430.6,2514.01,145836.0,True,2,in_force,0
PH0104857,POL0504857,Richard,Taylor,richard.taylor4857@example.com,NY,68,Home,Agent,2021-04-11,3275.82,3754.92,196549.0,True,3,in_force,1
PH0104858,POL0504858,Mary,Robinson,mary.robinson4858@example.com,NJ,64,Auto,Direct,2016-12-05,2114.96,2213.77,126898.0,True,2,in_force,0
PH0104859,POL0504859,Nancy,Garcia,nancy.garcia4859@example.com,NC,39,Auto,Agent,2017-10-08,1811.49,1901.37,108689.0,False,3,in_force,0
PH0104860,POL0504860,Richard,Ramirez,richard.ramirez4860@example.com,PA,39,Auto,Agent,2023-09-05,2152.47,2190.82,129148.0,True,3,in_force,1
PH0104861,POL0504861,Michael,Davis,michael.davis4861@example.com,GA,69,Auto,Broker,2021-04-01,3554.85,3628.22,213291.0,True,3,in_force,0
PH0104862,POL0504862,Barbara,Lewis,barbara.lewis4862@example.com,TX,32,Home,Agent,2021-09-16,3689.06,3852.24,221344.0,True,1,in_force,0
PH0104863,POL0504863,James,Thomas,james.thomas4863@example.com,PA,43,Auto,Agent,2018-06-27,3837.9,4027.42,230274.0,False,1,in_force,0
PH0104864,POL0504864,Anthony,Brown,anthony.brown4864@example.com,IL,67,Umbrella,Direct,2019-10-06,3125.41,3837.9,187525.0,True,3,in_force,0
PH0104865,POL0504865,Mary,Brown,mary.brown4865@example.com,AZ,75,Home,Direct,2020-02-07,1256.76,1607.43,75406.0,False,2,in_force,1
PH0104866,POL0504866,James,Jackson,james.jackson4866@example.com,OH,65,Auto,Broker,2016-11-22,2323.53,2338.96,139412.0,True,2,in_force,0
PH0104867,POL0504867,James,Thompson,james.thompson4867@example.com,FL,52,Auto,Direct,2020-10-12,1264.56,1306.03,75874.0,False,3,in_force,1
PH0104868,POL0504868,Robert,Taylor,robert.taylor4868@example.com,VA,77,Auto,Broker,2019-02-20,3370.32,4149.4,202219.0,True,1,in_force,0
PH0104869,POL0504869,Susan,Thomas,susan.thomas4869@example.com,NJ,54,Umbrella,Agent,2017-09-15,2676.76,2722.59,160606.0,True,3,in_force,1
PH0104870,POL0504870,Karen,Robinson,karen.robinson4870@example.com,TX,50,Auto,Direct,2018-08-18,2115.82,2156.43,126949.0,True,2,in_force,0
PH0104871,POL0504871,Elizabeth,Wilson,elizabeth.wilson4871@example.com,IL,53,Auto,Agent,2020-04-28,3329.1,3367.01,199746.0,True,3,in_force,0
PH0104872,POL0504872,William,Gonzalez,william.gonzalez4872@example.com,IL,61,Home,Direct,2021-10-22,2592.03,3062.91,155522.0,True,3,in_force,1
PH0104873,POL0504873,Mary,Gonzalez,mary.gonzalez4873@example.com,FL,56,Life,Agent,2020-08-26,1519.62,1551.66,227943.0,True,3,in_force,1
PH0104874,POL0504874,Daniel,Martin,daniel.martin4874@example.com,NY,29,Home,Broker,2020-09-06,2334.19,2390.86,140051.0,False,3,in_force,1
PH0104875,POL0504875,Joseph,Davis,joseph.davis4875@example.com,PA,72,Home,Agent,2018-11-22,2796.93,2853.66,167816.0,False,1,in_force,0
PH0104876,POL0504876,Mary,Miller,mary.miller4876@example.com,NC,56,Home,Direct,2016-01-14,2296.97,2368.01,137818.0,False,3,in_force,0
PH0104877,POL0504877,Jessica,Clark,jessica.clark4877@example.com,NJ,47,Auto,Agent,2017-11-06,3056.65,3193.08,183399.0,True,3,in_force,0
PH0104878,POL0504878,Jessica,Robinson,jessica.robinson4878@example.com,OH,64,Umbrella,Agent,2018-07-18,2530.21,2534.46,151813.0,True,3,in_force,0
PH0104879,POL0504879,Thomas,Martin,thomas.martin4879@example.com,AZ,58,Auto,Agent,2022-09-17,1224.22,1283.28,73453.0,True,2,in_force,0
PH0104880,POL0504880,Linda,Thomas,linda.thomas4880@example.com,PA,54,Home,Direct,2020-05-22,3508.07,3525.74,210484.0,False,1,in_force,0
PH0104881,POL0504881,John,Moore,john.moore4881@example.com,AZ,67,Auto,Agent,2024-08-08,2419.78,2475.78,145187.0,True,2,in_force,0
PH0104882,POL0504882,Margaret,Johnson,margaret.johnson4882@example.com,TX,41,Home,Direct,2020-02-28,2913.19,2939.0,174791.0,True,2,in_force,0
PH0104883,POL0504883,Sarah,Anderson,sarah.anderson4883@example.com,PA,77,Auto,Agent,2023-06-10,1618.94,1644.6,97136.0,False,2,in_force,0
PH0104884,POL0504884,Charles,Davis,charles.davis4884@example.com,VA,35,Home,Broker,2024-02-13,3505.76,3516.74,210346.0,True,3,in_force,0
PH0104885,POL0504885,Margaret,Robinson,margaret.robinson4885@example.com,GA,49,Auto,Broker,2021-11-10,1055.23,1079.22,63314.0,True,2,in_force,0
PH0104886,POL0504886,Joseph,Thomas,joseph.thomas4886@example.com,TX,74,Auto,Broker,2023-07-14,1258.7,1297.55,75522.0,False,2,in_force,0
PH0104887,POL0504887,Sandra,Smith,sandra.smith4887@example.com,OH,33,Auto,Direct,2017-11-22,2406.25,2511.21,144375.0,True,3,in_force,0
PH0104888,POL0504888,Joseph,Sanchez,joseph.sanchez4888@example.com,VA,31,Home,Agent,2016-03-11,3448.74,4520.59,206924.0,False,1,in_force,1
PH0104889,POL0504889,Betty,Lee,betty.lee4889@example.com,MI,57,Umbrella,Agent,2021-02-20,3118.9,3235.39,187134.0,True,3,in_force,0
PH0104890,POL0504890,Susan,Perez,susan.perez4890@example.com,MI,62,Life,Direct,2022-10-21,1330.9,1341.86,199635.0,True,1,in_force,0
PH0104891,POL0504891,Elizabeth,Jones,elizabeth.jones4891@example.com,MA,72,Life,Direct,2023-11-14,2399.45,2998.72,359918.0,True,2,in_force,1
PH0104892,POL0504892,Matthew,Harris,matthew.harris4892@example.com,WA,68,Home,Agent,2016-03-29,1054.42,1068.02,63265.0,True,3,in_force,0
PH0104893,POL0504893,Mary,Thompson,mary.thompson4893@example.com,NC,43,Home,Direct,2020-08-21,3821.53,3959.67,229292.0,True,2,in_force,0
PH0104894,POL0504894,Robert,Clark,robert.clark4894@example.com,NJ,48,Auto,Agent,2020-01-05,1566.67,1938.33,94000.0,False,3,in_force,0
PH0104895,POL0504895,Mary,White,mary.white4895@example.com,OH,68,Life,Direct,2016-03-25,3815.5,3818.1,572325.0,False,2,in_force,0
PH0104896,POL0504896,Jessica,Jones,jessica.jones4896@example.com,OH,49,Home,Agent,2024-02-16,3278.39,3376.27,196703.0,True,2,in_force,1
PH0104897,POL0504897,Barbara,Williams,barbara.williams4897@example.com,MA,37,Umbrella,Direct,2022-06-10,3695.21,3744.17,221713.0,True,1,in_force,1
PH0104898,POL0504898,Margaret,Perez,margaret.perez4898@example.com,NY,77,Home,Broker,2018-09-13,1424.35,1612.65,85461.0,True,2,in_force,0
PH0104899,POL0504899,Patricia,Moore,patricia.moore4899@example.com,PA,53,Life,Agent,2021-11-18,3120.32,3183.94,468048.0,False,3,in_force,0
PH0104900,POL0504900,Elizabeth,Jackson,elizabeth.jackson4900@example.com,GA,49,Home,Agent,2020-10-25,1033.36,1052.11,62002.0,True,3,in_force,0
PH0104901,POL0504901,Margaret,Sanchez,margaret.sanchez4901@example.com,CA,67,Life,Direct,2017-01-26,1556.35,1575.47,233452.0,True,2,in_force,0
PH0104902,POL0504902,Christopher,Thompson,christopher.thompson4902@example.com,OH,54,Auto,Direct,2020-02-11,3337.18,3454.31,200231.0,True,2,in_force,1
PH0104903,POL0504903,Lisa,Hernandez,lisa.hernandez4903@example.com,FL,30,Auto,Broker,2016-01-21,910.76,930.45,54646.0,True,2,in_force,0
PH0104904,POL0504904,David,Sanchez,david.sanchez4904@example.com,FL,70,Auto,Agent,2019-11-16,2364.05,2393.06,141843.0,True,3,in_force,0
PH0104905,POL0504905,Daniel,Clark,daniel.clark4905@example.com,GA,62,Home,Agent,2023-10-18,3507.9,3584.72,210474.0,False,2,in_force,1
PH0104906,POL0504906,William,Martinez,william.martinez4906@example.com,CA,36,Auto,Direct,2018-07-24,1338.31,1358.62,80299.0,True,2,in_force,0
PH0104907,POL0504907,Mark,Thompson,mark.thompson4907@example.com,PA,35,Auto,Agent,2017-09-27,3682.75,3769.02,220965.0,True,1,in_force,0
PH0104908,POL0504908,Jessica,Johnson,jessica.johnson4908@example.com,WA,59,Home,Direct,2018-11-08,2784.67,3408.2,167080.0,True,2,in_force,0
PH0104909,POL0504909,Barbara,Garcia,barbara.garcia4909@example.com,NC,61,Auto,Agent,2017-06-16,3823.61,3950.97,229417.0,True,1,in_force,0
PH0104910,POL0504910,Margaret,Clark,margaret.clark4910@example.com,VA,32,Umbrella,Broker,2024-02-23,817.82,834.12,49069.0,False,3,in_force,1
PH0104911,POL0504911,Barbara,Williams,barbara.williams4911@example.com,VA,43,Auto,Agent,2023-03-27,3666.81,3677.78,220009.0,True,3,in_force,1
PH0104912,POL0504912,Joseph,Anderson,joseph.anderson4912@example.com,FL,35,Umbrella,Direct,2020-11-22,3176.43,3178.15,190586.0,False,2,in_force,0
PH0104913,POL0504913,Robert,Anderson,robert.anderson4913@example.com,NC,32,Home,Direct,2019-08-25,2029.33,2046.06,121760.0,True,2,in_force,0
PH0104914,POL0504914,Matthew,Martinez,matthew.martinez4914@example.com,WA,65,Auto,Direct,2016-11-05,2714.94,2825.92,162896.0,True,2,in_force,0
PH0104915,POL0504915,John,Perez,john.perez4915@example.com,AZ,54,Life,Direct,2016-01-26,3267.78,3325.52,490167.0,True,3,in_force,0
PH0104916,POL0504916,Matthew,Harris,matthew.harris4916@example.com,NC,45,Umbrella,Broker,2017-06-03,1188.91,1503.84,71335.0,False,2,in_force,0
PH0104917,POL0504917,John,Williams,john.williams4917@example.com,NJ,75,Auto,Broker,2024-05-17,3203.11,3317.99,192187.0,False,1,in_force,1
PH0104918,POL0504918,Robert,Robinson,robert.robinson4918@example.com,VA,28,Home,Broker,2021-07-12,1739.8,1770.48,104388.0,True,1,in_force,0
PH0104919,POL0504919,Karen,Gonzalez,karen.gonzalez4919@example.com,MI,36,Auto,Direct,2021-06-12,2691.05,2816.73,161463.0,True,3,in_force,0
PH0104920,POL0504920,Jennifer,Thomas,jennifer.thomas4920@example.com,OH,44,Life,Direct,2020-03-18,3180.45,3278.54,477068.0,True,2,in_force,0
PH0104921,POL0504921,Joseph,Martin,joseph.martin4921@example.com,MA,54,Umbrella,Broker,2016-02-05,2364.89,2388.27,141893.0,False,2,in_force,1
PH0104922,POL0504922,Jessica,Jones,jessica.jones4922@example.com,MA,44,Home,Direct,2021-06-24,3444.94,3533.97,206696.0,True,1,in_force,0
PH0104923,POL0504923,Richard,Harris,richard.harris4923@example.com,CA,52,Auto,Agent,2020-10-11,2597.29,2671.36,155837.0,True,1,in_force,0
PH0104924,POL0504924,Matthew,Jones,matthew.jones4924@example.com,MI,41,Life,Direct,2024-05-08,1755.86,1822.46,263379.0,True,2,in_force,0
PH0104925,POL0504925,James,Hernandez,james.hernandez4925@example.com,MA,30,Life,Direct,2020-11-01,3445.9,3612.73,516885.0,True,1,in_force,0
PH0104926,POL0504926,Daniel,Jones,daniel.jones4926@example.com,MA,34,Umbrella,Agent,2016-04-19,2798.44,2870.43,167906.0,False,3,in_force,0
PH0104927,POL0504927,Mary,Sanchez,mary.sanchez4927@example.com,FL,66,Home,Agent,2022-12-17,1357.46,1383.25,81448.0,True,2,in_force,0
PH0104928,POL0504928,Susan,Robinson,susan.robinson4928@example.com,NJ,49,Life,Agent,2023-05-21,652.23,668.61,97834.0,True,2,in_force,0
PH0104929,POL0504929,Linda,Miller,linda.miller4929@example.com,NC,48,Home,Broker,2018-10-07,2844.52,2919.66,170671.0,True,3,in_force,0
PH0104930,POL0504930,Matthew,Davis,matthew.davis4930@example.com,WA,75,Home,Broker,2021-11-28,3723.07,3744.79,223384.0,False,3,in_force,0
PH0104931,POL0504931,Linda,Ramirez,linda.ramirez4931@example.com,VA,60,Auto,Broker,2016-10-03,986.09,1233.82,59165.0,True,3,in_force,0
PH0104932,POL0504932,Daniel,Rodriguez,daniel.rodriguez4932@example.com,NC,37,Life,Agent,2017-08-06,881.49,911.3,132224.0,False,3,in_force,0
PH0104933,POL0504933,Jessica,Hernandez,jessica.hernandez4933@example.com,GA,73,Umbrella,Direct,2021-05-22,2791.91,2802.52,167515.0,False,1,in_force,1
PH0104934,POL0504934,John,Lee,john.lee4934@example.com,WA,52,Home,Agent,2019-08-11,1185.7,1423.59,71142.0,False,2,in_force,0
PH0104935,POL0504935,Elizabeth,Wilson,elizabeth.wilson4935@example.com,NY,53,Auto,Agent,2024-03-10,3180.81,3260.68,190849.0,True,2,in_force,0
PH0104936,POL0504936,William,Johnson,william.johnson4936@example.com,MA,46,Umbrella,Agent,2020-01-14,2666.81,2709.53,160009.0,False,1,in_force,0
PH0104937,POL0504937,Anthony,Lopez,anthony.lopez4937@example.com,NC,45,Home,Agent,2022-12-25,1519.19,1573.13,91151.0,True,2,in_force,0
PH0104938,POL0504938,Patricia,Moore,patricia.moore4938@example.com,FL,63,Auto,Direct,2020-01-21,1667.83,1715.77,100070.0,True,3,in_force,0
PH0104939,POL0504939,Sandra,Miller,sandra.miller4939@example.com,VA,69,Umbrella,Agent,2017-01-09,2181.83,2590.47,130910.0,True,2,in_force,0
PH0104940,POL0504940,Daniel,Davis,daniel.davis4940@example.com,NY,58,Home,Agent,2022-05-08,1443.75,1720.7,86625.0,False,3,in_force,0
PH0104941,POL0504941,Elizabeth,Robinson,elizabeth.robinson4941@example.com,MI,55,Auto,Agent,2022-07-07,2593.73,2595.35,155624.0,True,3,in_force,1
PH0104942,POL0504942,Jessica,Johnson,jessica.johnson4942@example.com,NC,33,Umbrella,Agent,2018-05-19,2306.21,2396.43,138373.0,True,1,in_force,0
PH0104943,POL0504943,Margaret,Martin,margaret.martin4943@example.com,IL,74,Auto,Agent,2018-02-28,1867.28,1918.7,112037.0,True,3,in_force,0
PH0104944,POL0504944,Patricia,Sanchez,patricia.sanchez4944@example.com,MA,40,Umbrella,Broker,2023-03-22,2646.58,2729.87,158795.0,True,1,in_force,1
PH0104945,POL0504945,Mark,Smith,mark.smith4945@example.com,MI,51,Home,Direct,2022-10-12,3424.75,3452.3,205485.0,False,2,in_force,0
PH0104946,POL0504946,Charles,Smith,charles.smith4946@example.com,VA,47,Auto,Direct,2023-09-15,1645.76,1650.07,98746.0,True,1,in_force,0
PH0104947,POL0504947,Richard,Martin,richard.martin4947@example.com,VA,45,Home,Agent,2017-01-11,675.33,697.39,40520.0,True,2,in_force,0
PH0104948,POL0504948,John,Harris,john.harris4948@example.com,MA,74,Life,Direct,2019-05-10,2098.13,2131.64,314720.0,True,1,in_force,0
PH0104949,POL0504949,William,Perez,william.perez4949@example.com,IL,50,Auto,Direct,2018-08-25,3348.27,3442.4,200896.0,False,2,in_force,1
PH0104950,POL0504950,Richard,Jones,richard.jones4950@example.com,IL,34,Auto,Broker,2019-12-09,2081.9,2122.9,124914.0,False,2,in_force,0
PH0104951,POL0504951,Christopher,Robinson,christopher.robinson4951@example.com,VA,43,Umbrella,Direct,2020-01-03,866.75,1094.78,52005.0,True,1,in_force,1
PH0104952,POL0504952,David,Clark,david.clark4952@example.com,VA,72,Umbrella,Direct,2016-10-28,836.7,875.27,50202.0,True,1,in_force,0
PH0104953,POL0504953,Karen,Smith,karen.smith4953@example.com,IL,57,Auto,Broker,2019-04-15,685.86,706.28,41152.0,True,2,in_force,0
PH0104954,POL0504954,Joseph,Miller,joseph.miller4954@example.com,PA,35,Home,Agent,2024-05-07,2076.14,2164.74,124568.0,True,3,in_force,1
PH0104955,POL0504955,Matthew,Miller,matthew.miller4955@example.com,FL,29,Home,Broker,2024-08-12,2217.85,2267.18,133071.0,True,1,in_force,0
PH0104956,POL0504956,Karen,Jackson,karen.jackson4956@example.com,GA,53,Umbrella,Direct,2017-01-04,2062.02,2151.63,123721.0,False,2,in_force,0
PH0104957,POL0504957,Jessica,Robinson,jessica.robinson4957@example.com,VA,72,Auto,Direct,2018-11-12,3275.95,3351.31,196557.0,True,2,in_force,0
PH0104958,POL0504958,Jessica,Garcia,jessica.garcia4958@example.com,WA,75,Life,Agent,2024-01-26,2150.67,2230.83,322600.0,True,1,in_force,1
PH0104959,POL0504959,Elizabeth,Brown,elizabeth.brown4959@example.com,GA,28,Umbrella,Agent,2018-01-19,2731.57,2776.89,163894.0,True,1,in_force,1
PH0104960,POL0504960,Daniel,Harris,daniel.harris4960@example.com,WA,77,Life,Agent,2023-01-25,1981.2,2061.07,297180.0,True,1,in_force,1
PH0104961,POL0504961,Mark,Clark,mark.clark4961@example.com,NY,46,Auto,Direct,2020-07-24,3456.73,3617.63,207404.0,True,1,in_force,0
PH0104962,POL0504962,Anthony,Hernandez,anthony.hernandez4962@example.com,FL,53,Home,Direct,2023-03-07,3108.54,3254.94,186512.0,True,1,in_force,0
PH0104963,POL0504963,Betty,Williams,betty.williams4963@example.com,IL,62,Life,Agent,2023-06-28,2513.69,2514.99,377054.0,False,2,in_force,1
PH0104964,POL0504964,Nancy,Ramirez,nancy.ramirez4964@example.com,CA,63,Auto,Direct,2017-12-31,3501.94,4587.07,210116.0,False,1,in_force,1
PH0104965,POL0504965,Thomas,Lewis,thomas.lewis4965@example.com,WA,37,Home,Agent,2024-01-15,1014.47,1047.95,60868.0,True,3,in_force,1
PH0104966,POL0504966,Robert,Johnson,robert.johnson4966@example.com,IL,54,Auto,Broker,2024-04-06,1788.86,1806.47,107332.0,False,3,in_force,1
PH0104967,POL0504967,John,Hernandez,john.hernandez4967@example.com,GA,58,Auto,Direct,2017-06-25,2996.06,3066.88,179764.0,True,3,in_force,0
PH0104968,POL0504968,Charles,Garcia,charles.garcia4968@example.com,CA,62,Life,Broker,2022-11-07,879.05,914.81,131858.0,True,1,in_force,0
PH0104969,POL0504969,Sandra,Brown,sandra.brown4969@example.com,NJ,60,Auto,Broker,2016-12-12,1624.06,1669.56,97444.0,True,3,in_force,0
PH0104970,POL0504970,Patricia,Miller,patricia.miller4970@example.com,FL,68,Umbrella,Agent,2020-12-05,1467.24,1500.16,88034.0,False,2,in_force,0
PH0104971,POL0504971,Lisa,Perez,lisa.perez4971@example.com,VA,34,Home,Direct,2022-05-20,3284.34,3323.32,197060.0,True,2,in_force,0
PH0104972,POL0504972,Jessica,Taylor,jessica.taylor4972@example.com,IL,64,Auto,Direct,2021-01-18,2976.83,3079.29,178610.0,False,3,in_force,0
PH0104973,POL0504973,Robert,Sanchez,robert.sanchez4973@example.com,MI,33,Life,Broker,2024-01-06,1532.48,1554.19,229872.0,False,1,in_force,0
PH0104974,POL0504974,Susan,Davis,susan.davis4974@example.com,VA,29,Umbrella,Direct,2022-06-16,2946.89,3079.28,176813.0,True,3,in_force,0
PH0104975,POL0504975,Karen,Gonzalez,karen.gonzalez4975@example.com,WA,32,Auto,Direct,2021-10-17,2787.78,2910.18,167267.0,False,2,in_force,0
PH0104976,POL0504976,Jessica,Harris,jessica.harris4976@example.com,MI,51,Umbrella,Direct,2021-05-05,2918.41,3500.08,175105.0,True,1,in_force,0
PH0104977,POL0504977,Matthew,Martin,matthew.martin4977@example.com,PA,60,Auto,Direct,2021-03-27,2251.89,2286.16,135113.0,False,3,in_force,1
PH0104978,POL0504978,Jessica,Harris,jessica.harris4978@example.com,NJ,45,Life,Broker,2021-10-17,1802.14,1891.3,270321.0,False,1,in_force,0
PH0104979,POL0504979,Jessica,Wilson,jessica.wilson4979@example.com,MA,63,Home,Direct,2021-10-25,3555.94,3636.53,213356.0,True,2,in_force,0
PH0104980,POL0504980,Charles,Hernandez,charles.hernandez4980@example.com,MI,37,Home,Direct,2023-03-07,737.43,945.34,44246.0,False,2,in_force,1
PH0104981,POL0504981,Jennifer,Wilson,jennifer.wilson4981@example.com,IL,67,Home,Broker,2022-10-04,2663.13,3567.98,159788.0,False,1,in_force,1
PH0104982,POL0504982,William,Martinez,william.martinez4982@example.com,NY,55,Auto,Agent,2016-06-05,2007.33,2020.13,120440.0,False,2,in_force,0
PH0104983,POL0504983,Jennifer,Lewis,jennifer.lewis4983@example.com,IL,70,Home,Broker,2019-12-15,940.77,964.46,56446.0,True,1,in_force,0
PH0104984,POL0504984,Sarah,Williams,sarah.williams4984@example.com,IL,52,Auto,Broker,2022-01-26,2933.71,3033.74,176023.0,False,2,in_force,1
PH0104985,POL0504985,Mary,Martinez,mary.martinez4985@example.com,FL,29,Life,Broker,2021-11-16,1053.77,1286.42,158066.0,False,3,in_force,1
PH0104986,POL0504986,Robert,Anderson,robert.anderson4986@example.com,MA,76,Life,Direct,2023-09-04,2937.72,3055.88,440658.0,False,2,in_force,0
PH0104987,POL0504987,Jessica,Martin,jessica.martin4987@example.com,NY,39,Auto,Agent,2021-08-04,2870.04,2957.1,172202.0,False,1,in_force,0
PH0104988,POL0504988,Margaret,Sanchez,margaret.sanchez4988@example.com,NY,36,Auto,Direct,2022-03-14,973.95,1006.04,58437.0,False,3,in_force,0
PH0104989,POL0504989,Margaret,Wilson,margaret.wilson4989@example.com,CA,74,Home,Agent,2023-09-28,842.46,1027.62,50548.0,False,1,in_force,1
PH0104990,POL0504990,Michael,Williams,michael.williams4990@example.com,MI,33,Auto,Direct,2023-03-10,831.35,837.32,49881.0,True,2,in_force,0
PH0104991,POL0504991,Jennifer,Harris,jennifer.harris4991@example.com,AZ,75,Auto,Agent,2023-12-22,1450.39,1521.33,87023.0,True,3,in_force,0
PH0104992,POL0504992,Nancy,Thompson,nancy.thompson4992@example.com,MI,38,Home,Direct,2024-09-21,3389.53,3512.47,203372.0,False,2,in_force,1
PH0104993,POL0504993,David,Johnson,david.johnson4993@example.com,VA,61,Auto,Agent,2024-02-15,1739.97,1810.73,104398.0,True,2,in_force,0
PH0104994,POL0504994,Patricia,White,patricia.white4994@example.com,NJ,42,Umbrella,Agent,2022-03-06,2268.52,2625.17,136111.0,True,1,in_force,0
PH0104995,POL0504995,Elizabeth,Johnson,elizabeth.johnson4995@example.com,NC,73,Umbrella,Direct,2024-01-16,3751.28,3825.97,225077.0,False,1,in_force,0
PH0104996,POL0504996,Daniel,Brown,daniel.brown4996@example.com,AZ,74,Umbrella,Agent,2017-02-15,1754.29,1788.52,105257.0,True,1,in_force,0
PH0104997,POL0504997,Susan,Garcia,susan.garcia4997@example.com,PA,70,Life,Agent,2020-02-16,2384.9,2413.02,357735.0,False,1,in_force,0
PH0104998,POL0504998,James,Harris,james.harris4998@example.com,NJ,77,Home,Direct,2023-03-25,1725.04,1734.92,103502.0,True,1,in_force,0
PH0104999,POL0504999,Elizabeth,Ramirez,elizabeth.ramirez4999@example.com,MI,69,Auto,Agent,2024-03-24,2498.47,2578.15,149908.0,True,1,in_force,1
PH0105000,POL0505000,James,Brown,james.brown5000@example.com,FL,49,Umbrella,Agent,2019-01-04,2262.92,2263.49,135775.0,True,1,in_force,0
PH0105001,POL0505001,Barbara,Hernandez,barbara.hernandez5001@example.com,AZ,53,Umbrella,Broker,2024-08-28,3487.99,4276.59,209279.0,True,2,in_force,0
PH0105002,POL0505002,Mary,Jones,mary.jones5002@example.com,TX,39,Home,Direct,2023-09-21,2139.74,2218.67,128384.0,False,1,in_force,1
PH0105003,POL0505003,Robert,Taylor,robert.taylor5003@example.com,VA,41,Auto,Broker,2016-02-01,3674.22,3838.64,220453.0,True,1,in_force,0
PH0105004,POL0505004,Jessica,Brown,jessica.brown5004@example.com,VA,39,Auto,Agent,2016-04-14,740.52,848.78,44431.0,True,3,in_force,0
PH0105005,POL0505005,Karen,Clark,karen.clark5005@example.com,NY,35,Auto,Agent,2022-01-11,3142.49,3207.43,188549.0,False,2,in_force,0
PH0105006,POL0505006,Barbara,Sanchez,barbara.sanchez5006@example.com,NY,51,Umbrella,Agent,2019-07-29,1660.63,1660.93,99638.0,False,1,in_force,0
PH0105007,POL0505007,Joseph,Sanchez,joseph.sanchez5007@example.com,WA,37,Umbrella,Direct,2023-05-02,1813.26,2343.74,108796.0,True,2,in_force,0
PH0105008,POL0505008,David,Moore,david.moore5008@example.com,IL,50,Home,Broker,2021-11-08,2453.17,3147.39,147190.0,True,3,in_force,0
PH0105009,POL0505009,Mary,Johnson,mary.johnson5009@example.com,CA,77,Auto,Agent,2022-08-17,3685.53,3748.78,221132.0,False,2,in_force,0
PH0105010,POL0505010,Joseph,Anderson,joseph.anderson5010@example.com,NC,77,Umbrella,Agent,2023-12-08,780.7,985.3,46842.0,True,2,in_force,1
PH0105011,POL0505011,Sarah,Davis,sarah.davis5011@example.com,AZ,62,Home,Agent,2021-02-11,1984.17,2013.77,119050.0,True,1,in_force,0
PH0105012,POL0505012,William,Clark,william.clark5012@example.com,TX,59,Home,Direct,2021-01-29,666.78,681.86,40007.0,False,2,in_force,1
PH0105013,POL0505013,William,Jones,william.jones5013@example.com,TX,51,Auto,Agent,2016-11-25,3472.25,3560.95,208335.0,False,2,in_force,0
PH0105014,POL0505014,Sarah,Moore,sarah.moore5014@example.com,TX,39,Home,Direct,2021-06-06,2724.83,2736.69,163490.0,True,1,in_force,0
PH0105015,POL0505015,Charles,Smith,charles.smith5015@example.com,NJ,50,Home,Broker,2023-06-03,1950.54,1951.74,117032.0,True,1,in_force,0
PH0105016,POL0505016,Joseph,Perez,joseph.perez5016@example.com,MA,64,Umbrella,Agent,2023-09-13,2091.17,2099.43,125470.0,True,2,in_force,0
PH0105017,POL0505017,Barbara,Smith,barbara.smith5017@example.com,MI,56,Home,Direct,2016-12-04,3634.13,4844.09,218048.0,True,2,in_force,0
PH0105018,POL0505018,David,Lee,david.lee5018@example.com,MI,62,Home,Direct,2017-12-20,1436.2,1500.36,86172.0,True,2,in_force,0
PH0105019,POL0505019,Robert,Wilson,robert.wilson5019@example.com,OH,30,Auto,Direct,2019-01-15,2031.71,2121.18,121903.0,True,2,in_force,0
PH0105020,POL0505020,James,Miller,james.miller5020@example.com,NY,31,Life,Direct,2022-10-24,3711.46,3823.25,556719.0,False,3,in_force,0
PH0105021,POL0505021,John,Thompson,john.thompson5021@example.com,MA,66,Umbrella,Agent,2019-06-07,2029.43,2096.06,121766.0,True,3,in_force,0
PH0105022,POL0505022,Barbara,Garcia,barbara.garcia5022@example.com,WA,66,Life,Broker,2021-12-29,2773.52,2900.57,416028.0,True,1,in_force,0
PH0105023,POL0505023,Betty,Lewis,betty.lewis5023@example.com,MA,53,Auto,Agent,2022-11-30,2081.41,2457.62,124885.0,False,1,in_force,1
PH0105024,POL0505024,David,Wilson,david.wilson5024@example.com,MI,65,Life,Broker,2020-08-27,1225.07,1255.59,183760.0,False,3,in_force,1
PH0105025,POL0505025,Richard,Lopez,richard.lopez5025@example.com,GA,73,Life,Agent,2020-10-10,891.24,919.22,133686.0,True,2,in_force,0
PH0105026,POL0505026,Robert,Hernandez,robert.hernandez5026@example.com,MI,32,Umbrella,Direct,2024-06-04,3350.85,3458.96,201051.0,False,1,in_force,0
PH0105027,POL0505027,Mark,Johnson,mark.johnson5027@example.com,TX,38,Home,Direct,2016-11-29,3655.24,3732.18,219314.0,False,2,in_force,0
PH0105028,POL0505028,Mark,Robinson,mark.robinson5028@example.com,FL,65,Auto,Broker,2019-03-08,1490.48,1845.13,89429.0,True,1,in_force,1
PH0105029,POL0505029,Patricia,Clark,patricia.clark5029@example.com,AZ,37,Auto,Direct,2016-08-21,3215.07,3274.4,192904.0,True,1,in_force,0
PH0105030,POL0505030,Robert,Martinez,robert.martinez5030@example.com,NY,41,Home,Broker,2022-02-20,1184.69,1200.58,71081.0,True,3,in_force,0
PH0105031,POL0505031,Karen,Perez,karen.perez5031@example.com,TX,51,Home,Agent,2016-04-23,2457.43,2525.26,147446.0,False,2,in_force,0
PH0105032,POL0505032,Matthew,Robinson,matthew.robinson5032@example.com,CA,70,Auto,Direct,2024-02-09,2533.76,2594.72,152026.0,True,1,in_force,1
PH0105033,POL0505033,Lisa,Moore,lisa.moore5033@example.com,CA,55,Auto,Broker,2017-03-24,3460.63,3612.57,207638.0,True,3,in_force,0
PH0105034,POL0505034,Joseph,Gonzalez,joseph.gonzalez5034@example.com,MA,40,Auto,Direct,2024-08-12,2582.56,2624.72,154954.0,True,1,in_force,0
PH0105035,POL0505035,William,Jones,william.jones5035@example.com,NJ,47,Auto,Broker,2019-03-20,2841.19,2902.48,170471.0,True,2,in_force,0
PH0105036,POL0505036,Nancy,Williams,nancy.williams5036@example.com,NJ,48,Umbrella,Broker,2019-10-04,1453.44,1837.3,87206.0,True,2,in_force,0
PH0105037,POL0505037,David,Hernandez,david.hernandez5037@example.com,MI,72,Home,Direct,2022-02-12,2184.46,2276.78,131068.0,True,1,in_force,0
PH0105038,POL0505038,Christopher,Lee,christopher.lee5038@example.com,FL,76,Home,Direct,2024-08-30,677.26,685.16,40636.0,True,1,in_force,1
PH0105039,POL0505039,Elizabeth,Hernandez,elizabeth.hernandez5039@example.com,NY,30,Home,Agent,2018-11-19,879.82,897.6,52789.0,True,2,in_force,0
PH0105040,POL0505040,Patricia,Lopez,patricia.lopez5040@example.com,NJ,30,Umbrella,Direct,2016-09-12,755.48,769.32,45329.0,True,1,in_force,0
PH0105041,POL0505041,Patricia,Lopez,patricia.lopez5041@example.com,NC,64,Umbrella,Broker,2017-10-04,3577.67,3717.76,214660.0,False,1,in_force,0
PH0105042,POL0505042,Thomas,Smith,thomas.smith5042@example.com,PA,72,Auto,Agent,2016-12-21,930.76,967.78,55846.0,False,2,in_force,1
PH0105043,POL0505043,Matthew,Thompson,matthew.thompson5043@example.com,IL,50,Home,Agent,2017-04-19,674.25,686.2,40455.0,True,3,in_force,0
PH0105044,POL0505044,Susan,Williams,susan.williams5044@example.com,TX,55,Home,Direct,2024-09-22,3315.46,3407.23,198928.0,False,3,in_force,0
PH0105045,POL0505045,Susan,Wilson,susan.wilson5045@example.com,GA,41,Home,Direct,2022-08-04,1168.05,1203.35,70083.0,True,3,in_force,0
PH0105046,POL0505046,Sandra,Miller,sandra.miller5046@example.com,NY,51,Auto,Agent,2023-01-19,3533.99,3708.52,212039.0,True,1,in_force,0
PH0105047,POL0505047,Susan,Garcia,susan.garcia5047@example.com,IL,67,Home,Direct,2021-10-05,1169.97,1177.33,70198.0,False,3,in_force,0
PH0105048,POL0505048,Jessica,Hernandez,jessica.hernandez5048@example.com,NY,77,Life,Direct,2023-03-21,2680.48,2802.77,402072.0,False,2,in_force,0
PH0105049,POL0505049,Sarah,Martin,sarah.martin5049@example.com,GA,36,Auto,Direct,2018-04-14,1908.48,2485.64,114509.0,True,3,in_force,0
PH0105050,POL0505050,Betty,Clark,betty.clark5050@example.com,NY,67,Home,Direct,2023-08-08,790.38,896.24,47423.0,True,1,in_force,0
PH0105051,POL0505051,Joseph,Martin,joseph.martin5051@example.com,FL,28,Home,Direct,2017-03-07,667.85,679.58,40071.0,True,3,in_force,0
PH0105052,POL0505052,John,Johnson,john.johnson5052@example.com,GA,72,Life,Direct,2023-01-04,1723.54,1771.51,258531.0,True,2,in_force,0
PH0105053,POL0505053,Nancy,Perez,nancy.perez5053@example.com,WA,71,Auto,Direct,2023-05-26,1106.62,1117.17,66397.0,False,2,in_force,1
PH0105054,POL0505054,Thomas,Robinson,thomas.robinson5054@example.com,NJ,76,Auto,Agent,2024-06-18,1239.41,1251.68,74365.0,True,3,in_force,0
PH0105055,POL0505055,Daniel,Sanchez,daniel.sanchez5055@example.com,PA,52,Umbrella,Broker,2021-04-21,2739.04,2821.85,164342.0,True,1,in_force,1
PH0105056,POL0505056,Patricia,Gonzalez,patricia.gonzalez5056@example.com,WA,62,Auto,Direct,2017-10-18,3083.31,3222.14,184999.0,True,3,in_force,0
PH0105057,POL0505057,John,Brown,john.brown5057@example.com,TX,59,Auto,Agent,2024-05-23,2702.62,3609.91,162157.0,False,3,in_force,1
PH0105058,POL0505058,Anthony,Davis,anthony.davis5058@example.com,AZ,36,Umbrella,Agent,2018-06-13,1480.25,1501.35,88815.0,True,3,in_force,0
PH0105059,POL0505059,Anthony,Smith,anthony.smith5059@example.com,FL,32,Auto,Broker,2019-03-28,2913.46,3487.34,174808.0,True,1,in_force,0
PH0105060,POL0505060,Karen,Martinez,karen.martinez5060@example.com,IL,52,Home,Direct,2021-11-30,2875.98,2942.61,172559.0,True,1,in_force,0
PH0105061,POL0505061,Jessica,Williams,jessica.williams5061@example.com,WA,50,Home,Agent,2020-05-17,3424.39,3441.73,205463.0,False,1,in_force,0
PH0105062,POL0505062,Jessica,Lee,jessica.lee5062@example.com,CA,67,Home,Agent,2019-09-04,3285.86,3430.49,197152.0,True,2,in_force,0
PH0105063,POL0505063,Lisa,Johnson,lisa.johnson5063@example.com,NC,29,Auto,Direct,2016-02-26,912.1,957.0,54726.0,False,2,in_force,0
PH0105064,POL0505064,John,Hernandez,john.hernandez5064@example.com,NY,34,Auto,Direct,2019-05-07,2781.7,2890.59,166902.0,True,1,in_force,1
PH0105065,POL0505065,Mark,Johnson,mark.johnson5065@example.com,NC,66,Home,Agent,2021-05-12,2076.82,2163.77,124609.0,True,2,in_force,0
PH0105066,POL0505066,Karen,Lopez,karen.lopez5066@example.com,MA,49,Life,Broker,2023-03-22,3715.98,3804.88,557397.0,False,1,in_force,0
PH0105067,POL0505067,Lisa,Brown,lisa.brown5067@example.com,NY,34,Life,Broker,2020-07-07,1792.68,1871.47,268902.0,True,3,in_force,1
PH0105068,POL0505068,John,Lopez,john.lopez5068@example.com,GA,71,Home,Agent,2024-07-27,1202.65,1262.51,72159.0,True,2,in_force,0
PH0105069,POL0505069,Jessica,Moore,jessica.moore5069@example.com,PA,72,Auto,Broker,2021-10-29,3195.12,4157.68,191707.0,True,2,in_force,0
PH0105070,POL0505070,Margaret,Smith,margaret.smith5070@example.com,MI,32,Auto,Agent,2021-11-27,2476.25,2593.54,148575.0,False,3,in_force,1
PH0105071,POL0505071,Sarah,Thompson,sarah.thompson5071@example.com,FL,58,Auto,Broker,2023-10-10,3707.49,3810.75,222449.0,False,3,in_force,1
PH0105072,POL0505072,Susan,Anderson,susan.anderson5072@example.com,CA,34,Umbrella,Broker,2020-12-12,2459.97,2545.51,147598.0,True,3,in_force,0
PH0105073,POL0505073,Sandra,Thompson,sandra.thompson5073@example.com,AZ,63,Life,Direct,2023-08-26,1729.22,1814.86,259383.0,True,2,in_force,1
PH0105074,POL0505074,Betty,Lewis,betty.lewis5074@example.com,OH,71,Home,Direct,2019-12-29,2024.8,2027.53,121488.0,False,3,in_force,1
PH0105075,POL0505075,Barbara,Robinson,barbara.robinson5075@example.com,TX,28,Home,Agent,2020-09-07,1432.79,1480.72,85967.0,False,1,in_force,0
PH0105076,POL0505076,Barbara,Gonzalez,barbara.gonzalez5076@example.com,NJ,62,Home,Agent,2017-01-13,1840.56,1861.8,110434.0,True,1,in_force,0
PH0105077,POL0505077,Christopher,Anderson,christopher.anderson5077@example.com,PA,58,Umbrella,Direct,2018-08-06,1470.88,1492.07,88253.0,False,3,in_force,1
PH0105078,POL0505078,Michael,Johnson,michael.johnson5078@example.com,NJ,65,Life,Direct,2016-04-23,2177.21,2814.47,326582.0,False,2,in_force,0
PH0105079,POL0505079,Anthony,Martin,anthony.martin5079@example.com,GA,43,Auto,Direct,2020-04-20,2166.28,2180.47,129977.0,True,2,in_force,0
PH0105080,POL0505080,Jennifer,Rodriguez,jennifer.rodriguez5080@example.com,PA,66,Auto,Direct,2017-07-25,1638.44,1650.15,98306.0,False,3,in_force,0
PH0105081,POL0505081,Jessica,Jones,jessica.jones5081@example.com,CA,67,Auto,Broker,2018-10-20,783.53,803.72,47012.0,True,1,in_force,0
PH0105082,POL0505082,Robert,Thomas,robert.thomas5082@example.com,TX,34,Life,Agent,2023-11-09,3198.73,3256.85,479810.0,True,3,in_force,0
PH0105083,POL0505083,Daniel,Rodriguez,daniel.rodriguez5083@example.com,MI,77,Auto,Direct,2016-03-13,3628.44,4737.76,217706.0,False,1,in_force,1
PH0105084,POL0505084,Matthew,Anderson,matthew.anderson5084@example.com,PA,65,Life,Broker,2016-03-04,2505.03,3283.42,375755.0,False,1,in_force,0
PH0105085,POL0505085,John,Jackson,john.jackson5085@example.com,AZ,49,Umbrella,Broker,2020-01-25,3126.74,3266.21,187604.0,False,3,in_force,1
PH0105086,POL0505086,Sandra,Jones,sandra.jones5086@example.com,CA,46,Umbrella,Broker,2021-01-19,1191.04,1457.01,71462.0,False,2,in_force,0
PH0105087,POL0505087,Margaret,Davis,margaret.davis5087@example.com,MI,65,Auto,Broker,2022-02-13,1562.01,1567.83,93721.0,True,1,in_force,0
PH0105088,POL0505088,Nancy,Lee,nancy.lee5088@example.com,MA,67,Umbrella,Agent,2022-07-30,1537.31,1577.78,92239.0,True,2,in_force,0
PH0105089,POL0505089,Karen,Thomas,karen.thomas5089@example.com,TX,48,Auto,Agent,2019-09-12,1286.7,1342.31,77202.0,True,3,in_force,0
PH0105090,POL0505090,Betty,Thomas,betty.thomas5090@example.com,GA,66,Life,Agent,2020-09-02,840.82,1112.21,126123.0,False,1,in_force,1
PH0105091,POL0505091,Karen,Jackson,karen.jackson5091@example.com,VA,70,Auto,Direct,2020-04-05,3771.15,3958.89,226269.0,True,3,in_force,0
PH0105092,POL0505092,Thomas,Taylor,thomas.taylor5092@example.com,NJ,51,Life,Agent,2022-01-12,3688.13,3728.16,553220.0,True,2,in_force,0
PH0105093,POL0505093,David,Robinson,david.robinson5093@example.com,NC,72,Home,Agent,2018-11-06,1242.23,1273.48,74534.0,True,2,in_force,0
PH0105094,POL0505094,William,Lopez,william.lopez5094@example.com,VA,40,Home,Direct,2023-02-09,2820.61,2908.03,169237.0,True,3,in_force,1
PH0105095,POL0505095,Richard,Wilson,richard.wilson5095@example.com,NC,73,Auto,Direct,2019-03-19,2099.47,2126.47,125968.0,False,2,in_force,1
PH0105096,POL0505096,Thomas,Lewis,thomas.lewis5096@example.com,NJ,43,Home,Broker,2020-04-11,3299.68,3451.44,197981.0,True,2,in_force,1
PH0105097,POL0505097,Matthew,Sanchez,matthew.sanchez5097@example.com,OH,56,Home,Agent,2022-04-22,2700.43,2767.55,162026.0,True,3,in_force,0
PH0105098,POL0505098,Lisa,Rodriguez,lisa.rodriguez5098@example.com,IL,50,Umbrella,Broker,2016-12-05,1230.9,1244.73,73854.0,True,1,in_force,0
PH0105099,POL0505099,Elizabeth,Hernandez,elizabeth.hernandez5099@example.com,AZ,38,Umbrella,Agent,2019-11-29,2695.24,3579.56,161714.0,False,3,in_force,0
PH0105100,POL0505100,Nancy,Thompson,nancy.thompson5100@example.com,NJ,69,Auto,Direct,2018-10-19,2367.41,2400.68,142045.0,True,1,in_force,0
PH0105101,POL0505101,Matthew,Martinez,matthew.martinez5101@example.com,IL,38,Auto,Broker,2019-11-09,725.45,742.98,43527.0,False,3,in_force,0
PH0105102,POL0505102,Sandra,Davis,sandra.davis5102@example.com,OH,34,Life,Direct,2016-11-01,3626.74,3688.17,544011.0,False,3,in_force,1
PH0105103,POL0505103,Mary,Martinez,mary.martinez5103@example.com,GA,49,Home,Direct,2021-10-03,2748.47,2753.27,164908.0,False,3,in_force,0
PH0105104,POL0505104,Betty,Davis,betty.davis5104@example.com,PA,66,Umbrella,Broker,2021-07-07,1802.69,1877.94,108161.0,True,2,in_force,0
PH0105105,POL0505105,Mary,Lee,mary.lee5105@example.com,NJ,55,Life,Agent,2017-04-09,1968.14,2003.33,295221.0,False,3,in_force,1
PH0105106,POL0505106,Matthew,Miller,matthew.miller5106@example.com,AZ,48,Home,Broker,2017-07-29,1196.47,1219.24,71788.0,True,1,in_force,0
PH0105107,POL0505107,David,Jackson,david.jackson5107@example.com,GA,65,Auto,Agent,2016-12-29,3216.15,3240.77,192969.0,True,1,in_force,0
PH0105108,POL0505108,Michael,Jones,michael.jones5108@example.com,MI,54,Umbrella,Direct,2017-05-27,896.27,1158.68,53776.0,False,3,in_force,1
PH0105109,POL0505109,Anthony,Jones,anthony.jones5109@example.com,TX,36,Umbrella,Agent,2023-03-07,2465.2,2565.63,147912.0,True,3,in_force,0
PH0105110,POL0505110,Susan,Taylor,susan.taylor5110@example.com,AZ,32,Auto,Agent,2022-02-21,1158.44,1180.92,69506.0,True,3,in_force,0
PH0105111,POL0505111,Elizabeth,Hernandez,elizabeth.hernandez5111@example.com,WA,62,Home,Direct,2020-03-25,1555.76,1624.38,93346.0,True,3,in_force,0
PH0105112,POL0505112,Barbara,Davis,barbara.davis5112@example.com,IL,30,Auto,Direct,2016-05-25,1564.81,1595.71,93889.0,False,3,in_force,0
PH0105113,POL0505113,David,Williams,david.williams5113@example.com,CA,71,Auto,Broker,2016-11-27,2431.48,2818.48,145889.0,False,3,in_force,1
PH0105114,POL0505114,Patricia,Sanchez,patricia.sanchez5114@example.com,VA,49,Umbrella,Direct,2024-01-20,1510.88,1533.87,90653.0,True,3,in_force,0
PH0105115,POL0505115,Jessica,Sanchez,jessica.sanchez5115@example.com,AZ,53,Home,Direct,2016-05-12,2669.59,2796.76,160175.0,False,3,in_force,0
PH0105116,POL0505116,Thomas,Lopez,thomas.lopez5116@example.com,CA,33,Umbrella,Agent,2016-03-26,1693.76,1717.23,101626.0,True,2,in_force,0
PH0105117,POL0505117,Betty,Martin,betty.martin5117@example.com,NC,45,Home,Direct,2022-05-01,1103.07,1474.91,66184.0,False,2,in_force,0
PH0105118,POL0505118,Mary,Smith,mary.smith5118@example.com,IL,36,Umbrella,Direct,2023-05-12,3796.44,3920.54,227786.0,True,2,in_force,1
PH0105119,POL0505119,Lisa,Anderson,lisa.anderson5119@example.com,MI,74,Auto,Direct,2021-08-29,2781.29,2839.17,166877.0,True,3,in_force,0
PH0105120,POL0505120,Anthony,Brown,anthony.brown5120@example.com,FL,30,Home,Agent,2016-07-30,832.3,849.4,49938.0,True,2,in_force,0
PH0105121,POL0505121,Matthew,Hernandez,matthew.hernandez5121@example.com,OH,70,Umbrella,Agent,2021-04-01,2033.08,2444.28,121985.0,True,1,in_force,0
PH0105122,POL0505122,Susan,Lewis,susan.lewis5122@example.com,MA,70,Auto,Agent,2016-03-04,1809.98,1893.12,108599.0,False,1,in_force,0
PH0105123,POL0505123,Linda,Taylor,linda.taylor5123@example.com,NJ,38,Umbrella,Direct,2017-06-08,3018.34,3074.25,181100.0,True,3,in_force,0
PH0105124,POL0505124,Linda,Johnson,linda.johnson5124@example.com,IL,61,Home,Agent,2016-03-19,2538.54,2561.0,152312.0,True,2,in_force,0
PH0105125,POL0505125,Margaret,Gonzalez,margaret.gonzalez5125@example.com,PA,41,Home,Direct,2023-06-30,3777.4,3865.64,226644.0,False,1,in_force,0
PH0105126,POL0505126,Betty,White,betty.white5126@example.com,NC,44,Home,Broker,2019-06-07,722.47,727.63,43348.0,True,3,in_force,1
PH0105127,POL0505127,Mark,Williams,mark.williams5127@example.com,GA,75,Auto,Agent,2024-02-27,3471.17,3521.4,208270.0,False,1,in_force,0
PH0105128,POL0505128,Christopher,Martinez,christopher.martinez5128@example.com,VA,39,Home,Broker,2024-02-07,2643.76,2655.97,158626.0,False,1,in_force,0
PH0105129,POL0505129,John,Jones,john.jones5129@example.com,IL,65,Umbrella,Direct,2016-03-21,3453.02,3947.82,207181.0,True,2,in_force,1
PH0105130,POL0505130,Elizabeth,Miller,elizabeth.miller5130@example.com,FL,61,Home,Agent,2017-03-04,3329.24,3447.82,199754.0,True,1,in_force,1
PH0105131,POL0505131,Karen,Thompson,karen.thompson5131@example.com,TX,67,Auto,Direct,2018-08-31,3570.56,3734.07,214234.0,True,3,in_force,1
PH0105132,POL0505132,Margaret,Harris,margaret.harris5132@example.com,NJ,64,Auto,Direct,2023-08-04,3435.8,3476.72,206148.0,False,3,in_force,0
PH0105133,POL0505133,Elizabeth,Perez,elizabeth.perez5133@example.com,WA,31,Auto,Agent,2019-01-23,791.77,830.25,47506.0,True,2,in_force,0
PH0105134,POL0505134,Michael,Jackson,michael.jackson5134@example.com,NY,50,Auto,Agent,2022-07-23,942.08,988.45,56525.0,True,2,in_force,0
PH0105135,POL0505135,Margaret,Brown,margaret.brown5135@example.com,MI,62,Home,Agent,2018-02-18,1714.35,2293.57,102861.0,True,1,in_force,1
PH0105136,POL0505136,Thomas,Thompson,thomas.thompson5136@example.com,AZ,53,Auto,Direct,2019-02-18,3592.91,4428.04,215575.0,False,1,in_force,1
PH0105137,POL0505137,Anthony,Lee,anthony.lee5137@example.com,AZ,63,Home,Agent,2024-03-26,3225.41,3324.72,193525.0,False,1,in_force,0
PH0105138,POL0505138,Barbara,Gonzalez,barbara.gonzalez5138@example.com,MA,47,Auto,Direct,2017-05-20,3217.94,3365.02,193076.0,True,2,in_force,0
PH0105139,POL0505139,David,Lopez,david.lopez5139@example.com,GA,41,Umbrella,Agent,2023-04-03,1205.82,1555.3,72349.0,False,1,in_force,1
PH0105140,POL0505140,Jessica,Johnson,jessica.johnson5140@example.com,OH,32,Auto,Broker,2016-10-20,677.02,709.66,40621.0,False,3,in_force,0
PH0105141,POL0505141,Richard,Harris,richard.harris5141@example.com,TX,65,Home,Agent,2023-10-26,3766.8,3853.96,226008.0,False,2,in_force,0
PH0105142,POL0505142,Patricia,Wilson,patricia.wilson5142@example.com,TX,37,Auto,Direct,2018-06-17,1013.96,1206.96,60838.0,True,2,in_force,0
PH0105143,POL0505143,Daniel,Hernandez,daniel.hernandez5143@example.com,MI,66,Auto,Direct,2020-07-24,660.7,662.76,39642.0,False,2,in_force,0
PH0105144,POL0505144,David,Martin,david.martin5144@example.com,WA,36,Home,Agent,2023-06-22,925.76,941.43,55546.0,True,3,in_force,0
PH0105145,POL0505145,Nancy,Hernandez,nancy.hernandez5145@example.com,GA,75,Life,Broker,2021-11-02,2379.1,2409.59,356865.0,True,2,in_force,0
PH0105146,POL0505146,Richard,Gonzalez,richard.gonzalez5146@example.com,FL,71,Umbrella,Direct,2017-04-01,1975.99,2262.94,118559.0,True,3,in_force,1
PH0105147,POL0505147,John,Robinson,john.robinson5147@example.com,PA,71,Auto,Agent,2020-06-18,2940.99,3018.85,176459.0,True,3,in_force,0
PH0105148,POL0505148,Barbara,Brown,barbara.brown5148@example.com,MA,54,Home,Broker,2020-11-04,2924.28,3066.48,175457.0,False,2,in_force,1
PH0105149,POL0505149,Barbara,Lewis,barbara.lewis5149@example.com,CA,56,Home,Direct,2021-02-23,2806.32,2901.69,168379.0,True,1,in_force,1
PH0105150,POL0505150,Nancy,Gonzalez,nancy.gonzalez5150@example.com,NY,77,Umbrella,Agent,2018-10-23,2406.35,2949.33,144381.0,True,2,in_force,0
PH0105151,POL0505151,Betty,Lee,betty.lee5151@example.com,MI,32,Auto,Agent,2020-07-12,2662.93,2762.55,159776.0,False,3,in_force,1
PH0105152,POL0505152,Margaret,Anderson,margaret.anderson5152@example.com,CA,75,Life,Direct,2020-08-22,1073.96,1092.1,161094.0,True,1,in_force,0
PH0105153,POL0505153,Thomas,Clark,thomas.clark5153@example.com,OH,45,Home,Agent,2016-03-14,2843.99,2875.57,170639.0,True,1,in_force,0
PH0105154,POL0505154,James,Williams,james.williams5154@example.com,MI,65,Life,Broker,2022-02-26,908.89,911.92,136334.0,False,2,in_force,1
PH0105155,POL0505155,Barbara,Robinson,barbara.robinson5155@example.com,WA,58,Life,Direct,2021-05-13,678.97,703.77,101846.0,True,3,in_force,1
PH0105156,POL0505156,Daniel,Hernandez,daniel.hernandez5156@example.com,NJ,35,Home,Direct,2018-10-23,2432.46,2436.5,145948.0,True,1,in_force,0
PH0105157,POL0505157,Robert,Lee,robert.lee5157@example.com,PA,60,Auto,Direct,2018-08-03,3629.26,3772.71,217756.0,False,1,in_force,0
PH0105158,POL0505158,Mark,Robinson,mark.robinson5158@example.com,NC,39,Auto,Agent,2021-09-04,2006.88,2061.6,120413.0,True,3,in_force,1
PH0105159,POL0505159,John,Martin,john.martin5159@example.com,OH,47,Umbrella,Direct,2022-03-03,820.98,844.45,49259.0,True,1,in_force,1
PH0105160,POL0505160,Linda,Martinez,linda.martinez5160@example.com,VA,57,Auto,Broker,2016-09-20,1597.02,1643.27,95821.0,True,3,in_force,0
PH0105161,POL0505161,Jennifer,Thompson,jennifer.thompson5161@example.com,AZ,47,Auto,Direct,2021-08-21,1936.29,1944.14,116177.0,True,3,in_force,0
PH0105162,POL0505162,Linda,Lewis,linda.lewis5162@example.com,MI,58,Auto,Broker,2016-09-27,1801.18,1837.84,108071.0,False,1,in_force,0
PH0105163,POL0505163,Barbara,Anderson,barbara.anderson5163@example.com,WA,49,Auto,Direct,2018-05-27,2548.98,2626.98,152939.0,True,2,in_force,0
PH0105164,POL0505164,Linda,Anderson,linda.anderson5164@example.com,GA,52,Auto,Direct,2018-03-14,1165.99,1192.74,69959.0,True,2,in_force,0
PH0105165,POL0505165,John,Robinson,john.robinson5165@example.com,CA,37,Umbrella,Direct,2018-10-24,3739.26,3798.77,224356.0,True,2,in_force,1
PH0105166,POL0505166,William,Miller,william.miller5166@example.com,NC,68,Auto,Broker,2019-12-09,2839.47,2948.84,170368.0,False,3,in_force,1
PH0105167,POL0505167,Sarah,Perez,sarah.perez5167@example.com,IL,53,Umbrella,Agent,2017-10-29,1828.6,1890.56,109716.0,True,1,in_force,1
PH0105168,POL0505168,Lisa,Taylor,lisa.taylor5168@example.com,CA,73,Auto,Agent,2017-05-19,1984.7,2236.57,119082.0,True,1,in_force,1
PH0105169,POL0505169,Matthew,Anderson,matthew.anderson5169@example.com,TX,37,Auto,Broker,2023-06-15,3291.1,3418.43,197466.0,True,2,in_force,0
PH0105170,POL0505170,Elizabeth,Anderson,elizabeth.anderson5170@example.com,NY,51,Home,Agent,2021-11-04,1067.46,1112.76,64048.0,True,3,in_force,0
PH0105171,POL0505171,Sandra,Johnson,sandra.johnson5171@example.com,FL,37,Auto,Direct,2021-09-04,3264.64,3294.32,195878.0,True,1,in_force,0
PH0105172,POL0505172,Margaret,Davis,margaret.davis5172@example.com,GA,48,Life,Broker,2017-03-08,2711.37,2743.84,406706.0,True,1,in_force,0
PH0105173,POL0505173,Mary,Garcia,mary.garcia5173@example.com,TX,61,Auto,Agent,2016-10-19,2070.95,2131.49,124257.0,True,1,in_force,0
PH0105174,POL0505174,Sarah,Williams,sarah.williams5174@example.com,MA,66,Umbrella,Broker,2020-04-24,2757.31,2827.25,165439.0,False,3,in_force,0
PH0105175,POL0505175,Anthony,Perez,anthony.perez5175@example.com,PA,65,Home,Direct,2016-04-27,1534.86,1593.21,92092.0,True,2,in_force,0
PH0105176,POL0505176,Susan,Moore,susan.moore5176@example.com,NJ,36,Home,Agent,2020-02-20,1041.26,1090.72,62476.0,False,3,in_force,0
PH0105177,POL0505177,Anthony,Anderson,anthony.anderson5177@example.com,NY,45,Umbrella,Broker,2016-10-24,3775.0,3805.91,226500.0,True,3,in_force,0
PH0105178,POL0505178,Lisa,Taylor,lisa.taylor5178@example.com,WA,56,Home,Agent,2024-06-17,2663.04,2776.06,159782.0,True,1,in_force,1
PH0105179,POL0505179,Christopher,Martin,christopher.martin5179@example.com,AZ,37,Auto,Broker,2024-04-15,2761.97,2889.89,165718.0,True,2,in_force,0
PH0105180,POL0505180,Jennifer,Brown,jennifer.brown5180@example.com,NJ,30,Umbrella,Agent,2016-10-22,2489.04,2587.8,149342.0,False,3,in_force,0
PH0105181,POL0505181,Christopher,Harris,christopher.harris5181@example.com,NY,61,Umbrella,Agent,2021-02-28,2080.57,2121.72,124834.0,True,2,in_force,0
PH0105182,POL0505182,James,Moore,james.moore5182@example.com,WA,73,Home,Agent,2021-04-21,2836.5,2940.69,170190.0,True,2,in_force,1
PH0105183,POL0505183,Jessica,Garcia,jessica.garcia5183@example.com,NC,47,Auto,Broker,2021-04-14,2196.06,2271.62,131764.0,True,1,in_force,1
PH0105184,POL0505184,Barbara,Smith,barbara.smith5184@example.com,NY,69,Life,Direct,2022-06-22,1096.19,1124.58,164428.0,False,3,in_force,1
PH0105185,POL0505185,Karen,Smith,karen.smith5185@example.com,MA,75,Umbrella,Direct,2022-12-20,1388.58,1429.99,83315.0,True,1,in_force,0
PH0105186,POL0505186,Patricia,Smith,patricia.smith5186@example.com,NC,28,Home,Direct,2018-06-15,2714.29,3238.56,162857.0,False,1,in_force,0
PH0105187,POL0505187,Elizabeth,Miller,elizabeth.miller5187@example.com,IL,65,Home,Direct,2018-10-28,1778.76,2255.38,106726.0,True,2,in_force,0
PH0105188,POL0505188,Betty,Taylor,betty.taylor5188@example.com,WA,50,Home,Agent,2022-06-07,3637.44,3711.77,218246.0,False,2,in_force,0
PH0105189,POL0505189,Nancy,Lee,nancy.lee5189@example.com,MA,69,Life,Direct,2017-09-19,1672.34,2218.38,250851.0,False,1,in_force,0
PH0105190,POL0505190,Daniel,White,daniel.white5190@example.com,FL,32,Home,Broker,2023-06-26,1419.64,1482.07,85178.0,True,3,in_force,0
PH0105191,POL0505191,Barbara,Johnson,barbara.johnson5191@example.com,NY,51,Life,Agent,2017-10-07,3246.91,3327.68,487036.0,True,1,in_force,0
PH0105192,POL0505192,Susan,Ramirez,susan.ramirez5192@example.com,MA,38,Home,Broker,2022-11-01,2163.21,2245.91,129793.0,True,2,in_force,1
PH0105193,POL0505193,Matthew,Harris,matthew.harris5193@example.com,CA,68,Home,Direct,2024-09-12,2364.41,2826.61,141865.0,True,3,in_force,1
PH0105194,POL0505194,Daniel,Hernandez,daniel.hernandez5194@example.com,CA,50,Auto,Agent,2019-05-07,1774.52,1817.4,106471.0,False,3,in_force,0
PH0105195,POL0505195,Lisa,Brown,lisa.brown5195@example.com,MI,47,Auto,Agent,2021-04-18,3727.2,3757.92,223632.0,True,1,in_force,0
PH0105196,POL0505196,Sandra,Brown,sandra.brown5196@example.com,NC,32,Life,Broker,2017-02-23,2155.9,2476.88,323385.0,False,3,in_force,0
PH0105197,POL0505197,Karen,Lopez,karen.lopez5197@example.com,VA,50,Life,Broker,2017-09-07,1503.95,1538.79,225592.0,True,1,in_force,0
PH0105198,POL0505198,Karen,Brown,karen.brown5198@example.com,NJ,38,Auto,Broker,2023-06-19,1083.08,1274.32,64985.0,True,1,in_force,0
PH0105199,POL0505199,Patricia,Clark,patricia.clark5199@example.com,FL,49,Auto,Agent,2022-01-03,650.89,868.33,39053.0,True,3,in_force,1
PH0105200,POL0505200,Mark,Thompson,mark.thompson5200@example.com,IL,73,Umbrella,Direct,2018-03-28,1677.43,1755.08,100646.0,True,1,in_force,0
